timestamp,load_name,p_kw,q_kvar
2026-01-01 00:00:00,671,635.25,363.0
2026-01-01 00:00:00,634a,88.0,60.5
2026-01-01 00:00:00,634b,66.0,49.5
2026-01-01 00:00:00,634c,66.0,49.5
2026-01-01 00:00:00,645,93.5,68.75
2026-01-01 00:00:00,646,126.5,72.6
2026-01-01 00:00:00,692,93.5,83.05
2026-01-01 00:00:00,675a,288.09,112.86
2026-01-01 00:00:00,675b,35.53,31.35
2026-01-01 00:00:00,675c,164.285,120.098
2026-01-01 00:00:00,611,93.5,44.0
2026-01-01 00:00:00,652,70.4,47.3
2026-01-01 00:00:00,670a,9.35,5.5
2026-01-01 00:00:00,670b,36.3,20.9
2026-01-01 00:00:00,670c,64.35,37.4
2026-01-01 01:00:00,671,600.6,343.2
2026-01-01 01:00:00,634a,83.2,57.2
2026-01-01 01:00:00,634b,62.4,46.8
2026-01-01 01:00:00,634c,62.4,46.8
2026-01-01 01:00:00,645,88.4,65.0
2026-01-01 01:00:00,646,119.6,68.64
2026-01-01 01:00:00,692,88.4,78.52
2026-01-01 01:00:00,675a,272.376,106.704
2026-01-01 01:00:00,675b,33.592,29.64
2026-01-01 01:00:00,675c,155.324,113.547
2026-01-01 01:00:00,611,88.4,41.6
2026-01-01 01:00:00,652,66.56,44.72
2026-01-01 01:00:00,670a,8.84,5.2
2026-01-01 01:00:00,670b,34.32,19.76
2026-01-01 01:00:00,670c,60.84,35.36
2026-01-01 02:00:00,671,577.5,330.0
2026-01-01 02:00:00,634a,80.0,55.0
2026-01-01 02:00:00,634b,60.0,45.0
2026-01-01 02:00:00,634c,60.0,45.0
2026-01-01 02:00:00,645,85.0,62.5
2026-01-01 02:00:00,646,115.0,66.0
2026-01-01 02:00:00,692,85.0,75.5
2026-01-01 02:00:00,675a,261.9,102.6
2026-01-01 02:00:00,675b,32.3,28.5
2026-01-01 02:00:00,675c,149.35,109.18
2026-01-01 02:00:00,611,85.0,40.0
2026-01-01 02:00:00,652,64.0,43.0
2026-01-01 02:00:00,670a,8.5,5.0
2026-01-01 02:00:00,670b,33.0,19.0
2026-01-01 02:00:00,670c,58.5,34.0
2026-01-01 03:00:00,671,577.5,330.0
2026-01-01 03:00:00,634a,80.0,55.0
2026-01-01 03:00:00,634b,60.0,45.0
2026-01-01 03:00:00,634c,60.0,45.0
2026-01-01 03:00:00,645,85.0,62.5
2026-01-01 03:00:00,646,115.0,66.0
2026-01-01 03:00:00,692,85.0,75.5
2026-01-01 03:00:00,675a,261.9,102.6
2026-01-01 03:00:00,675b,32.3,28.5
2026-01-01 03:00:00,675c,149.35,109.18
2026-01-01 03:00:00,611,85.0,40.0
2026-01-01 03:00:00,652,64.0,43.0
2026-01-01 03:00:00,670a,8.5,5.0
2026-01-01 03:00:00,670b,33.0,19.0
2026-01-01 03:00:00,670c,58.5,34.0
2026-01-01 04:00:00,671,612.15,349.8
2026-01-01 04:00:00,634a,84.8,58.3
2026-01-01 04:00:00,634b,63.6,47.7
2026-01-01 04:00:00,634c,63.6,47.7
2026-01-01 04:00:00,645,90.1,66.25
2026-01-01 04:00:00,646,121.9,69.96
2026-01-01 04:00:00,692,90.1,80.03
2026-01-01 04:00:00,675a,277.614,108.756
2026-01-01 04:00:00,675b,34.238,30.21
2026-01-01 04:00:00,675c,158.311,115.731
2026-01-01 04:00:00,611,90.1,42.4
2026-01-01 04:00:00,652,67.84,45.58
2026-01-01 04:00:00,670a,9.01,5.3
2026-01-01 04:00:00,670b,34.98,20.14
2026-01-01 04:00:00,670c,62.01,36.04
2026-01-01 05:00:00,671,716.1,409.2
2026-01-01 05:00:00,634a,99.2,68.2
2026-01-01 05:00:00,634b,74.4,55.8
2026-01-01 05:00:00,634c,74.4,55.8
2026-01-01 05:00:00,645,105.4,77.5
2026-01-01 05:00:00,646,142.6,81.84
2026-01-01 05:00:00,692,105.4,93.62
2026-01-01 05:00:00,675a,324.756,127.224
2026-01-01 05:00:00,675b,40.052,35.34
2026-01-01 05:00:00,675c,185.194,135.383
2026-01-01 05:00:00,611,105.4,49.6
2026-01-01 05:00:00,652,79.36,53.32
2026-01-01 05:00:00,670a,10.54,6.2
2026-01-01 05:00:00,670b,40.92,23.56
2026-01-01 05:00:00,670c,72.54,42.16
2026-01-01 06:00:00,671,831.6,475.2
2026-01-01 06:00:00,634a,115.2,79.2
2026-01-01 06:00:00,634b,86.4,64.8
2026-01-01 06:00:00,634c,86.4,64.8
2026-01-01 06:00:00,645,122.4,90.0
2026-01-01 06:00:00,646,165.6,95.04
2026-01-01 06:00:00,692,122.4,108.72
2026-01-01 06:00:00,675a,377.136,147.744
2026-01-01 06:00:00,675b,46.512,41.04
2026-01-01 06:00:00,675c,215.064,157.219
2026-01-01 06:00:00,611,122.4,57.6
2026-01-01 06:00:00,652,92.16,61.92
2026-01-01 06:00:00,670a,12.24,7.2
2026-01-01 06:00:00,670b,47.52,27.36
2026-01-01 06:00:00,670c,84.24,48.96
2026-01-01 07:00:00,671,947.1,541.2
2026-01-01 07:00:00,634a,131.2,90.2
2026-01-01 07:00:00,634b,98.4,73.8
2026-01-01 07:00:00,634c,98.4,73.8
2026-01-01 07:00:00,645,139.4,102.5
2026-01-01 07:00:00,646,188.6,108.24
2026-01-01 07:00:00,692,139.4,123.82
2026-01-01 07:00:00,675a,429.516,168.264
2026-01-01 07:00:00,675b,52.972,46.74
2026-01-01 07:00:00,675c,244.934,179.055
2026-01-01 07:00:00,611,139.4,65.6
2026-01-01 07:00:00,652,104.96,70.52
2026-01-01 07:00:00,670a,13.94,8.2
2026-01-01 07:00:00,670b,54.12,31.16
2026-01-01 07:00:00,670c,95.94,55.76
2026-01-01 08:00:00,671,1039.5,594.0
2026-01-01 08:00:00,634a,144.0,99.0
2026-01-01 08:00:00,634b,108.0,81.0
2026-01-01 08:00:00,634c,108.0,81.0
2026-01-01 08:00:00,645,153.0,112.5
2026-01-01 08:00:00,646,207.0,118.8
2026-01-01 08:00:00,692,153.0,135.9
2026-01-01 08:00:00,675a,471.42,184.68
2026-01-01 08:00:00,675b,58.14,51.3
2026-01-01 08:00:00,675c,268.83,196.524
2026-01-01 08:00:00,611,153.0,72.0
2026-01-01 08:00:00,652,115.2,77.4
2026-01-01 08:00:00,670a,15.3,9.0
2026-01-01 08:00:00,670b,59.4,34.2
2026-01-01 08:00:00,670c,105.3,61.2
2026-01-01 09:00:00,671,1108.8,633.6
2026-01-01 09:00:00,634a,153.6,105.6
2026-01-01 09:00:00,634b,115.2,86.4
2026-01-01 09:00:00,634c,115.2,86.4
2026-01-01 09:00:00,645,163.2,120.0
2026-01-01 09:00:00,646,220.8,126.72
2026-01-01 09:00:00,692,163.2,144.96
2026-01-01 09:00:00,675a,502.848,196.992
2026-01-01 09:00:00,675b,62.016,54.72
2026-01-01 09:00:00,675c,286.752,209.626
2026-01-01 09:00:00,611,163.2,76.8
2026-01-01 09:00:00,652,122.88,82.56
2026-01-01 09:00:00,670a,16.32,9.6
2026-01-01 09:00:00,670b,63.36,36.48
2026-01-01 09:00:00,670c,112.32,65.28
2026-01-01 10:00:00,671,1155.0,660.0
2026-01-01 10:00:00,634a,160.0,110.0
2026-01-01 10:00:00,634b,120.0,90.0
2026-01-01 10:00:00,634c,120.0,90.0
2026-01-01 10:00:00,645,170.0,125.0
2026-01-01 10:00:00,646,230.0,132.0
2026-01-01 10:00:00,692,170.0,151.0
2026-01-01 10:00:00,675a,523.8,205.2
2026-01-01 10:00:00,675b,64.6,57.0
2026-01-01 10:00:00,675c,298.7,218.36
2026-01-01 10:00:00,611,170.0,80.0
2026-01-01 10:00:00,652,128.0,86.0
2026-01-01 10:00:00,670a,17.0,10.0
2026-01-01 10:00:00,670b,66.0,38.0
2026-01-01 10:00:00,670c,117.0,68.0
2026-01-01 11:00:00,671,1178.1,673.2
2026-01-01 11:00:00,634a,163.2,112.2
2026-01-01 11:00:00,634b,122.4,91.8
2026-01-01 11:00:00,634c,122.4,91.8
2026-01-01 11:00:00,645,173.4,127.5
2026-01-01 11:00:00,646,234.6,134.64
2026-01-01 11:00:00,692,173.4,154.02
2026-01-01 11:00:00,675a,534.276,209.304
2026-01-01 11:00:00,675b,65.892,58.14
2026-01-01 11:00:00,675c,304.674,222.727
2026-01-01 11:00:00,611,173.4,81.6
2026-01-01 11:00:00,652,130.56,87.72
2026-01-01 11:00:00,670a,17.34,10.2
2026-01-01 11:00:00,670b,67.32,38.76
2026-01-01 11:00:00,670c,119.34,69.36
2026-01-01 12:00:00,671,1155.0,660.0
2026-01-01 12:00:00,634a,160.0,110.0
2026-01-01 12:00:00,634b,120.0,90.0
2026-01-01 12:00:00,634c,120.0,90.0
2026-01-01 12:00:00,645,170.0,125.0
2026-01-01 12:00:00,646,230.0,132.0
2026-01-01 12:00:00,692,170.0,151.0
2026-01-01 12:00:00,675a,523.8,205.2
2026-01-01 12:00:00,675b,64.6,57.0
2026-01-01 12:00:00,675c,298.7,218.36
2026-01-01 12:00:00,611,170.0,80.0
2026-01-01 12:00:00,652,128.0,86.0
2026-01-01 12:00:00,670a,17.0,10.0
2026-01-01 12:00:00,670b,66.0,38.0
2026-01-01 12:00:00,670c,117.0,68.0
2026-01-01 13:00:00,671,1166.55,666.6
2026-01-01 13:00:00,634a,161.6,111.1
2026-01-01 13:00:00,634b,121.2,90.9
2026-01-01 13:00:00,634c,121.2,90.9
2026-01-01 13:00:00,645,171.7,126.25
2026-01-01 13:00:00,646,232.3,133.32
2026-01-01 13:00:00,692,171.7,152.51
2026-01-01 13:00:00,675a,529.038,207.252
2026-01-01 13:00:00,675b,65.246,57.57
2026-01-01 13:00:00,675c,301.687,220.544
2026-01-01 13:00:00,611,171.7,80.8
2026-01-01 13:00:00,652,129.28,86.86
2026-01-01 13:00:00,670a,17.17,10.1
2026-01-01 13:00:00,670b,66.66,38.38
2026-01-01 13:00:00,670c,118.17,68.68
2026-01-01 14:00:00,671,1212.75,693.0
2026-01-01 14:00:00,634a,168.0,115.5
2026-01-01 14:00:00,634b,126.0,94.5
2026-01-01 14:00:00,634c,126.0,94.5
2026-01-01 14:00:00,645,178.5,131.25
2026-01-01 14:00:00,646,241.5,138.6
2026-01-01 14:00:00,692,178.5,158.55
2026-01-01 14:00:00,675a,549.99,215.46
2026-01-01 14:00:00,675b,67.83,59.85
2026-01-01 14:00:00,675c,313.635,229.278
2026-01-01 14:00:00,611,178.5,84.0
2026-01-01 14:00:00,652,134.4,90.3
2026-01-01 14:00:00,670a,17.85,10.5
2026-01-01 14:00:00,670b,69.3,39.9
2026-01-01 14:00:00,670c,122.85,71.4
2026-01-01 15:00:00,671,1270.5,726.0
2026-01-01 15:00:00,634a,176.0,121.0
2026-01-01 15:00:00,634b,132.0,99.0
2026-01-01 15:00:00,634c,132.0,99.0
2026-01-01 15:00:00,645,187.0,137.5
2026-01-01 15:00:00,646,253.0,145.2
2026-01-01 15:00:00,692,187.0,166.1
2026-01-01 15:00:00,675a,576.18,225.72
2026-01-01 15:00:00,675b,71.06,62.7
2026-01-01 15:00:00,675c,328.57,240.196
2026-01-01 15:00:00,611,187.0,88.0
2026-01-01 15:00:00,652,140.8,94.6
2026-01-01 15:00:00,670a,18.7,11.0
2026-01-01 15:00:00,670b,72.6,41.8
2026-01-01 15:00:00,670c,128.7,74.8
2026-01-01 16:00:00,671,1362.9,778.8
2026-01-01 16:00:00,634a,188.8,129.8
2026-01-01 16:00:00,634b,141.6,106.2
2026-01-01 16:00:00,634c,141.6,106.2
2026-01-01 16:00:00,645,200.6,147.5
2026-01-01 16:00:00,646,271.4,155.76
2026-01-01 16:00:00,692,200.6,178.18
2026-01-01 16:00:00,675a,618.084,242.136
2026-01-01 16:00:00,675b,76.228,67.26
2026-01-01 16:00:00,675c,352.466,257.665
2026-01-01 16:00:00,611,200.6,94.4
2026-01-01 16:00:00,652,151.04,101.48
2026-01-01 16:00:00,670a,20.06,11.8
2026-01-01 16:00:00,670b,77.88,44.84
2026-01-01 16:00:00,670c,138.06,80.24
2026-01-01 17:00:00,671,1443.75,825.0
2026-01-01 17:00:00,634a,200.0,137.5
2026-01-01 17:00:00,634b,150.0,112.5
2026-01-01 17:00:00,634c,150.0,112.5
2026-01-01 17:00:00,645,212.5,156.25
2026-01-01 17:00:00,646,287.5,165.0
2026-01-01 17:00:00,692,212.5,188.75
2026-01-01 17:00:00,675a,654.75,256.5
2026-01-01 17:00:00,675b,80.75,71.25
2026-01-01 17:00:00,675c,373.375,272.95
2026-01-01 17:00:00,611,212.5,100.0
2026-01-01 17:00:00,652,160.0,107.5
2026-01-01 17:00:00,670a,21.25,12.5
2026-01-01 17:00:00,670b,82.5,47.5
2026-01-01 17:00:00,670c,146.25,85.0
2026-01-01 18:00:00,671,1501.5,858.0
2026-01-01 18:00:00,634a,208.0,143.0
2026-01-01 18:00:00,634b,156.0,117.0
2026-01-01 18:00:00,634c,156.0,117.0
2026-01-01 18:00:00,645,221.0,162.5
2026-01-01 18:00:00,646,299.0,171.6
2026-01-01 18:00:00,692,221.0,196.3
2026-01-01 18:00:00,675a,680.94,266.76
2026-01-01 18:00:00,675b,83.98,74.1
2026-01-01 18:00:00,675c,388.31,283.868
2026-01-01 18:00:00,611,221.0,104.0
2026-01-01 18:00:00,652,166.4,111.8
2026-01-01 18:00:00,670a,22.1,13.0
2026-01-01 18:00:00,670b,85.8,49.4
2026-01-01 18:00:00,670c,152.1,88.4
2026-01-01 19:00:00,671,1478.4,844.8
2026-01-01 19:00:00,634a,204.8,140.8
2026-01-01 19:00:00,634b,153.6,115.2
2026-01-01 19:00:00,634c,153.6,115.2
2026-01-01 19:00:00,645,217.6,160.0
2026-01-01 19:00:00,646,294.4,168.96
2026-01-01 19:00:00,692,217.6,193.28
2026-01-01 19:00:00,675a,670.464,262.656
2026-01-01 19:00:00,675b,82.688,72.96
2026-01-01 19:00:00,675c,382.336,279.501
2026-01-01 19:00:00,611,217.6,102.4
2026-01-01 19:00:00,652,163.84,110.08
2026-01-01 19:00:00,670a,21.76,12.8
2026-01-01 19:00:00,670b,84.48,48.64
2026-01-01 19:00:00,670c,149.76,87.04
2026-01-01 20:00:00,671,1328.25,759.0
2026-01-01 20:00:00,634a,184.0,126.5
2026-01-01 20:00:00,634b,138.0,103.5
2026-01-01 20:00:00,634c,138.0,103.5
2026-01-01 20:00:00,645,195.5,143.75
2026-01-01 20:00:00,646,264.5,151.8
2026-01-01 20:00:00,692,195.5,173.65
2026-01-01 20:00:00,675a,602.37,235.98
2026-01-01 20:00:00,675b,74.29,65.55
2026-01-01 20:00:00,675c,343.505,251.114
2026-01-01 20:00:00,611,195.5,92.0
2026-01-01 20:00:00,652,147.2,98.9
2026-01-01 20:00:00,670a,19.55,11.5
2026-01-01 20:00:00,670b,75.9,43.7
2026-01-01 20:00:00,670c,134.55,78.2
2026-01-01 21:00:00,671,1097.25,627.0
2026-01-01 21:00:00,634a,152.0,104.5
2026-01-01 21:00:00,634b,114.0,85.5
2026-01-01 21:00:00,634c,114.0,85.5
2026-01-01 21:00:00,645,161.5,118.75
2026-01-01 21:00:00,646,218.5,125.4
2026-01-01 21:00:00,692,161.5,143.45
2026-01-01 21:00:00,675a,497.61,194.94
2026-01-01 21:00:00,675b,61.37,54.15
2026-01-01 21:00:00,675c,283.765,207.442
2026-01-01 21:00:00,611,161.5,76.0
2026-01-01 21:00:00,652,121.6,81.7
2026-01-01 21:00:00,670a,16.15,9.5
2026-01-01 21:00:00,670b,62.7,36.1
2026-01-01 21:00:00,670c,111.15,64.6
2026-01-01 22:00:00,671,866.25,495.0
2026-01-01 22:00:00,634a,120.0,82.5
2026-01-01 22:00:00,634b,90.0,67.5
2026-01-01 22:00:00,634c,90.0,67.5
2026-01-01 22:00:00,645,127.5,93.75
2026-01-01 22:00:00,646,172.5,99.0
2026-01-01 22:00:00,692,127.5,113.25
2026-01-01 22:00:00,675a,392.85,153.9
2026-01-01 22:00:00,675b,48.45,42.75
2026-01-01 22:00:00,675c,224.025,163.77
2026-01-01 22:00:00,611,127.5,60.0
2026-01-01 22:00:00,652,96.0,64.5
2026-01-01 22:00:00,670a,12.75,7.5
2026-01-01 22:00:00,670b,49.5,28.5
2026-01-01 22:00:00,670c,87.75,51.0
2026-01-01 23:00:00,671,750.75,429.0
2026-01-01 23:00:00,634a,104.0,71.5
2026-01-01 23:00:00,634b,78.0,58.5
2026-01-01 23:00:00,634c,78.0,58.5
2026-01-01 23:00:00,645,110.5,81.25
2026-01-01 23:00:00,646,149.5,85.8
2026-01-01 23:00:00,692,110.5,98.15
2026-01-01 23:00:00,675a,340.47,133.38
2026-01-01 23:00:00,675b,41.99,37.05
2026-01-01 23:00:00,675c,194.155,141.934
2026-01-01 23:00:00,611,110.5,52.0
2026-01-01 23:00:00,652,83.2,55.9
2026-01-01 23:00:00,670a,11.05,6.5
2026-01-01 23:00:00,670b,42.9,24.7
2026-01-01 23:00:00,670c,76.05,44.2
