timestamp,pv_kw,pv_kvar,controller_type,q_limit_kvar,v_ref_pu,droop_kvar_per_pu
2022-09-20 00:00:00,0.0,0.0,volt_var,73.5,1.0,350.0
2022-09-20 00:15:00,0.0,0.0,volt_var,73.5,1.0,350.0
2022-09-20 00:30:00,0.0,0.0,volt_var,73.5,1.0,350.0
2022-09-20 00:45:00,0.0,0.0,volt_var,73.5,1.0,350.0
2022-09-20 01:00:00,0.0,0.0,volt_var,73.5,1.0,350.0
2022-09-20 01:15:00,0.0,0.0,volt_var,73.5,1.0,350.0
2022-09-20 01:30:00,0.0,0.0,volt_var,73.5,1.0,350.0
2022-09-20 01:45:00,0.0,0.0,volt_var,73.5,1.0,350.0
2022-09-20 02:00:00,0.0,0.0,volt_var,73.5,1.0,350.0
2022-09-20 02:15:00,0.0,0.0,volt_var,73.5,1.0,350.0
2022-09-20 02:30:00,0.0,0.0,volt_var,73.5,1.0,350.0
2022-09-20 02:45:00,0.0,0.0,volt_var,73.5,1.0,350.0
2022-09-20 03:00:00,0.0,0.0,volt_var,73.5,1.0,350.0
2022-09-20 03:15:00,0.0,0.0,volt_var,73.5,1.0,350.0
2022-09-20 03:30:00,0.0,0.0,volt_var,73.5,1.0,350.0
2022-09-20 03:45:00,0.0,0.0,volt_var,73.5,1.0,350.0
2022-09-20 04:00:00,0.0,0.0,volt_var,73.5,1.0,350.0
2022-09-20 04:15:00,0.0,0.0,volt_var,73.5,1.0,350.0
2022-09-20 04:30:00,0.0,0.0,volt_var,73.5,1.0,350.0
2022-09-20 04:45:00,0.0,0.0,volt_var,73.5,1.0,350.0
2022-09-20 05:00:00,0.0,0.0,volt_var,73.5,1.0,350.0
2022-09-20 05:15:00,0.0,0.0,volt_var,73.5,1.0,350.0
2022-09-20 05:30:00,0.0,0.0,volt_var,73.5,1.0,350.0
2022-09-20 05:45:00,0.0,0.0,volt_var,73.5,1.0,350.0
2022-09-20 06:00:00,0.0,0.0,volt_var,73.5,1.0,350.0
2022-09-20 06:15:00,0.0,0.0,volt_var,73.5,1.0,350.0
2022-09-20 06:30:00,0.0,0.0,volt_var,73.5,1.0,350.0
2022-09-20 06:45:00,0.0,0.0,volt_var,73.5,1.0,350.0
2022-09-20 07:00:00,0.0,0.0,volt_var,73.5,1.0,350.0
2022-09-20 07:15:00,0.0,0.0,volt_var,73.5,1.0,350.0
2022-09-20 07:30:00,0.0,0.0,volt_var,73.5,1.0,350.0
2022-09-20 07:45:00,0.0,0.0,volt_var,73.5,1.0,350.0
2022-09-20 08:00:00,0.0,0.0,volt_var,73.5,1.0,350.0
2022-09-20 08:15:00,1.4914,0.0,volt_var,73.4849,1.0,350.0
2022-09-20 08:30:00,2.1367,0.0,volt_var,73.4689,1.0,350.0
2022-09-20 08:45:00,3.3097,0.0,volt_var,73.4254,1.0,350.0
2022-09-20 09:00:00,4.1484,0.0,volt_var,73.3828,1.0,350.0
2022-09-20 09:15:00,4.6862,0.0,volt_var,73.3505,1.0,350.0
2022-09-20 09:30:00,4.9379,0.0,volt_var,73.3339,1.0,350.0
2022-09-20 09:45:00,6.6317,0.0,volt_var,73.2002,1.0,350.0
2022-09-20 10:00:00,8.0046,0.0,volt_var,73.0628,1.0,350.0
2022-09-20 10:15:00,10.015,0.0,volt_var,72.8145,1.0,350.0
2022-09-20 10:30:00,11.6629,0.0,volt_var,72.5688,1.0,350.0
2022-09-20 10:45:00,15.7867,0.0,volt_var,71.7846,1.0,350.0
2022-09-20 11:00:00,16.7769,0.0,volt_var,71.5597,1.0,350.0
2022-09-20 11:15:00,19.3431,0.0,volt_var,70.9091,1.0,350.0
2022-09-20 11:30:00,21.4295,0.0,volt_var,70.3067,1.0,350.0
2022-09-20 11:45:00,23.6514,0.0,volt_var,69.5907,1.0,350.0
2022-09-20 12:00:00,22.1229,0.0,volt_var,70.0916,1.0,350.0
2022-09-20 12:15:00,23.5687,0.0,volt_var,69.6187,1.0,350.0
2022-09-20 12:30:00,29.23,0.0,volt_var,67.4378,1.0,350.0
2022-09-20 12:45:00,30.3898,0.0,volt_var,66.9232,1.0,350.0
2022-09-20 13:00:00,35.3706,0.0,volt_var,64.4296,1.0,350.0
2022-09-20 13:15:00,34.973,0.0,volt_var,64.6463,1.0,350.0
2022-09-20 13:30:00,42.5029,0.0,volt_var,59.9646,1.0,350.0
2022-09-20 13:45:00,49.1313,0.0,volt_var,54.6659,1.0,350.0
2022-09-20 14:00:00,45.9119,0.0,volt_var,57.3964,1.0,350.0
2022-09-20 14:15:00,46.6676,0.0,volt_var,56.7837,1.0,350.0
2022-09-20 14:30:00,47.4155,0.0,volt_var,56.1606,1.0,350.0
2022-09-20 14:45:00,41.4201,0.0,volt_var,60.7176,1.0,350.0
2022-09-20 15:00:00,35.8854,0.0,volt_var,64.1443,1.0,350.0
2022-09-20 15:15:00,44.01,0.0,volt_var,58.8674,1.0,350.0
2022-09-20 15:30:00,41.9638,0.0,volt_var,60.3431,1.0,350.0
2022-09-20 15:45:00,36.347,0.0,volt_var,63.8839,1.0,350.0
2022-09-20 16:00:00,36.8095,0.0,volt_var,63.6185,1.0,350.0
2022-09-20 16:15:00,39.3781,0.0,volt_var,62.0614,1.0,350.0
2022-09-20 16:30:00,28.4384,0.0,volt_var,67.7754,1.0,350.0
2022-09-20 16:45:00,24.734,0.0,volt_var,69.2133,1.0,350.0
2022-09-20 17:00:00,23.2882,0.0,volt_var,69.7131,1.0,350.0
2022-09-20 17:15:00,23.8589,0.0,volt_var,69.5198,1.0,350.0
2022-09-20 17:30:00,19.6469,0.0,volt_var,70.8255,1.0,350.0
2022-09-20 17:45:00,17.1065,0.0,volt_var,71.4816,1.0,350.0
2022-09-20 18:00:00,13.4262,0.0,volt_var,72.2633,1.0,350.0
2022-09-20 18:15:00,10.9715,0.0,volt_var,72.6765,1.0,350.0
2022-09-20 18:30:00,0.0,0.0,volt_var,73.5,1.0,350.0
2022-09-20 18:45:00,0.0,0.0,volt_var,73.5,1.0,350.0
2022-09-20 19:00:00,0.0,0.0,volt_var,73.5,1.0,350.0
2022-09-20 19:15:00,0.0,0.0,volt_var,73.5,1.0,350.0
2022-09-20 19:30:00,0.0,0.0,volt_var,73.5,1.0,350.0
2022-09-20 19:45:00,0.0,0.0,volt_var,73.5,1.0,350.0
2022-09-20 20:00:00,0.0,0.0,volt_var,73.5,1.0,350.0
2022-09-20 20:15:00,0.0,0.0,volt_var,73.5,1.0,350.0
2022-09-20 20:30:00,0.0,0.0,volt_var,73.5,1.0,350.0
2022-09-20 20:45:00,0.0,0.0,volt_var,73.5,1.0,350.0
2022-09-20 21:00:00,0.0,0.0,volt_var,73.5,1.0,350.0
2022-09-20 21:15:00,0.0,0.0,volt_var,73.5,1.0,350.0
2022-09-20 21:30:00,0.0,0.0,volt_var,73.5,1.0,350.0
2022-09-20 21:45:00,0.0,0.0,volt_var,73.5,1.0,350.0
2022-09-20 22:00:00,0.0,0.0,volt_var,73.5,1.0,350.0
2022-09-20 22:15:00,0.0,0.0,volt_var,73.5,1.0,350.0
2022-09-20 22:30:00,0.0,0.0,volt_var,73.5,1.0,350.0
2022-09-20 22:45:00,0.0,0.0,volt_var,73.5,1.0,350.0
2022-09-20 23:00:00,0.0,0.0,volt_var,73.5,1.0,350.0
2022-09-20 23:15:00,0.0,0.0,volt_var,73.5,1.0,350.0
2022-09-20 23:30:00,0.0,0.0,volt_var,73.5,1.0,350.0
2022-09-20 23:45:00,0.0,0.0,volt_var,73.5,1.0,350.0
