timestamp,wind_kw,wind_kvar,controller_type
2022-09-20 00:00:00,20.3019,0.0,constant_pq
2022-09-20 00:15:00,28.6429,0.0,constant_pq
2022-09-20 00:30:00,43.435,0.0,constant_pq
2022-09-20 00:45:00,52.2291,0.0,constant_pq
2022-09-20 01:00:00,51.0306,0.0,constant_pq
2022-09-20 01:15:00,59.8444,0.0,constant_pq
2022-09-20 01:30:00,88.6464,0.0,constant_pq
2022-09-20 01:45:00,105.9362,0.0,constant_pq
2022-09-20 02:00:00,97.8447,0.0,constant_pq
2022-09-20 02:15:00,95.5306,0.0,constant_pq
2022-09-20 02:30:00,105.9038,0.0,constant_pq
2022-09-20 02:45:00,113.0499,0.0,constant_pq
2022-09-20 03:00:00,110.468,0.0,constant_pq
2022-09-20 03:15:00,108.3232,0.0,constant_pq
2022-09-20 03:30:00,115.1381,0.0,constant_pq
2022-09-20 03:45:00,118.1979,0.0,constant_pq
2022-09-20 04:00:00,119.195,0.0,constant_pq
2022-09-20 04:15:00,118.001,0.0,constant_pq
2022-09-20 04:30:00,116.9983,0.0,constant_pq
2022-09-20 04:45:00,116.2482,0.0,constant_pq
2022-09-20 05:00:00,114.834,0.0,constant_pq
2022-09-20 05:15:00,113.0099,0.0,constant_pq
2022-09-20 05:30:00,112.4814,0.0,constant_pq
2022-09-20 05:45:00,111.9611,0.0,constant_pq
2022-09-20 06:00:00,112.6293,0.0,constant_pq
2022-09-20 06:15:00,113.2755,0.0,constant_pq
2022-09-20 06:30:00,113.6044,0.0,constant_pq
2022-09-20 06:45:00,108.8697,0.0,constant_pq
2022-09-20 07:00:00,99.9476,0.0,constant_pq
2022-09-20 07:15:00,96.3351,0.0,constant_pq
2022-09-20 07:30:00,105.697,0.0,constant_pq
2022-09-20 07:45:00,110.0454,0.0,constant_pq
2022-09-20 08:00:00,109.9226,0.0,constant_pq
2022-09-20 08:15:00,109.2187,0.0,constant_pq
2022-09-20 08:30:00,105.8962,0.0,constant_pq
2022-09-20 08:45:00,105.1821,0.0,constant_pq
2022-09-20 09:00:00,107.7091,0.0,constant_pq
2022-09-20 09:15:00,109.8619,0.0,constant_pq
2022-09-20 09:30:00,111.6243,0.0,constant_pq
2022-09-20 09:45:00,109.7034,0.0,constant_pq
2022-09-20 10:00:00,104.1408,0.0,constant_pq
2022-09-20 10:15:00,100.641,0.0,constant_pq
2022-09-20 10:30:00,101.9171,0.0,constant_pq
2022-09-20 10:45:00,101.4676,0.0,constant_pq
2022-09-20 11:00:00,97.842,0.0,constant_pq
2022-09-20 11:15:00,94.9393,0.0,constant_pq
2022-09-20 11:30:00,95.3427,0.0,constant_pq
2022-09-20 11:45:00,92.812,0.0,constant_pq
2022-09-20 12:00:00,83.7213,0.0,constant_pq
2022-09-20 12:15:00,77.1835,0.0,constant_pq
2022-09-20 12:30:00,75.06,0.0,constant_pq
2022-09-20 12:45:00,71.8482,0.0,constant_pq
2022-09-20 13:00:00,66.4595,0.0,constant_pq
2022-09-20 13:15:00,63.9567,0.0,constant_pq
2022-09-20 13:30:00,67.2256,0.0,constant_pq
2022-09-20 13:45:00,68.1618,0.0,constant_pq
2022-09-20 14:00:00,64.4326,0.0,constant_pq
2022-09-20 14:15:00,59.1953,0.0,constant_pq
2022-09-20 14:30:00,50.9419,0.0,constant_pq
2022-09-20 14:45:00,43.7803,0.0,constant_pq
2022-09-20 15:00:00,38.8025,0.0,constant_pq
2022-09-20 15:15:00,34.3132,0.0,constant_pq
2022-09-20 15:30:00,30.801,0.0,constant_pq
2022-09-20 15:45:00,28.7102,0.0,constant_pq
2022-09-20 16:00:00,29.4621,0.0,constant_pq
2022-09-20 16:15:00,29.4419,0.0,constant_pq
2022-09-20 16:30:00,27.8774,0.0,constant_pq
2022-09-20 16:45:00,28.167,0.0,constant_pq
2022-09-20 17:00:00,32.165,0.0,constant_pq
2022-09-20 17:15:00,32.6633,0.0,constant_pq
2022-09-20 17:30:00,26.0084,0.0,constant_pq
2022-09-20 17:45:00,21.8161,0.0,constant_pq
2022-09-20 18:00:00,23.1557,0.0,constant_pq
2022-09-20 18:15:00,25.4867,0.0,constant_pq
2022-09-20 18:30:00,29.8002,0.0,constant_pq
2022-09-20 18:45:00,32.6981,0.0,constant_pq
2022-09-20 19:00:00,32.7646,0.0,constant_pq
2022-09-20 19:15:00,32.6467,0.0,constant_pq
2022-09-20 19:30:00,32.1599,0.0,constant_pq
2022-09-20 19:45:00,32.6008,0.0,constant_pq
2022-09-20 20:00:00,34.8966,0.0,constant_pq
2022-09-20 20:15:00,39.8063,0.0,constant_pq
2022-09-20 20:30:00,49.9437,0.0,constant_pq
2022-09-20 20:45:00,60.0854,0.0,constant_pq
2022-09-20 21:00:00,70.2357,0.0,constant_pq
2022-09-20 21:15:00,77.5005,0.0,constant_pq
2022-09-20 21:30:00,78.9943,0.0,constant_pq
2022-09-20 21:45:00,79.2091,0.0,constant_pq
2022-09-20 22:00:00,76.866,0.0,constant_pq
2022-09-20 22:15:00,63.127,0.0,constant_pq
2022-09-20 22:30:00,26.5963,0.0,constant_pq
2022-09-20 22:45:00,2.2634,0.0,constant_pq
2022-09-20 23:00:00,2.2623,0.0,constant_pq
2022-09-20 23:15:00,2.261,0.0,constant_pq
2022-09-20 23:30:00,2.2593,0.0,constant_pq
2022-09-20 23:45:00,5.284,0.0,constant_pq
