hour,bus,node,v_pu,angle_deg
0,source,1,0.999825020984196,-0.014440946991076226
0,source,2,0.9998250209841977,-120.0144409470032
0,source,3,0.9998250209842016,119.98555903365394
0,bus1,1,0.9982538780039426,-0.028737183264688892
0,bus1,2,0.9982538780039882,-120.02873718326865
0,bus1,3,0.9982538780038467,119.97126279738659
0,bus2,1,0.9972372632378664,-0.035619041167238186
0,bus2,2,0.997237263237944,-120.03561904116602
0,bus2,3,0.9972372632377086,119.96438093948825
0,bus3,1,0.9968613636914775,-0.039946517418998906
0,bus3,2,0.9968613636915643,-120.03994651741577
0,bus3,3,0.9968613636912943,119.96005346323794
1,source,1,0.9998307464052294,-0.01405479238930317
1,source,2,0.999830746405231,-120.01405479240144
1,source,3,0.9998307464052347,119.98594518825573
1,bus1,1,0.9983053642204831,-0.028192362195380027
1,bus1,2,0.9983053642205272,-120.02819236219959
1,bus1,3,0.9983053642203905,119.97180761845571
1,bus2,1,0.9973126797046646,-0.03524783590373194
1,bus2,2,0.9973126797047397,-120.03524783590287
1,bus2,3,0.9973126797045109,119.9647521447514
1,bus3,1,0.9969498437484272,-0.0394248867745625
1,bus3,2,0.9969498437485117,-120.03942488677178
1,bus3,3,0.9969498437482495,119.96057509388196
2,source,1,0.9998406133540468,-0.013451024008088815
2,source,2,0.9998406133540485,-120.01345102402018
2,source,3,0.9998406133540522,119.98654895663694
2,bus1,1,0.9983900636821962,-0.02753707176125267
2,bus1,2,0.9983900636822383,-120.02753707176574
2,bus1,3,0.9983900636821065,119.97246290888958
2,bus2,1,0.9974676729673592,-0.034768413755650526
2,bus2,2,0.9974676729674293,-120.03476841375534
2,bus2,3,0.9974676729672117,119.96523156689898
2,bus3,1,0.9971130228388331,-0.038850777433020386
2,bus3,2,0.9971130228389122,-120.03885077743082
2,bus3,3,0.9971130228386617,119.96114920322296
3,source,1,0.9998424442508971,-0.013200573596129627
3,source,2,0.9998424442508992,-120.01320057360822
3,source,3,0.9998424442509024,119.98679940704888
3,bus1,1,0.9984148194423472,-0.026779485633398433
3,bus1,2,0.9984148194423882,-120.02677948563806
3,bus1,3,0.9984148194422598,119.97322049501726
3,bus2,1,0.997513141447277,-0.03348287861786039
3,bus2,2,0.9975131414473455,-120.03348287861789
3,bus2,3,0.9975131414471331,119.96651710203646
3,bus3,1,0.9971611526283403,-0.03753448464833488
3,bus3,2,0.9971611526284172,-120.0375344846465
3,bus3,3,0.9971611526281722,119.96246549600737
4,source,1,0.999842194201173,-0.013144208975981475
4,source,2,0.9998421942011748,-120.0131442089881
4,source,3,0.9998421942011784,119.98685577166906
4,bus1,1,0.9984173529818501,-0.02646680496147897
4,bus1,2,0.9984173529818918,-120.02646680496612
4,bus1,3,0.9984173529817626,119.97353317568924
4,bus2,1,0.997454091281228,-0.03360858377450494
4,bus2,2,0.9974540912812997,-120.0336085837742
4,bus2,3,0.9974540912810804,119.96639139688016
4,bus3,1,0.9970781444985829,-0.03793566373876746
4,bus3,2,0.9970781444986639,-120.03793566373645
4,bus3,3,0.9970781444984097,119.96206431691736
5,source,1,0.999823679074926,-0.014748045618668217
5,source,2,0.9998236790749278,-120.0147480456308
5,source,3,0.9998236790749319,119.98525193502637
5,bus1,1,0.9982276671670685,-0.02986025166116114
5,bus1,2,0.9982276671671145,-120.02986025166496
5,bus1,3,0.99822766716697,119.9701397289902
5,bus2,1,0.9971811985617869,-0.03771988756899069
5,bus2,2,0.9971811985618646,-120.03771988756742
5,bus2,3,0.9971811985616229,119.96228009308662
5,bus3,1,0.9968052778567508,-0.042047849810395097
5,bus3,2,0.9968052778568377,-120.04204784980683
5,bus3,3,0.996805277856561,119.95795213084669
6,source,1,0.9997838238426044,-0.01879094294249621
6,source,2,0.9997838238426071,-120.01879094295471
6,source,3,0.9997838238426116,119.9812090377025
6,bus1,1,0.997780811550139,-0.03988283202342159
6,bus1,2,0.997780811550194,-120.03988283202513
6,bus1,3,0.997780811550013,119.96011714862942
6,bus2,1,0.9964176848560312,-0.05289554292280982
6,bus2,2,0.9964176848561244,-120.05289554291738
6,bus2,3,0.9964176848558167,119.94710443773545
6,bus3,1,0.995966804858673,-0.05808885872758967
6,bus3,2,0.9959668048587774,-120.05808885871977
6,bus3,3,0.9959668048584279,119.94191112193245
7,source,1,0.9997655540298903,-0.019230070823924528
7,source,2,0.9997655540298928,-120.01923007083616
7,source,3,0.9997655540298976,119.98076990982109
7,bus1,1,0.9976683074868444,-0.03797628576990474
7,bus1,2,0.9976683074869069,-120.03797628577124
7,bus1,3,0.9976683074867168,119.96202369488344
7,bus2,1,0.9961922557080526,-0.05200068455704802
7,bus2,2,0.9961922557081561,-120.05200068455068
7,bus2,3,0.9961922557078291,119.94799929610214
7,bus3,1,0.9956626968484302,-0.05810019475509263
7,bus3,2,0.995662696848547,-120.05810019474589
7,bus3,3,0.9956626968481708,119.94189978590616
8,source,1,0.9997477728231048,-0.01963707885298612
8,source,2,0.9997477728231069,-120.01963707886524
8,source,3,0.9997477728231122,119.980362901792
8,bus1,1,0.9975601444373772,-0.036026534445642876
8,bus1,2,0.9975601444374471,-120.03602653444665
8,bus1,3,0.9975601444372483,119.96397344620829
8,bus2,1,0.9959230003921963,-0.05165955135763847
8,bus2,2,0.9959230003923123,-120.05165955135008
8,bus2,3,0.9959230003919609,119.94834042930282
8,bus3,1,0.9953374445275939,-0.05840499874638144
8,bus3,2,0.9953374445277247,-120.05840499873574
8,bus3,3,0.9953374445273188,119.94159498191632
9,source,1,0.9997560250016908,-0.017688060799370086
9,source,2,0.9997560250016926,-120.01768806081161
9,source,3,0.9997560250016976,119.98231191984559
9,bus1,1,0.9977252729694158,-0.02883864498780031
9,bus1,2,0.9977252729694858,-120.02883864498976
9,bus1,3,0.9977252729693014,119.97116133566566
9,bus2,1,0.9959837285612553,-0.04541087793434494
9,bus2,2,0.9959837285613736,-120.04541087792718
9,bus2,3,0.9959837285610277,119.95458910272605
9,bus3,1,0.995360583512286,-0.05258838098990847
9,bus3,2,0.99536058351242,-120.05258838097942
9,bus3,3,0.9953605835120162,119.94741159967293
10,source,1,0.999761961985811,-0.01594891830490528
10,source,2,0.9997619619858127,-120.01594891831712
10,source,3,0.9997619619858175,119.98405106234009
10,bus1,1,0.9978660857982685,-0.0221198638950347
10,bus1,2,0.9978660857983409,-120.02211986389787
10,bus1,3,0.997866085798169,119.97788011675807
10,bus2,1,0.9961737603206398,-0.037865091968744886
10,bus2,2,0.9961737603207602,-120.03786509196277
10,bus2,3,0.9961737603204308,119.96213488869112
10,bus3,1,0.9956091633869242,-0.044367755030046196
10,bus3,2,0.9956091633870587,-120.04436775502106
10,bus3,3,0.995609163386677,119.95563222563202
11,source,1,0.9997590456232198,-0.014568961058546652
11,source,2,0.999759045623221,-120.01456896107076
11,source,3,0.9997590456232263,119.98543101958641
11,bus1,1,0.9979428352170165,-0.015150720823386138
11,bus1,2,0.9979428352170917,-120.01515072082685
11,bus1,3,0.9979428352169275,119.98484925982959
11,bus2,1,0.9962351851151541,-0.029306482004544655
11,bus2,2,0.9962351851152788,-120.0293064819992
11,bus2,3,0.9962351851149568,119.9706934986553
11,bus3,1,0.9956400539602357,-0.036159954877078244
11,bus3,2,0.9956400539603752,-120.03615995486854
11,bus3,3,0.9956400539599983,119.9638400257851
12,source,1,0.9997657845126682,-0.01323738655612969
12,source,2,0.9997657845126692,-120.0132373865683
12,source,3,0.9997657845126738,119.98676259408884
12,bus1,1,0.9980607250341633,-0.010479927681825029
12,bus1,2,0.9980607250342397,-120.0104799276859
12,bus1,3,0.9980607250340843,119.98952005297086
12,bus2,1,0.996362426715259,-0.02591132385546654
12,bus2,2,0.9963624267153834,-120.02591132385069
12,bus2,3,0.9963624267150701,119.97408865680401
12,bus3,1,0.9957424916339945,-0.033049185124580334
12,bus3,2,0.9957424916341344,-120.03304918511652
12,bus3,3,0.9957424916337637,119.96695079553731
13,source,1,0.9997462829788639,-0.016048369474519056
13,source,2,0.9997462829788653,-120.01604836948673
13,source,3,0.9997462829788707,119.98395161117045
13,bus1,1,0.9977876611774458,-0.019207249170941028
13,bus1,2,0.9977876611775248,-120.01920724917356
13,bus1,3,0.9977876611773466,119.98079273148261
13,bus2,1,0.9960223620717498,-0.035143398468056294
13,bus2,2,0.9960223620718793,-120.0351433984615
13,bus2,3,0.9960223620715377,119.96485658219255
13,bus3,1,0.9953769372831759,-0.04257694331012966
13,bus3,2,0.9953769372833216,-120.04257694330013
13,bus3,3,0.99537693728292,119.957423037353
14,source,1,0.9997422591764362,-0.017461574898761933
14,source,2,0.9997422591764382,-120.017461574911
14,source,3,0.9997422591764433,119.9825384057462
14,bus1,1,0.997676906667907,-0.02483877028543563
14,bus1,2,0.9976769066679839,-120.0248387702874
14,bus1,3,0.9976769066677963,119.97516121036837
14,bus2,1,0.9958223689454506,-0.041539089793854726
14,bus2,2,0.9958223689455806,-120.04153908978618
14,bus2,3,0.9958223689452198,119.95846089086741
14,bus3,1,0.9951442874497002,-0.04934990382950063
14,bus3,2,0.9951442874498472,-120.04934990381821
14,bus3,3,0.9951442874494232,119.95065007683438
15,source,1,0.9997284364466178,-0.019874948285144693
15,source,2,0.9997284364466199,-120.01987494829743
15,source,3,0.9997284364466259,119.98012503235982
15,bus1,1,0.9974558919142124,-0.03296417018516705
15,bus1,2,0.9974558919142903,-120.03296417018599
15,bus1,3,0.9974558919140842,119.96703581046923
15,bus2,1,0.9956183605968371,-0.049599689245246506
15,bus2,2,0.9956183605969671,-120.0495996892365
15,bus2,3,0.9956183605965906,119.95040029141647
15,bus3,1,0.9949987375974545,-0.05673928697702781
15,bus3,2,0.9949987375976,-120.056739286965
15,bus3,3,0.9949987375971658,119.94326069368712
16,source,1,0.9996934907628308,-0.02441228034268281
16,source,2,0.999693490762834,-120.02441228035504
16,source,3,0.9996934907628405,119.9755877003023
16,bus1,1,0.9969993048794288,-0.04632241380011861
16,bus1,2,0.996999304879512,-120.0463224137986
16,bus1,3,0.9969993048792675,119.95367756685575
16,bus2,1,0.9949531586375081,-0.06624290838616234
16,bus2,2,0.9949531586376476,-120.06624290837392
16,bus2,3,0.9949531586372125,119.93375707227783
16,bus3,1,0.9942819270758506,-0.07398164851768045
16,bus3,2,0.9942819270760069,-120.07398164850187
16,bus3,3,0.9942819270755091,119.92601833214891
17,source,1,0.9996804504195324,-0.026010856320179344
17,source,2,0.9996804504195358,-120.02601085633255
17,source,3,0.9996804504195425,119.9739891243248
17,bus1,1,0.9968351101906423,-0.05087434894144989
17,bus1,2,0.9968351101907279,-120.05087434893915
17,bus1,3,0.9968351101904699,119.94912563171489
17,bus2,1,0.9949095074700207,-0.06698772855761163
17,bus2,2,0.9949095074701635,-120.06698772854534
17,bus2,3,0.9949095074697261,119.93301225210652
17,bus3,1,0.9941851031026024,-0.07533922329536452
17,bus3,2,0.9941851031027635,-120.07533922327924
17,bus3,3,0.9941851031022588,119.92466075737158
18,source,1,0.9996316736086261,-0.033065506892753074
18,source,2,0.9996316736086308,-120.03306550690525
18,source,3,0.9996316736086386,119.96693447375222
18,bus1,1,0.9961508293907513,-0.07286301749025745
18,bus1,2,0.9961508293908431,-120.07286301748437
18,bus1,3,0.9961508293905282,119.92713696316815
18,bus2,1,0.9937847724702912,-0.09931983088944164
18,bus2,2,0.9937847724704433,-120.09931983087101
18,bus2,3,0.9937847724699089,119.9006801497782
18,bus3,1,0.9928797300897517,-0.11228783790847907
18,bus3,2,0.9928797300899229,-120.11228783788512
18,bus3,3,0.9928797300893046,119.88771214276254
19,source,1,0.9996316922899469,-0.032989171852035204
19,source,2,0.9996316922899517,-120.03298917186453
19,source,3,0.9996316922899593,119.96701080879293
19,bus1,1,0.9961558962505389,-0.07251544162643937
19,bus1,2,0.9961558962506302,-120.0725154416206
19,bus1,3,0.996155896250316,119.92748453903195
19,bus2,1,0.9936448413642435,-0.10039154958701654
19,bus2,2,0.9936448413643985,-120.1003915495679
19,bus2,3,0.9936448413638514,119.89960843108115
19,bus3,1,0.9926892225968028,-0.113945108229405
19,bus3,2,0.9926892225969777,-120.11394510820509
19,bus3,3,0.9926892225963421,119.88605487244236
20,source,1,0.9996488793422525,-0.03135791697787296
20,source,2,0.9996488793422569,-120.03135791699032
20,source,3,0.9996488793422641,119.96864206366709
20,bus1,1,0.996341230443153,-0.06869979400653799
20,bus1,2,0.9963412304432415,-120.06869979400152
20,bus1,3,0.9963412304429413,119.93130018665124
20,bus2,1,0.9940286840965229,-0.09399933502605048
20,bus2,2,0.9940286840966713,-120.0939993350088
20,bus2,3,0.9940286840961563,119.9060006456408
20,bus3,1,0.9931926934968601,-0.1061673738415089
20,bus3,2,0.993192693497026,-120.1061673738197
20,bus3,3,0.9931926934964335,119.89383260682844
21,source,1,0.9996669619086371,-0.030020025309565997
21,source,2,0.9996669619086412,-120.03002002532199
21,source,3,0.9996669619086485,119.96997995533543
21,bus1,1,0.9965115339218729,-0.06642841176209173
21,bus1,2,0.9965115339219554,-120.06642841175785
21,bus1,3,0.9965115339216707,119.93357156889508
21,bus2,1,0.994287821223508,-0.09170692735888991
21,bus2,2,0.994287821223646,-120.09170692734283
21,bus2,3,0.9942878212231547,119.9082930533069
21,bus3,1,0.9934919575777436,-0.10340859419625045
21,bus3,2,0.9934919575778979,-120.10340859417586
21,bus3,3,0.9934919575773329,119.89659138647254
22,source,1,0.9997267259870816,-0.02471687042920758
22,source,2,0.9997267259870851,-120.02471687044152
22,source,3,0.9997267259870907,119.9752831102158
22,bus1,1,0.9971319392142736,-0.05486901055183256
22,bus1,2,0.997131939214341,-120.0548690105504
22,bus1,3,0.9971319392141066,119.94513097010314
22,bus2,1,0.99535885573467,-0.07524680005821863
22,bus2,2,0.9953588557347814,-120.07524680004734
22,bus2,3,0.9953588557343828,119.92475318060363
22,bus3,1,0.9946593588065972,-0.08582354201793954
22,bus3,2,0.9946593588067223,-120.08582354200324
22,bus3,3,0.994659358806259,119.91417643864649
23,source,1,0.9997695461224648,-0.020747138837811256
23,source,2,0.9997695461224677,-120.02074713885006
23,source,3,0.9997695461224726,119.9792528418072
23,bus1,1,0.9975875813983925,-0.04581050447762191
23,bus1,2,0.9975875813984493,-120.04581050447834
23,bus1,3,0.9975875813982518,119.95418947617583
23,bus2,1,0.9961030726188168,-0.06250323062326878
23,bus2,2,0.9961030726189107,-120.06250323061614
23,bus2,3,0.9961030726185758,119.93749675003598
23,bus3,1,0.9954931828968174,-0.07203916780116074
23,bus3,2,0.9954931828969223,-120.07203916779066
23,bus3,3,0.9954931828965314,119.92796081286028
