hour,total_load_kw,total_load_kvar,control_iterations,converged,min_v_pu,max_v_pu,loss_kw,loss_kvar,source_p_kw,source_q_kvar,pv1_p_kw,pv1_q_kvar,wind1_p_kw,wind1_q_kvar,bess1_p_kw,bess1_q_kvar,ev1_p_kw,ev1_q_kvar,bess1_soc_pct
0,662.594,218.736,3,True,0.9968613636912943,0.9998250209842016,1.20156564392757,0.161123887144764,-573.7955656439888,-217.1510018813496,0.0,1.7461220055962068,55.0,0.0,35.0,0.0,0.0,0.0,31.57894736842105
1,638.812,210.888,3,True,0.9969498437482495,0.9998307464052347,1.1362317997863065,0.12373050460277227,-557.9482317997706,-209.31709471558938,0.0,1.6946357889060515,60.0,0.0,21.999999999999996,0.0,0.0,0.0,20.0
2,595.705,196.845,3,True,0.9971130228386617,0.9998406133540522,1.0215829944089856,0.05810518539339318,-532.7265829945326,-195.2931688584059,0.0,1.6099363267138012,65.0,0.0,0.0,0.0,0.0,0.0,20.0
3,591.374,195.411,3,True,0.9971611526281722,0.9998424442509024,0.9860692693173769,0.037779038550914266,-523.3600692695225,-193.86359847234232,0.0,1.5851805664252039,70.0,0.0,0.0,0.0,0.0,0.0,20.0
4,594.55,196.35,3,True,0.9970781444984097,0.9998421942011784,1.0228702430009216,0.058839594418150225,-521.5728702431702,-194.8261925675795,0.0,1.5826470268995863,75.0,0.0,0.0,0.0,0.0,0.0,20.0
5,662.594,218.736,3,True,0.996805277856561,0.9998236790749319,1.2488051966683706,0.18815580742011662,-584.842805196818,-217.15182296450183,0.0,1.7723328426937357,80.0,0.0,0.0,0.0,0.0,0.0,20.0
6,793.008,261.79200000000003,3,True,0.9959668048584279,0.9997838238426116,2.010459119149789,0.6239514116580686,-741.0184591193787,-260.1967629500336,0.0,2.2191884619283675,55.0,0.0,0.0,0.0,0.0,0.0,20.0
7,888.142,293.478,3,True,0.9956626968481708,0.9997655540298976,2.25573274368298,0.7642760159058016,-764.7310660772987,-291.9105834902321,66.66666666666666,2.331692525829876,60.0,0.0,0.0,0.0,0.0,0.0,20.0
8,981.904,324.456,3,True,0.9953374445273188,0.9997477728231122,2.548196493112802,0.9315829224160734,-787.118863159749,-322.9477273463986,133.33333333333334,2.439855575825156,65.0,0.0,0.0,0.0,0.0,0.0,20.0
9,983.71,324.87,3,True,0.9953605835120162,0.9997560250016976,2.4326696862164825,0.8654779000531707,-717.142669686386,-323.4607508572751,200.0,2.2747270429368527,70.0,0.0,-25.0,0.0,0.0,0.0,31.875
10,993.891,328.104,3,True,0.995609163386677,0.9997619619858175,2.16681254016365,0.7134027309952471,-655.3911458735226,-326.68348851776597,266.6666666666667,2.133914213368615,75.0,0.0,-25.0,0.0,0.0,0.0,43.75
11,1046.33,345.42,3,True,0.9956400539599983,0.9997590456232263,2.0898712785945683,0.6693813255319401,-610.0865379452873,-344.03221653121835,333.33333333333337,2.0571647942405624,80.0,0.0,-25.0,0.0,0.0,0.0,55.625
12,1039.7759999999998,343.584,3,True,0.9957424916337637,0.9997657845126738,1.9669514374796855,0.5990357701794564,-561.7429514376596,-342.2437607935757,400.0,1.9392749764665096,55.0,0.0,-25.0,0.0,0.0,0.0,67.5
13,1082.326,357.639,3,True,0.99537693728292,0.9997462829788707,2.3584674737733002,0.8230384396650188,-666.3511341405415,-356.2496996048925,333.33333333333337,2.2123388345857142,60.0,0.0,-25.0,0.0,0.0,0.0,79.375
14,1070.19,353.43,3,True,0.9951442874494232,0.9997422591764433,2.617911639091719,0.9714383455602802,-716.1412449726907,-352.07834500086506,266.6666666666667,2.323093344701377,65.0,0.0,-25.0,0.0,0.0,0.0,91.25
15,1090.074,359.856,3,True,0.9949987375971658,0.9997284364466259,2.8800793903150916,1.1214280505513088,-804.5330267588888,-358.43331995082434,200.0,2.5441080995635135,70.0,0.0,-18.42105263157895,0.0,0.0,0.0,100.0
16,1178.498,389.052,3,True,0.9942819270755091,0.9996934907628405,3.878092915749279,1.6922369871613774,-975.0427595826479,-387.74354185102595,133.33333333333334,3.0006951364556222,75.0,0.0,-0.0,0.0,0.0,0.0,100.0
17,1213.0720000000001,400.848,3,True,0.9941851031022588,0.9996804504195425,4.059679614856461,1.7960952600808595,-1035.4650129485694,-399.47920543381144,66.66666666666666,3.164889826238415,80.0,0.0,35.0,0.0,0.0,0.0,81.57894736842105
18,1316.644,435.06600000000003,3,True,0.9928797300893046,0.9996316736086386,6.204437727219018,3.0225195672187692,-1297.8484377278667,-434.23934893835167,0.0,3.8491706290099126,55.0,0.0,35.0,0.0,65.0,0.0,63.15789473684211
19,1318.82,435.53999999999996,3,True,0.9926892225963421,0.9996316922899593,6.435691028291214,3.154737873647209,-1295.2556910288931,-434.8506341046826,0.0,3.844103769349849,60.0,0.0,35.0,0.0,65.0,0.0,44.736842105263165
20,1261.066,416.304,3,True,0.9931926934964335,0.9996488793422641,5.66369550034334,2.713318598155827,-1231.7296955008326,-415.35854902212037,0.0,3.658769576075027,65.0,0.0,35.0,0.0,65.0,0.0,26.315789473684216
21,1189.512,392.688,3,True,0.9934919575773329,0.9996669619086485,5.185877156137416,2.4400782695445375,-1177.6978771566514,-391.6396121731994,0.0,3.48846609658382,70.0,0.0,12.000000000000009,0.0,65.0,0.0,20.0
22,974.79,322.11,3,True,0.994659358806259,0.9997267259870907,3.478952970812621,1.4639051932750262,-969.2689529711301,-320.7058443922943,0.0,2.868060801242023,75.0,0.0,0.0,0.0,65.0,0.0,20.0
23,825.692,272.83799999999997,3,True,0.9954931828965314,0.9997695461224726,2.464334237460702,0.8835623191463419,-814.1563342376809,-271.30914370447067,0.0,2.4124186147865823,80.0,0.0,0.0,0.0,65.0,0.0,20.0
