hour,bess_kw,bess_kvar,controller_type
0,35,0.0,soc_schedule
1,35,0.0,soc_schedule
2,35,0.0,soc_schedule
3,35,0.0,soc_schedule
4,35,0.0,soc_schedule
5,35,0.0,soc_schedule
6,35,0.0,soc_schedule
7,35,0.0,soc_schedule
8,35,0.0,soc_schedule
9,-25,0.0,soc_schedule
10,-25,0.0,soc_schedule
11,-25,0.0,soc_schedule
12,-25,0.0,soc_schedule
13,-25,0.0,soc_schedule
14,-25,0.0,soc_schedule
15,-25,0.0,soc_schedule
16,-25,0.0,soc_schedule
17,35,0.0,soc_schedule
18,35,0.0,soc_schedule
19,35,0.0,soc_schedule
20,35,0.0,soc_schedule
21,35,0.0,soc_schedule
22,35,0.0,soc_schedule
23,35,0.0,soc_schedule
