hour,wind_kw,wind_kvar,controller_type
0,55.0,0.0,constant_pq
1,60.0,0.0,constant_pq
2,65.0,0.0,constant_pq
3,70.0,0.0,constant_pq
4,75.0,0.0,constant_pq
5,80.0,0.0,constant_pq
6,55.0,0.0,constant_pq
7,60.0,0.0,constant_pq
8,65.0,0.0,constant_pq
9,70.0,0.0,constant_pq
10,75.0,0.0,constant_pq
11,80.0,0.0,constant_pq
12,55.0,0.0,constant_pq
13,60.0,0.0,constant_pq
14,65.0,0.0,constant_pq
15,70.0,0.0,constant_pq
16,75.0,0.0,constant_pq
17,80.0,0.0,constant_pq
18,55.0,0.0,constant_pq
19,60.0,0.0,constant_pq
20,65.0,0.0,constant_pq
21,70.0,0.0,constant_pq
22,75.0,0.0,constant_pq
23,80.0,0.0,constant_pq
