timestamp,voltage_low_count,voltage_high_count,voltage_unbalance_count,line_thermal_violation_count,transformer_thermal_violation_count,max_voltage_unbalance_pct,max_line_loading_pct,max_transformer_loading_pct,reverse_power_flow,reverse_power_kw
2022-09-20 00:00:00,0.0,0.0,0.0,0.0,0.0,1.2336095891134518,61.26868794784007,67.46340680619544,False,0.0
2022-09-20 00:15:00,0.0,0.0,0.0,0.0,0.0,1.2439787105353224,60.35172704352835,65.79036102894374,False,0.0
2022-09-20 00:30:00,0.0,1.0,0.0,0.0,0.0,1.252225124728151,59.29567962911002,64.12223975923273,False,0.0
2022-09-20 00:45:00,0.0,0.0,0.0,0.0,0.0,1.2736452829091973,58.52458533062054,62.30878682994052,False,0.0
2022-09-20 01:00:00,0.0,0.0,0.0,0.0,0.0,1.2003722062677291,57.955502740539245,60.7166233835073,False,0.0
2022-09-20 01:15:00,0.0,0.0,0.0,0.0,0.0,1.2112714889626215,57.43042005365668,58.81376572470951,False,0.0
2022-09-20 01:30:00,0.0,0.0,0.0,0.0,0.0,1.2196433962791717,56.467528821514314,56.92257143584325,False,0.0
2022-09-20 01:45:00,0.0,0.0,0.0,0.0,0.0,1.1864727606053516,54.06037175189433,55.678836379337305,False,0.0
2022-09-20 02:00:00,0.0,0.0,0.0,0.0,0.0,1.1615525712962602,52.21643839991595,54.42317992103233,False,0.0
2022-09-20 02:15:00,0.0,0.0,0.0,0.0,0.0,1.1010291079557584,50.10502324098838,55.09892862695585,False,0.0
2022-09-20 02:30:00,0.0,0.0,0.0,0.0,0.0,1.0374363321439077,47.72725539148187,55.781207548483415,False,0.0
2022-09-20 02:45:00,0.0,0.0,0.0,0.0,0.0,1.1692047298254333,46.242979920959016,55.14122119624021,False,0.0
2022-09-20 03:00:00,0.0,0.0,0.0,0.0,0.0,1.1199832855972438,44.98183338129947,54.717124048863575,False,0.0
2022-09-20 03:15:00,0.0,0.0,0.0,0.0,0.0,1.1010097782748782,42.98964338733553,53.31966478778527,False,0.0
2022-09-20 03:30:00,0.0,0.0,0.0,0.0,0.0,1.0804380900154085,41.20600727373828,51.92832410894766,False,0.0
2022-09-20 03:45:00,0.0,0.0,0.0,0.0,0.0,1.0447786694982673,41.59752455795795,50.769041581779526,False,0.0
2022-09-20 04:00:00,0.0,0.0,0.0,0.0,0.0,1.032848492910101,42.41556702446595,49.83655221327579,False,0.0
2022-09-20 04:15:00,0.0,0.0,0.0,0.0,0.0,1.0181431769240221,42.6877192655964,52.67137619501183,False,0.0
2022-09-20 04:30:00,0.0,0.0,0.0,0.0,0.0,1.0040498802682563,42.95737489183486,55.51105006632082,False,0.0
2022-09-20 04:45:00,0.0,0.0,0.0,0.0,0.0,1.0359027575896822,42.09435089815886,52.56256740931122,False,0.0
2022-09-20 05:00:00,0.0,0.0,0.0,0.0,0.0,1.0680486601242687,41.76698862696245,49.61919956073936,False,0.0
2022-09-20 05:15:00,0.0,0.0,0.0,0.0,0.0,1.1808574620724692,46.556112667847074,52.165888708791975,False,0.0
2022-09-20 05:30:00,0.0,0.0,0.0,0.0,0.0,1.2976553290324984,51.8748896126754,54.72517315198979,False,0.0
2022-09-20 05:45:00,0.0,0.0,0.0,0.0,0.0,1.3863362864966005,67.4167836565794,65.1418281025403,False,0.0
2022-09-20 06:00:00,0.0,0.0,0.0,0.0,0.0,1.6646646560780658,83.15306709507678,75.84016382576709,False,0.0
2022-09-20 06:15:00,0.0,0.0,0.0,0.0,0.0,1.4749995713341988,76.3316411166135,74.91993746980634,False,0.0
2022-09-20 06:30:00,0.0,0.0,0.0,0.0,0.0,1.2980711213435607,69.59389588521613,73.99844365594537,False,0.0
2022-09-20 06:45:00,0.0,0.0,0.0,0.0,0.0,1.4043194175858962,64.386189113938,74.93494771039177,False,0.0
2022-09-20 07:00:00,0.0,0.0,0.0,0.0,0.0,1.53845342345867,64.60848629778786,75.87730945886558,False,0.0
2022-09-20 07:15:00,0.0,4.0,0.0,0.0,0.0,1.5030187792266494,64.49823813955689,86.52096365280053,False,0.0
2022-09-20 07:30:00,0.0,4.0,0.0,0.0,0.0,1.499928612728878,69.49622396301012,97.22060312302713,False,0.0
2022-09-20 07:45:00,0.0,4.0,0.0,0.0,0.0,1.4907440350379877,66.78058894773,85.15990425396012,False,0.0
2022-09-20 08:00:00,0.0,4.0,0.0,0.0,0.0,1.329792171464127,64.187213309062,72.93928332107119,False,0.0
2022-09-20 08:15:00,0.0,0.0,0.0,0.0,0.0,1.2975057389713713,63.62693700710656,68.19847900782095,False,0.0
2022-09-20 08:30:00,0.0,0.0,0.0,0.0,0.0,1.4800347077256277,67.87692890620622,63.62625797008259,False,0.0
2022-09-20 08:45:00,0.0,0.0,0.0,0.0,0.0,1.4091348782279742,67.03957587397932,64.99597116949396,False,0.0
2022-09-20 09:00:00,0.0,0.0,0.0,0.0,0.0,1.3419371522114685,66.1985490202701,66.52648716005884,False,0.0
2022-09-20 09:15:00,0.0,0.0,0.0,0.0,0.0,1.3456155340040508,65.32843249692074,66.51509708213474,False,0.0
2022-09-20 09:30:00,0.0,0.0,0.0,0.0,0.0,1.354696037919981,64.51857599843011,66.62298735527187,False,0.0
2022-09-20 09:45:00,0.0,0.0,0.0,0.0,0.0,1.3316512234211988,69.086195326347,65.02532105064577,False,0.0
2022-09-20 10:00:00,0.0,0.0,0.0,0.0,0.0,1.3283360084090416,73.81259917359702,66.63858799720424,False,0.0
2022-09-20 10:15:00,0.0,0.0,0.0,0.0,0.0,1.4280435217261274,74.73582662109467,68.85267691853613,False,0.0
2022-09-20 10:30:00,0.0,0.0,0.0,0.0,0.0,1.5309616604836576,75.62132365750152,74.34625132162145,False,0.0
2022-09-20 10:45:00,0.0,0.0,0.0,0.0,0.0,1.561654338125862,78.41893967581379,72.11556405327066,False,0.0
2022-09-20 11:00:00,0.0,0.0,0.0,0.0,0.0,1.679013429459519,82.06480880147731,74.5311441306279,False,0.0
2022-09-20 11:15:00,0.0,0.0,0.0,0.0,0.0,1.6603392403266655,79.61964826898546,72.31085099462648,False,0.0
2022-09-20 11:30:00,0.0,0.0,0.0,0.0,0.0,1.6551271156434026,77.19441755923555,70.10863549200245,False,0.0
2022-09-20 11:45:00,0.0,0.0,0.0,0.0,0.0,1.73324308162339,75.86938395000121,68.9055101819895,False,0.0
2022-09-20 12:00:00,0.0,0.0,0.0,0.0,0.0,1.6965067968408014,75.30434128317751,73.66546665050167,False,0.0
2022-09-20 12:15:00,0.0,0.0,0.0,0.0,0.0,1.6450317512327735,78.72814772866175,71.8991909064874,False,0.0
2022-09-20 12:30:00,0.0,0.0,0.0,0.0,0.0,1.7757662863204227,81.32049581678574,73.85526398379034,False,0.0
2022-09-20 12:45:00,0.0,2.0,0.0,0.0,0.0,1.837305367222546,94.61564875711673,86.43895879683276,False,0.0
2022-09-20 13:00:00,0.0,2.0,1.0,1.0,0.0,2.0909197728651594,107.41946038088173,98.71405060222682,False,0.0
2022-09-20 13:15:00,0.0,2.0,1.0,1.0,0.0,2.054598548811752,108.00753955240856,99.25420815838521,False,0.0
2022-09-20 13:30:00,0.0,2.0,1.0,1.0,0.0,2.070870453776541,106.94706647081213,98.27912897439941,False,0.0
2022-09-20 13:45:00,0.0,2.0,0.0,1.0,0.0,1.990014080218804,101.63347582197042,93.39725909581294,False,0.0
2022-09-20 14:00:00,0.0,3.0,0.0,0.0,0.0,1.968279743021739,98.1495820433252,90.1966627094245,False,0.0
2022-09-20 14:15:00,0.0,6.0,0.0,0.0,0.0,1.89319468249722,97.70103255435153,89.78312000621594,False,0.0
2022-09-20 14:30:00,0.0,6.0,0.0,0.0,0.0,1.824088232743734,97.48242570859573,89.58248312629391,False,0.0
2022-09-20 14:45:00,0.0,6.0,0.0,0.0,0.0,1.8212500107414493,97.51199673673403,89.60981142060372,False,0.0
2022-09-20 15:00:00,0.0,6.0,0.0,0.0,0.0,1.9445018548033763,95.5566923253986,87.81298087777608,False,0.0
2022-09-20 15:15:00,0.0,6.0,0.0,0.0,0.0,1.8225337620485407,91.14736217028869,83.76181034156099,False,0.0
2022-09-20 15:30:00,0.0,6.0,0.0,0.0,0.0,1.888944304549457,89.9280843501264,82.6430176368673,False,0.0
2022-09-20 15:45:00,0.0,6.0,1.0,0.0,0.0,2.1515085154570848,99.11832360919908,91.47507977120158,False,0.0
2022-09-20 16:00:00,0.0,6.0,4.0,1.0,0.0,2.2685381345994378,107.19001715983258,98.50309411638091,False,0.0
2022-09-20 16:15:00,0.0,2.0,1.0,1.0,0.0,2.023685292106163,103.6710550461682,96.2481282853071,False,0.0
2022-09-20 16:30:00,0.0,2.0,1.0,1.0,0.0,2.0850121546219813,102.76841769933114,99.60935006889791,False,0.0
2022-09-20 16:45:00,0.0,3.0,1.0,1.0,2.0,2.1229828550029315,111.95039181502511,107.82948759134148,False,0.0
2022-09-20 17:00:00,1.0,3.0,4.0,2.0,4.0,2.436142289896247,123.5253934400212,114.93420324563543,False,0.0
2022-09-20 17:15:00,3.0,6.0,4.0,3.0,4.0,2.423176354235393,126.55601691822802,118.35244718932532,False,0.0
2022-09-20 17:30:00,6.0,6.0,4.0,4.0,4.0,2.726314734511733,133.11381057689147,123.75929065371629,False,0.0
2022-09-20 17:45:00,6.0,6.0,4.0,4.0,4.0,2.6378284830414183,131.51942989855488,129.5436625627231,False,0.0
2022-09-20 18:00:00,6.0,6.0,4.0,4.0,4.0,2.58843076094924,135.5162029102717,136.51261068773056,False,0.0
2022-09-20 18:15:00,6.0,7.0,4.0,4.0,4.0,2.722873152943733,136.3970618903262,135.5099525276552,False,0.0
2022-09-20 18:30:00,6.0,7.0,4.0,4.0,4.0,2.841203682443541,138.509298207362,137.9830839049006,False,0.0
2022-09-20 18:45:00,6.0,8.0,4.0,4.0,4.0,2.9263437864884496,137.79373329392143,139.35011652106715,False,0.0
2022-09-20 19:00:00,6.0,8.0,4.0,4.0,4.0,3.012762684261182,137.14216508543882,140.72059980665009,False,0.0
2022-09-20 19:15:00,6.0,8.0,4.0,4.0,4.0,3.020892460875119,136.3686761681109,141.6755493381254,False,0.0
2022-09-20 19:30:00,6.0,8.0,4.0,4.0,4.0,3.031101007695523,135.60335277007084,142.6347113845461,False,0.0
2022-09-20 19:45:00,6.0,8.0,4.0,4.0,4.0,2.94483425399754,136.1832118690509,144.94107634163294,False,0.0
2022-09-20 20:00:00,6.0,7.0,4.0,4.0,4.0,2.858106073636328,136.72972349796345,147.26370092484095,False,0.0
2022-09-20 20:15:00,6.0,7.0,4.0,4.0,4.0,2.833973140075698,139.11855978567914,149.61711869239528,False,0.0
2022-09-20 20:30:00,6.0,7.0,4.0,4.0,4.0,2.80819016940519,141.41970571279424,152.0057553090053,False,0.0
2022-09-20 20:45:00,6.0,7.0,4.0,3.0,4.0,2.6593290942679704,136.0814055556682,151.7006931773792,False,0.0
2022-09-20 21:00:00,3.0,7.0,4.0,3.0,4.0,2.51280812246149,130.76154663729938,151.40983606564214,False,0.0
2022-09-20 21:15:00,0.0,7.0,4.0,2.0,4.0,2.466921635715361,128.26238024763913,150.48246964380186,False,0.0
2022-09-20 21:30:00,0.0,7.0,4.0,1.0,3.0,2.422350414208547,125.7910709340759,149.6840724350647,False,0.0
2022-09-20 21:45:00,0.0,7.0,4.0,1.0,2.0,2.3011174405885275,115.20992113805106,134.09959580311394,False,0.0
2022-09-20 22:00:00,0.0,3.0,1.0,1.0,1.0,2.1158724482989975,104.93967276337935,118.5092238874893,False,0.0
2022-09-20 22:15:00,0.0,6.0,0.0,0.0,1.0,1.9944911527632683,92.94510543211658,108.80167600158954,False,0.0
2022-09-20 22:30:00,0.0,2.0,0.0,0.0,0.0,1.6288943043470676,81.52546392504789,98.87573268884331,False,0.0
2022-09-20 22:45:00,0.0,2.0,0.0,0.0,0.0,1.4889299727464,75.66670365861454,96.75507413642161,False,0.0
2022-09-20 23:00:00,0.0,0.0,0.0,0.0,0.0,1.5545527475826646,69.61096713029785,94.25754836865968,False,0.0
2022-09-20 23:15:00,0.0,1.0,0.0,0.0,0.0,1.550729489640679,68.84789053092324,86.5232618600619,False,0.0
2022-09-20 23:30:00,0.0,0.0,0.0,0.0,0.0,1.37321109395432,68.16397921026528,78.36994989578234,False,0.0
2022-09-20 23:45:00,0.0,0.0,0.0,0.0,0.0,1.3050911681155681,64.84069480950345,72.90513320609982,False,0.0
