timestamp,dt_hours,total_load_kw,total_load_kvar,control_iterations,pf_solve_count,pf_iterations_total,pf_iterations,converged,min_v_pu,max_v_pu,loss_kw,loss_kvar,source_p_kw,source_q_kvar,voltage_low_count,voltage_high_count,voltage_unbalance_count,line_thermal_violation_count,transformer_thermal_violation_count,max_voltage_unbalance_pct,max_line_loading_pct,max_transformer_loading_pct,reverse_power_flow,reverse_power_kw,voltage_headroom_pu,line_loading_headroom_pct,transformer_loading_headroom_pct,binding_constraint,pv_632_a_p_kw,pv_632_a_q_kvar,pv_670_c_p_kw,pv_670_c_q_kvar,pv_671_a_p_kw,pv_671_a_q_kvar,pv_675_a_p_kw,pv_675_a_q_kvar,pv_675_c_p_kw,pv_675_c_q_kvar,pv_634_abc_p_kw,pv_634_abc_q_kvar,bess_671_b_p_kw,bess_671_b_q_kvar,bess_645_b_p_kw,bess_645_b_q_kvar,bess_684_a_p_kw,bess_684_a_q_kvar,ev_671_c_p_kw,ev_671_c_q_kvar,ev_675_b_p_kw,ev_675_b_q_kvar,ev_611_c_p_kw,ev_611_c_q_kvar,wind_680_abc_p_kw,wind_680_abc_q_kvar,bess_671_b_soc_pct,bess_645_b_soc_pct,bess_684_a_soc_pct
2022-09-20 00:00:00,0.25,2281.831,1372.609,8,9,24,2,True,0.9975806143082063,1.0499171748746985,44.78909091794485,128.8373831126741,-2314.8113504652074,-806.805336076176,0.0,0.0,0.0,0.0,0.0,1.2336095891134518,61.26868794784007,67.46340680619544,False,0.0,8.28251253015555e-05,38.73131205215993,32.53659319380456,voltage,0.0,-8.002757328617127,0.0,-2.82177591298971,0.0,-1.0705760457266678,0.0,0.741909840801025,0.0,0.292713501865427,0.0,-9.001699358147608,0.0,0.0,0.0,0.0,0.0,0.0,0.0,0.0,0.0,0.0,0.0,0.0,20.3019,0.0,55.0,60.0,50.0
2022-09-20 00:15:00,0.25,2235.9790000000007,1346.0909999999997,8,9,19,2,True,0.9976829276258404,1.0499203501052823,43.0747930926268,123.52614000911203,-2259.39566710035,-775.5807149129596,0.0,0.0,0.0,0.0,0.0,1.2439787105353224,60.35172704352835,65.79036102894374,False,0.0,7.96498947177593e-05,39.64827295647165,34.209638971056265,voltage,0.0,-8.068656466365887,0.0,-2.985487496548811,0.0,-1.2406311551763416,0.0,0.5053175677279809,0.0,-0.015684678305882827,0.0,-9.900632252501463,0.0,0.0,0.0,0.0,0.0,0.0,0.0,0.0,0.0,0.0,0.0,0.0,28.6429,0.0,55.0,60.0,50.0
2022-09-20 00:30:00,0.25,2190.13,1319.5720000000003,8,9,20,2,True,0.9978587667701918,1.0515475348857926,41.2334221861567,117.77998039154846,-2197.5185097626636,-744.0841645428275,0.0,1.0,0.0,0.0,0.0,1.252225124728151,59.29567962911002,64.12223975923273,False,0.0,-0.001547534885792512,40.70432037088998,35.87776024076727,voltage,0.0,-8.148459038061318,0.0,-3.1626841332178524,0.0,-1.440328669585078,0.0,0.231252669258164,0.0,-0.3520867928815119,0.0,-10.822374951170865,0.0,0.0,0.0,0.0,0.0,0.0,0.0,0.0,0.0,0.0,0.0,0.0,43.435,0.0,55.0,60.0,50.0
2022-09-20 00:45:00,0.25,2144.288,1286.834,6,7,18,2,True,0.9919574728595643,1.046380933617103,39.522264265877155,112.26742171805667,-2139.3600509917046,-698.6780887290328,0.0,0.0,0.0,0.0,0.0,1.2736452829091973,58.52458533062054,62.30878682994052,False,0.0,0.003619066382896996,41.47541466937946,37.69121317005948,voltage,0.0,-6.08921536559407,0.0,-3.554996828799728,0.0,0.9677127026829879,0.0,3.3260272068650343,0.0,-1.2667496943520762,0.0,-8.089436631148473,0.0,0.0,0.0,0.0,0.0,0.0,0.0,0.0,0.0,0.0,0.0,0.0,52.2291,0.0,55.0,60.0,50.0
2022-09-20 01:00:00,0.25,2098.447,1254.093,7,8,20,2,True,0.9917012730772109,1.047600385630571,38.15585807009466,107.92940739390197,-2092.154591844433,-659.024809555077,0.0,0.0,0.0,0.0,0.0,1.2003722062677291,57.955502740539245,60.7166233835073,False,0.0,0.0023996143694291483,42.044497259460755,39.2833766164927,voltage,0.0,-6.104114848839581,0.0,-2.4008905102204103,0.0,1.1039553370366662,0.0,3.573991585732683,0.0,-0.01754417927127827,0.0,-7.1285921001370545,0.0,0.0,0.0,0.0,0.0,0.0,0.0,0.0,0.0,0.0,0.0,0.0,51.0306,0.0,55.0,60.0,50.0
2022-09-20 01:15:00,0.25,2111.413,1261.1389999999997,7,8,17,2,True,0.9932765751752702,1.0467345729999564,38.134565903357114,108.44643741072625,-2096.2625981536517,-668.3874924665224,0.0,0.0,0.0,0.0,0.0,1.2112714889626215,57.43042005365668,58.81376572470951,False,0.0,0.003265427000043619,42.56957994634332,41.18623427529049,voltage,0.0,-6.358335564174656,0.0,-2.111236624195101,0.0,0.5627956137984391,0.0,2.850177228895412,0.0,0.6318773284261281,0.0,-7.389370949304319,0.0,0.0,0.0,0.0,0.0,0.0,0.0,0.0,0.0,0.0,0.0,0.0,59.8444,0.0,55.0,60.0,50.0
2022-09-20 01:30:00,0.25,2124.379,1268.184,8,9,19,2,True,0.995051831307603,1.0459388965884129,37.583181963873535,107.21538158243796,-2079.9059305721494,-676.2320566493755,0.0,0.0,0.0,0.0,0.0,1.2196433962791717,56.467528821514314,56.92257143584325,False,0.0,0.004061103411587164,43.532471178485686,43.07742856415675,voltage,0.0,-6.655587804243135,0.0,-1.8612822250644867,0.0,-0.07159014555311316,0.0,2.0097140139732073,0.0,1.1993418539099632,0.0,-7.732578770901699,0.0,0.0,0.0,0.0,0.0,0.0,0.0,0.0,0.0,0.0,0.0,0.0,88.6464,0.0,55.0,60.0,50.0
2022-09-20 01:45:00,0.25,2070.1009999999997,1240.3470000000002,8,9,19,2,True,0.9967984611185285,1.0460356326490874,34.91000320630309,99.22691130680262,-2006.737289359671,-642.854916717634,0.0,0.0,0.0,0.0,0.0,1.1864727606053516,54.06037175189433,55.678836379337305,False,0.0,0.0039643673509126565,45.93962824810567,44.321163620662695,voltage,0.0,-7.00379217336724,0.0,-2.1703413261966453,0.0,-0.769060860512738,0.0,1.024899567497406,0.0,0.47440800508426473,0.0,-8.582614201526106,0.0,0.0,0.0,0.0,0.0,0.0,0.0,0.0,0.0,0.0,0.0,0.0,105.9362,0.0,55.0,60.0,50.0
2022-09-20 02:00:00,0.25,2015.8239999999998,1212.504,8,9,19,2,True,0.9982064242867922,1.0460484331347788,33.047492761792164,93.80691865156014,-1959.5983985980959,-611.6774845200032,0.0,0.0,0.0,0.0,0.0,1.1615525712962602,52.21643839991595,54.42317992103233,False,0.0,0.0039515668652212455,47.78356160008405,45.57682007896767,voltage,0.0,-7.294578318162504,0.0,-2.4283139503047946,0.0,-1.3432377074357404,0.0,0.19497081253461168,0.0,-0.14563466000959702,0.0,-9.32502642048474,0.0,0.0,0.0,0.0,0.0,0.0,0.0,0.0,0.0,0.0,0.0,0.0,97.8447,0.0,55.0,60.0,50.0
2022-09-20 02:15:00,0.25,1956.544,1177.404,8,9,20,2,True,1.0000164404724967,1.045416105357742,30.868529500815267,87.29160822160834,-1901.2295667098417,-572.6435230602808,0.0,0.0,0.0,0.0,0.0,1.1010291079557584,50.10502324098838,55.09892862695585,False,0.0,0.004583894642258057,49.89497675901162,44.90107137304415,voltage,0.0,-7.67204594231834,0.0,-2.8382923192719622,0.0,-2.2204351479078177,0.0,-1.0532222758031784,0.0,-0.9859373378833802,0.0,-9.79466176612891,0.0,0.0,0.0,0.0,0.0,0.0,0.0,0.0,0.0,0.0,0.0,0.0,95.5306,0.0,55.0,60.0,50.0
2022-09-20 02:30:00,0.25,1897.2670000000005,1142.3029999999999,8,9,20,2,True,1.0000211868649467,1.0448316922985792,28.493220459498037,80.08803487654917,-1830.0229630827787,-533.0412820763419,0.0,0.0,0.0,0.0,0.0,1.0374363321439077,47.72725539148187,55.781207548483415,False,0.0,0.005168307701420849,52.27274460851813,44.218792451516585,voltage,0.0,-8.07332666814199,0.0,-3.271670887199596,0.0,-3.1506765730663133,0.0,-2.3671173831683046,0.0,-1.8744190013407769,0.0,-10.312800305710912,0.0,0.0,0.0,0.0,0.0,0.0,0.0,0.0,0.0,0.0,0.0,0.0,105.9038,0.0,55.0,60.0,50.0
2022-09-20 02:45:00,0.25,1853.985,1117.9300000000003,8,9,22,2,True,0.9985398912973878,1.0437156551979834,26.695712165444696,75.00250371153717,-1776.826721756244,-497.8165432483502,0.0,0.0,0.0,0.0,0.0,1.1692047298254333,46.242979920959016,55.14122119624021,False,0.0,0.0062843448020166726,53.757020079040984,44.85877880375979,voltage,0.0,-6.245452633061155,0.0,-3.6386359108005473,0.0,-1.3309594231089683,0.0,-0.16547441687697617,0.0,-2.6577826890490153,0.0,-9.100753441984665,0.0,0.0,0.0,0.0,0.0,0.0,0.0,0.0,0.0,0.0,0.0,0.0,113.0499,0.0,55.0,60.0,50.0
2022-09-20 03:00:00,0.25,1810.7050000000002,1093.559,8,9,19,2,True,0.9998520895407906,1.0425295161389039,25.166426224949667,70.78737731705972,-1734.7010372460231,-470.86057158645883,0.0,0.0,0.0,0.0,0.0,1.1199832855972438,44.98183338129947,54.717124048863575,False,0.0,0.007470483861096167,55.01816661870053,45.282875951136425,voltage,0.0,-6.476600947296108,0.0,-4.032763284128382,0.0,-1.761256161761171,0.0,-0.7829232951760412,0.0,-3.4948018277142223,0.0,-9.62180341919845,0.0,0.0,0.0,0.0,0.0,0.0,0.0,0.0,0.0,0.0,0.0,0.0,110.468,0.0,55.0,60.0,50.0
2022-09-20 03:15:00,0.25,1752.8179999999998,1061.783,8,9,19,2,True,1.0000315582901873,1.0425476925137416,23.552264114201257,66.15631275826328,-1677.8914842499514,-437.0405267237692,0.0,0.0,0.0,0.0,0.0,1.1010097782748782,42.98964338733553,53.31966478778527,False,0.0,0.007452307486258469,57.01035661266447,46.68033521221473,voltage,0.0,-6.860928954735435,0.0,-4.265879926007631,0.0,-2.587324084880027,0.0,-1.9079804975905557,0.0,-3.8484353441388452,0.0,-10.466700662081575,0.0,0.0,0.0,0.0,0.0,0.0,0.0,0.0,0.0,0.0,0.0,0.0,108.3232,0.0,55.0,60.0,50.0
2022-09-20 03:30:00,0.25,1694.9310000000005,1030.0059999999999,8,9,20,2,True,1.0000350974522538,1.0425974063262693,21.823205980322868,61.116574386540414,-1612.0302561697033,-402.89679675465686,0.0,0.0,0.0,0.0,0.0,1.0804380900154085,41.20600727373828,51.92832410894766,False,0.0,0.007402593673730751,58.79399272626172,48.07167589105234,voltage,0.0,-7.261496247782862,0.0,-4.515991407049724,0.0,-3.4500269677048223,0.0,-3.078402147235204,0.0,-4.237307637058718,0.0,-11.344411793669739,0.0,0.0,0.0,0.0,0.0,0.0,0.0,0.0,0.0,0.0,0.0,0.0,115.1381,0.0,55.0,60.0,50.0
2022-09-20 03:45:00,0.25,1693.819,1023.3620000000001,8,9,23,2,True,1.0000353712320054,1.0435110606993412,21.863019141841455,61.16841742558061,-1606.2315278671324,-392.72161159577274,0.0,0.0,0.0,0.0,0.0,1.0447786694982673,41.59752455795795,50.769041581779526,False,0.0,0.006488939300658858,58.40247544204205,49.230958418220474,voltage,0.0,-7.078031437694721,0.0,-3.0435734983573215,0.0,-3.065418633103878,0.0,-2.495447937650108,0.0,-2.2442139474027956,0.0,-9.848942655299586,0.0,0.0,0.0,0.0,0.0,0.0,0.0,0.0,0.0,0.0,0.0,0.0,118.1979,0.0,55.0,60.0,50.0
2022-09-20 04:00:00,0.25,1692.7080000000003,1016.716,8,9,19,2,True,1.0000354255377135,1.0444696003929526,21.957118382905698,61.33890244980641,-1604.0635783639325,-385.23822829914985,0.0,0.0,0.0,0.0,0.0,1.032848492910101,42.41556702446595,49.83655221327579,False,0.0,0.005530399607047487,57.58443297553405,50.16344778672421,voltage,0.0,-6.874278909715681,0.0,-3.118993884168586,0.0,-2.6499172888090783,0.0,-1.8720807827758978,0.0,-2.4310442928788145,0.0,-10.1542353503268,0.0,0.0,0.0,0.0,0.0,0.0,0.0,0.0,0.0,0.0,0.0,0.0,119.195,0.0,55.0,60.0,50.0
2022-09-20 04:15:00,0.25,1730.7759999999996,1045.697,8,9,20,2,True,1.000034381164902,1.0430030164437611,22.849302541020137,63.4265949311622,-1644.2018285332024,-415.59311682445207,0.0,0.0,0.0,0.0,0.0,1.0181431769240221,42.6877192655964,52.67137619501183,False,0.0,0.0069969835562389004,57.3122807344036,47.32862380498817,voltage,0.0,-6.772114230522963,0.0,-3.124442541664385,0.0,-2.5296286370537047,0.0,-1.755218819061155,0.0,-2.4031979619274724,0.0,-9.049249122043523,0.0,0.0,0.0,0.0,0.0,0.0,0.0,0.0,0.0,0.0,0.0,0.0,118.001,0.0,55.0,60.0,50.0
2022-09-20 04:30:00,0.25,1768.8419999999999,1074.682,8,9,19,2,True,1.00003333842999,1.0415271472168333,23.82357868231434,65.682197970423,-1684.1585751916925,-446.0822366647925,0.0,0.0,0.0,0.0,0.0,1.0040498802682563,42.95737489183486,55.51105006632082,False,0.0,0.008472852783166784,57.04262510816514,44.48894993367918,voltage,0.0,-6.67157849160358,0.0,-3.1308664283752896,0.0,-2.4119050697327005,0.0,-1.6415734822927686,0.0,-2.3769908399328465,0.0,-7.942256752980548,0.0,0.0,0.0,0.0,0.0,0.0,0.0,0.0,0.0,0.0,0.0,0.0,116.9983,0.0,55.0,60.0,50.0
2022-09-20 04:45:00,0.25,1744.0319999999997,1056.9750000000001,8,9,20,2,True,1.000034071699594,1.0420098635378512,23.166594148683057,64.09969348135046,-1659.7481494292915,-428.6150372768703,0.0,0.0,0.0,0.0,0.0,1.0359027575896822,42.09435089815886,52.56256740931122,False,0.0,0.007990136462148856,57.90564910184114,47.43743259068878,voltage,0.0,-6.94953177701696,0.0,-3.0280297135546475,0.0,-2.8659990065735386,0.0,-2.225849285773296,0.0,-2.285777326154259,0.0,-8.83970867803301,0.0,0.0,0.0,0.0,0.0,0.0,0.0,0.0,0.0,0.0,0.0,0.0,116.2482,0.0,55.0,60.0,50.0
2022-09-20 05:00:00,0.25,1719.2240000000002,1039.27,8,9,20,2,True,1.0000347868997026,1.0424903904060818,22.572843020092574,62.666311394354324,-1636.0394500253592,-411.27439821620914,0.0,0.0,0.0,0.0,0.0,1.0680486601242687,41.76698862696245,49.61919956073936,False,0.0,0.007509609593918221,58.23301137303755,50.38080043926064,voltage,0.0,-7.225770161660206,0.0,-2.923722992114186,0.0,-3.316547896934008,0.0,-2.805701583485476,0.0,-2.1916088646000587,0.0,-9.732054337255903,0.0,0.0,0.0,0.0,0.0,0.0,0.0,0.0,0.0,0.0,0.0,0.0,114.834,0.0,55.0,60.0,50.0
2022-09-20 05:15:00,0.25,1843.397,1108.223,8,9,19,2,True,0.998887437591839,1.0449716152511221,26.855618225731334,75.12152676190742,-1764.3668490866205,-485.9899035195771,0.0,0.0,0.0,0.0,0.0,1.1808574620724692,46.556112667847074,52.165888708791975,False,0.0,0.005028384748877901,53.443887332152926,47.834111291208025,voltage,0.0,-6.29470429480492,0.0,-2.0198350403485277,0.0,-1.5378813952782622,0.0,-0.2859388595363166,0.0,-0.1629521233197817,0.0,-8.022017714632156,0.0,0.0,0.0,0.0,0.0,0.0,0.0,0.0,0.0,0.0,0.0,0.0,113.0099,0.0,55.0,60.0,50.0
2022-09-20 05:30:00,0.25,1967.5710000000001,1177.172,7,8,17,2,True,0.993426145991204,1.0474594786755573,31.736271010520227,89.17634292468804,-1891.9103547438904,-562.1704104781496,0.0,0.0,0.0,0.0,0.0,1.2976553290324984,51.8748896126754,54.72517315198979,False,0.0,0.0025405213244427127,48.1251103873246,45.27482684801021,voltage,0.0,-5.352575205622944,0.0,-1.114221492798717,0.0,0.2531474015227353,0.0,2.2512599346090623,0.0,1.8702848912292958,0.0,-6.299343463777718,0.0,0.0,0.0,0.0,0.0,0.0,0.0,0.0,0.0,0.0,0.0,0.0,112.4814,0.0,55.0,60.0,50.0
2022-09-20 05:45:00,0.25,2519.108,1512.1979999999999,8,9,25,2,True,0.9816923570300369,1.0436455704203145,53.24431815924749,152.37029543561678,-2460.584501993279,-951.626031731981,0.0,0.0,0.0,0.0,0.0,1.3863362864966005,67.4167836565794,65.1418281025403,False,0.0,0.006354429579685572,32.5832163434206,34.8581718974597,voltage,0.0,-4.723532171873456,0.0,0.25267207240084466,0.0,3.230877375690433,0.0,6.350286290703833,0.0,5.976452879665567,0.0,-1.696253266216119,0.0,0.0,0.0,0.0,0.0,0.0,0.0,0.0,0.0,0.0,0.0,0.0,111.9611,0.0,55.0,60.0,50.0
2022-09-20 06:00:00,0.25,3070.6459999999997,1847.222,8,9,25,2,True,0.9695712485082254,1.0498347194839588,81.36765294404552,235.39778239538973,-3033.614763061331,-1358.8686708597365,0.0,0.0,0.0,0.0,0.0,1.6646646560780658,83.15306709507678,75.84016382576709,False,0.0,0.00016528051604125515,16.84693290492322,24.159836174232908,voltage,0.0,-4.029724599304041,0.0,1.696156380297409,0.0,6.303155115933423,0.0,10.57765909041991,0.0,10.221968883042488,0.0,1.1988496193910958,0.0,0.0,0.0,0.0,0.0,0.0,0.0,0.0,0.0,0.0,0.0,0.0,112.6293,0.0,55.0,60.0,50.0
2022-09-20 06:15:00,0.25,2831.247,1705.4139999999998,8,9,21,2,True,0.9795410035413794,1.0498616000736278,67.6949935429852,193.38253686442337,-2785.02934595146,-1181.6803030500619,0.0,0.0,0.0,0.0,0.0,1.4749995713341988,76.3316411166135,74.91993746980634,False,0.0,0.00013839992637221243,23.668358883386503,25.080062530193658,voltage,0.0,-4.793022361281274,0.0,-0.08554613208217043,0.0,4.85630933103538,0.0,8.516877126463262,0.0,6.072802093873181,0.0,-1.745618463093579,0.0,0.0,0.0,0.0,0.0,0.0,0.0,0.0,0.0,0.0,0.0,0.0,113.2755,0.0,55.0,60.0,50.0
2022-09-20 06:30:00,0.25,2591.849,1563.607,8,9,21,2,True,0.9828111151419966,1.0498879984724838,55.91163341832323,156.97329119098393,-2538.378491060817,-1009.7825018270665,0.0,0.0,0.0,0.0,0.0,1.2980711213435607,69.59389588521613,73.99844365594537,False,0.0,0.00011200152751622561,30.406104114783872,26.001556344054634,voltage,0.0,-5.538415163924659,0.0,-1.8229930909679504,0.0,3.4367660725143523,0.0,6.492628108723586,0.0,2.0142185812929982,0.0,-4.6307420160683455,0.0,0.0,0.0,0.0,0.0,0.0,0.0,0.0,0.0,0.0,0.0,0.0,113.6044,0.0,55.0,60.0,50.0
2022-09-20 06:45:00,0.25,2477.4129999999996,1513.884,7,8,17,2,True,0.9905283161326903,1.0498984915099803,51.21570121776771,144.68023732656476,-2426.040051881529,-955.7611577007173,0.0,0.0,0.0,0.0,0.0,1.4043194175858962,64.386189113938,74.93494771039177,False,0.0,0.00010150849001977491,35.613810886062,25.065052289608232,voltage,0.0,-6.985490993077081,0.0,-1.4836546821889174,0.0,0.4249395238306697,0.0,2.3854166412446975,0.0,2.925090629369065,0.0,-5.435037328329062,0.0,0.0,0.0,0.0,0.0,0.0,0.0,0.0,0.0,0.0,0.0,0.0,108.8697,0.0,55.0,60.0,50.0
2022-09-20 07:00:00,0.25,2362.9740000000006,1464.16,8,9,20,2,True,0.9880029444086945,1.049908512986947,47.48061410376932,134.87449489915204,-2318.485922508059,-903.8148709291846,0.0,0.0,0.0,0.0,0.0,1.53845342345867,64.60848629778786,75.87730945886558,False,0.0,9.148701305305984e-05,35.39151370221214,24.122690541134418,voltage,0.0,-8.402831071750505,0.0,-1.131299586494161,0.0,-2.5288360135625965,0.0,-1.6420628034470308,0.0,3.8580677477665914,0.0,-6.204479000719765,0.0,0.0,0.0,0.0,0.0,0.0,0.0,0.0,0.0,0.0,0.0,0.0,99.9476,0.0,55.0,60.0,50.0
2022-09-20 07:15:00,0.25,2442.77,1495.625,8,9,19,2,True,0.9876501366021259,1.0527988884686665,51.78272268356547,145.64160162854316,-2405.2071774887227,-937.4839434528093,0.0,4.0,0.0,0.0,0.0,1.5030187792266494,64.49823813955689,86.52096365280053,False,0.0,-0.002798888468666494,35.50176186044311,13.479036347199468,voltage,0.0,-7.418238407109145,0.0,-0.9430438378371653,0.0,-0.5260667643797845,0.0,1.483539998602068,0.0,3.976729441414201,0.0,-3.461053416976534,0.0,0.0,0.0,0.0,0.0,0.0,0.0,0.0,0.0,0.0,0.0,0.0,96.3351,0.0,55.0,60.0,50.0
2022-09-20 07:30:00,0.25,2522.5640000000003,1527.0919999999999,7,8,17,2,True,0.9875249007542641,1.0566159349939985,56.54787476578543,156.91246161519973,-2479.7023801272376,-971.7601153024426,0.0,4.0,0.0,0.0,0.0,1.499928612728878,69.49622396301012,97.22060312302713,False,0.0,-0.006615934993998485,30.503776036989876,2.779396876972868,voltage,0.0,-6.4224410703491275,0.0,-0.7917337892685561,0.0,1.4892696049904064,0.0,4.632766691240741,0.0,4.011447731537526,0.0,-0.7426114066419798,0.0,0.0,0.0,0.0,0.0,0.0,0.0,0.0,0.0,0.0,0.0,0.0,105.697,0.0,55.0,60.0,50.0
2022-09-20 07:45:00,0.25,2435.385,1469.3920000000003,6,7,15,2,True,0.9894873216988898,1.0584692334727026,52.296970067941416,144.9963141389183,-2385.7800837407412,-907.2086667309215,0.0,4.0,0.0,0.0,0.0,1.4907440350379877,66.78058894773,85.15990425396012,False,0.0,-0.008469233472702564,33.219411052270004,14.840095746039879,voltage,0.0,-6.825392228263317,0.0,-1.1178579430479174,0.0,0.7581899764321776,0.0,3.7167431922202065,0.0,3.284198808361044,0.0,-4.224234273983707,0.0,0.0,0.0,0.0,0.0,0.0,0.0,0.0,0.0,0.0,0.0,0.0,110.0454,0.0,55.0,60.0,50.0
2022-09-20 08:00:00,0.25,2348.205,1411.696,7,8,20,2,True,0.9914217614906051,1.0538131592910518,48.56683031492228,134.40600252628286,-2294.99439354443,-843.6139459507687,0.0,4.0,0.0,0.0,0.0,1.329792171464127,64.187213309062,72.93928332107119,False,0.0,-0.0038131592910517487,35.812786690938,27.060716678928813,voltage,0.0,-7.2308216183564085,0.0,-1.4461125482292392,0.0,0.027153592221340617,0.0,2.7985261850136944,0.0,2.5688282926434383,0.0,-5.819268717089132,0.0,0.0,0.0,0.0,0.0,0.0,0.0,0.0,0.0,0.0,0.0,0.0,109.9226,0.0,55.0,60.0,50.0
2022-09-20 08:15:00,0.25,2382.704,1430.9879999999998,8,9,21,2,True,0.9861212920391642,1.0499111949210358,47.96978420881149,135.30625437134472,-2317.1683098518306,-871.0317907958037,0.0,0.0,0.0,0.0,0.0,1.2975057389713713,63.62693700710656,68.19847900782095,False,0.0,8.880507896424916e-05,36.37306299289344,31.80152099217905,voltage,1.4914,-8.598177412324093,1.0653,-0.6752085744580749,1.7045,-2.348410338276441,2.1306,-0.3518615789858126,1.4914,4.286655391989474,3.8352,-6.240203153110646,0.0,0.0,0.0,0.0,0.0,0.0,0.0,0.0,0.0,0.0,0.0,0.0,109.2187,0.0,55.0,60.0,50.0
2022-09-20 08:30:00,0.25,2417.2000000000003,1450.276,8,9,24,2,True,0.9803658839531115,1.0436689180991934,48.65612912688266,139.6001273136104,-2348.4262530290075,-893.7881728323927,0.0,0.0,0.0,0.0,0.0,1.4800347077256277,67.87692890620622,63.62625797008259,False,0.0,0.006331081900806668,32.12307109379378,36.37374202991741,voltage,2.1367,-7.827248607007908,1.5262,0.17962372713725694,2.4419,-2.3290917369434005,3.0524,-0.48778606635202504,2.1367,6.165529827995947,5.4943,-4.760004386519157,0.0,0.0,0.0,0.0,0.0,0.0,0.0,0.0,0.0,0.0,0.0,0.0,105.8962,0.0,55.0,60.0,50.0
2022-09-20 08:45:00,0.25,2425.081,1461.329,8,9,20,2,True,0.9827180530379653,1.0436688888622303,47.602035584434866,137.49170115093963,-2347.115318642633,-903.3548482133621,0.0,0.0,0.0,0.0,0.0,1.4091348782279742,67.03957587397932,64.99597116949396,False,0.0,0.0063311111377697404,32.96042412602068,35.004028830506044,voltage,3.3097,-7.5538600064847365,2.3641,-0.22765647012429335,3.7825,-2.2240696247298963,4.7282,-0.6999575179976736,3.3097,5.447624185574085,8.5107,-4.316580606385667,0.0,0.0,0.0,0.0,0.0,0.0,0.0,0.0,0.0,0.0,0.0,0.0,105.1821,0.0,55.0,60.0,50.0
2022-09-20 09:00:00,0.25,2432.9610000000002,1472.3819999999998,8,9,20,2,True,0.9850462385022973,1.043668702253032,46.79311463308507,135.84949537845515,-2345.392881790568,-913.2838163883079,0.0,0.0,0.0,0.0,0.0,1.3419371522114685,66.1985490202701,66.52648716005884,False,0.0,0.0063312977469680565,33.80145097972991,33.473512839941165,voltage,4.1484,-7.272598630153837,2.9631,-0.6290263414078789,4.741,-2.110954325876069,5.9263,-0.8991591650591158,4.1484,4.739062533523897,10.6673,-3.8466920570221053,0.0,0.0,0.0,0.0,0.0,0.0,0.0,0.0,0.0,0.0,0.0,0.0,107.7091,0.0,55.0,60.0,50.0
2022-09-20 09:15:00,0.25,2425.6139999999996,1469.635,8,9,20,2,True,0.9860625399652831,1.0436710444728818,46.6456067406295,134.67993310748787,-2331.9433502963316,-907.5192080510976,0.0,0.0,0.0,0.0,0.0,1.3456155340040508,65.32843249692074,66.51509708213474,False,0.0,0.006328955527118207,34.67156750307926,33.484902917865256,voltage,4.6862,-6.976992314042874,3.3473,-0.6696777994736891,5.3557,-1.5096628833047632,6.6946,0.05172999150171442,4.6862,4.631930099471254,12.0503,-3.978132288559788,0.0,0.0,0.0,0.0,0.0,0.0,0.0,0.0,0.0,0.0,0.0,0.0,109.8619,0.0,55.0,60.0,50.0
2022-09-20 09:30:00,0.25,2418.2680000000005,1466.887,8,9,19,2,True,0.9870125334247587,1.0436736847472172,46.70735019505232,134.023654977228,-2321.3233629043616,-902.1737165436555,0.0,0.0,0.0,0.0,0.0,1.354696037919981,64.51857599843011,66.62298735527187,False,0.0,0.0063263152527828215,35.48142400156989,33.377012644728126,voltage,4.9379,-6.670911491130605,3.5271,-0.6991135022573203,5.6434,-0.8895472287851369,7.0542,1.0292031233157806,4.9379,4.545613176674923,12.6975,-4.080438691903354,0.0,0.0,0.0,0.0,0.0,0.0,0.0,0.0,0.0,0.0,0.0,0.0,111.6243,0.0,55.0,60.0,50.0
2022-09-20 09:45:00,0.25,2579.053,1566.876,8,9,19,2,True,0.9844922427516151,1.0436595411242902,51.55061093560433,148.66714195622956,-2473.186845145494,-1016.1139957139717,0.0,0.0,0.0,0.0,0.0,1.3316512234211988,69.086195326347,65.02532105064577,False,0.0,0.006340458875709887,30.913804673653004,34.97467894935423,voltage,6.6317,-6.646249240669122,4.7369,-0.2597052483606088,7.5791,-0.522563974302237,9.4739,1.342564324336215,6.6317,5.168136899750553,17.0529,-2.402644786771524,0.0,0.0,0.0,0.0,0.0,0.0,0.0,0.0,0.0,0.0,0.0,0.0,109.7034,0.0,55.0,60.0,50.0
2022-09-20 10:00:00,0.25,2739.842,1666.8650000000002,8,9,20,2,True,0.9818803579025971,1.043653144663892,57.494170572351265,166.2516594097708,-2631.6332431986566,-1132.4565798509964,0.0,0.0,0.0,0.0,0.0,1.3283360084090416,73.81259917359702,66.63858799720424,False,0.0,0.006346855336108126,26.18740082640298,33.36141200279576,voltage,8.0046,-6.606587562573141,5.7176,0.19502692610451344,9.1482,-0.1209591295603829,11.4352,1.7010166933672521,8.0046,5.820158805582038,20.5834,-0.6660448832143118,0.0,0.0,0.0,0.0,0.0,0.0,0.0,0.0,0.0,0.0,0.0,0.0,104.1408,0.0,55.0,60.0,50.0
2022-09-20 10:15:00,0.25,2703.12,1655.6229999999998,8,9,20,2,True,0.9791967114091721,1.0436572219311986,56.319020146916586,163.49650245835363,-2581.704454668634,-1121.3458037644207,0.0,0.0,0.0,0.0,0.0,1.4280435217261274,74.73582662109467,68.85267691853613,False,0.0,0.006342778068801458,25.264173378905326,31.147323081463867,voltage,10.015,-7.454594702904926,7.1536,0.5330423535014339,11.4457,-1.8888218376056365,14.3072,-0.5652626237276914,10.015,6.833448549358301,25.7529,0.1722384268976529,0.0,0.0,0.0,0.0,0.0,0.0,0.0,0.0,0.0,0.0,0.0,0.0,100.641,0.0,55.0,60.0,50.0
2022-09-20 10:30:00,0.25,2666.4010000000003,1644.3850000000002,8,9,20,2,True,0.976462515815343,1.0436612412261288,55.59017577565589,161.53569354623644,-2530.0810639834654,-1110.8368748906073,0.0,0.0,0.0,0.0,0.0,1.5309616604836576,75.62132365750152,74.34625132162145,False,0.0,0.006338758773871245,24.37867634249848,25.653748678378548,voltage,11.6629,-8.302863190891186,8.3306,0.8805618410986649,13.329,-3.6624467252491577,16.6613,-2.8341283108523907,11.6629,7.866342859541814,29.9903,1.0442672166495526,0.0,0.0,0.0,0.0,0.0,0.0,0.0,0.0,0.0,0.0,0.0,0.0,101.9171,0.0,55.0,60.0,50.0
2022-09-20 10:45:00,0.25,2749.35,1689.792,8,9,25,2,True,0.9778941589837045,1.049865856940418,58.67532941012049,170.84836616357487,-2585.760275734446,-1166.3152772772382,0.0,0.0,0.0,0.0,0.0,1.561654338125862,78.41893967581379,72.11556405327066,False,0.0,0.00013414305958203698,21.58106032418621,27.88443594672934,voltage,15.7867,-7.8855093331159365,11.2762,0.26128963431459873,18.0419,-3.1096307183043237,22.5524,-2.0657940649287942,15.7867,7.59889786823002,40.5943,-0.4572579990711034,0.0,0.0,0.0,0.0,0.0,0.0,0.0,0.0,0.0,0.0,0.0,0.0,101.4676,0.0,55.0,60.0,50.0
2022-09-20 11:00:00,0.25,2832.2960000000003,1735.1979999999999,8,9,21,2,True,0.9718438156062876,1.0498522460210293,63.46426601508135,184.88064408490274,-2668.034976193933,-1222.2917766861854,0.0,0.0,0.0,0.0,0.0,1.679013429459519,82.06480880147731,74.5311441306279,False,0.0,0.00014775397897071052,17.935191198522688,25.468855869372106,voltage,16.7769,-7.425212528499747,11.9835,1.3627780223680608,19.1736,-2.4893079935992546,23.967,-1.1878160897474954,16.7769,9.854664327557462,43.1406,0.1767108967503206,0.0,0.0,0.0,0.0,0.0,0.0,0.0,0.0,0.0,0.0,0.0,0.0,97.842,0.0,55.0,60.0,50.0
2022-09-20 11:15:00,0.25,2805.354999999999,1712.4120000000003,8,9,20,2,True,0.9748002034660294,1.0498613425840102,61.409117091171765,178.97762851247077,-2622.286917752905,-1191.809990098805,0.0,0.0,0.0,0.0,0.0,1.6603392403266655,79.61964826898546,72.31085099462648,False,0.0,0.00013865741598984016,20.380351731014542,27.689149005373523,voltage,19.3431,-6.9629998898106615,13.8165,0.8530699056618907,22.1064,-1.107927473954451,27.633,0.7275049079530915,19.3431,8.81098431235125,49.7394,-1.3107349670544055,0.0,0.0,0.0,0.0,0.0,0.0,0.0,0.0,0.0,0.0,0.0,0.0,94.9393,0.0,55.0,60.0,50.0
2022-09-20 11:30:00,0.25,2778.408999999999,1689.6259999999997,7,8,18,2,True,0.9773749150689208,1.049870438150005,59.67689253205531,173.7998033061821,-2577.1767551604685,-1161.856913560236,0.0,0.0,0.0,0.0,0.0,1.6551271156434026,77.19441755923555,70.10863549200245,False,0.0,0.00012956184999501907,22.805582440764454,29.89136450799755,voltage,21.4295,-6.494068221431881,15.3068,0.3575023356027496,24.4909,0.2806649205743472,30.6136,2.657834961986516,21.4295,7.792037071286489,55.1045,-2.7629851238414105,0.0,0.0,0.0,0.0,0.0,0.0,0.0,0.0,0.0,0.0,0.0,0.0,95.3427,0.0,55.0,60.0,50.0
2022-09-20 11:45:00,0.25,2853.321,1735.1149999999998,8,9,21,2,True,0.9777958049384755,1.0498767415484471,64.28505283072504,185.02200670807937,-2639.1728395508353,-1207.307691139839,0.0,0.0,0.0,0.0,0.0,1.73324308162339,75.86938395000121,68.9055101819895,False,0.0,0.00012325845155292114,24.130616049998793,31.0944898180105,voltage,23.6514,-4.906896005331629,16.8939,0.16315327727078888,27.0302,3.5789796144091834,33.7877,7.291453927596669,23.6514,7.671944507348466,60.8179,-1.028468556965767,0.0,0.0,0.0,0.0,0.0,0.0,0.0,0.0,0.0,0.0,0.0,0.0,92.812,0.0,55.0,60.0,50.0
2022-09-20 12:00:00,0.25,2928.229,1780.6070000000002,8,9,25,2,True,0.9777849985421628,1.049881891725074,71.36208273788974,202.850437118001,-2740.3865889433837,-1265.786404613154,0.0,0.0,0.0,0.0,0.0,1.6965067968408014,75.30434128317751,73.66546665050167,False,0.0,0.00011810827492597653,24.695658716822493,26.33453334949833,voltage,22.1229,-5.288251319696458,15.8021,0.05847691747243311,25.2833,4.764653944753361,31.6042,9.30946144958722,22.1229,7.714777128056715,56.8875,-0.7232241286391883,0.0,0.0,0.0,0.0,0.0,0.0,0.0,0.0,0.0,0.0,0.0,0.0,83.7213,0.0,55.0,60.0,50.0
2022-09-20 12:15:00,0.25,3031.0,1840.5180000000003,8,9,20,2,True,0.9737847705360404,1.0498681113693529,75.13474923332477,215.9835223010101,-2840.255822218911,-1340.2645430732493,0.0,0.0,0.0,0.0,0.0,1.6450317512327735,78.72814772866175,71.8991909064874,False,0.0,0.00013188863064717005,21.271852271338247,28.100809093512595,voltage,23.5687,-5.440233809323591,16.8348,0.5424405467090998,26.9357,4.481008101386186,33.6696,8.81018639513098,23.5687,8.903369380847327,60.6052,0.20754382605264743,0.0,0.0,0.0,0.0,0.0,0.0,0.0,0.0,0.0,0.0,0.0,0.0,77.1835,0.0,55.0,60.0,50.0
2022-09-20 12:30:00,0.25,3133.765,1900.431,8,9,23,2,True,0.9706263958527452,1.0498551295063012,77.48222380322574,225.0781016091041,-2902.5159955576437,-1411.507572613753,0.0,0.0,0.0,0.0,0.0,1.7757662863204227,81.32049581678574,73.85526398379034,False,0.0,0.0001448704936988232,18.679504183214263,26.144736016209663,voltage,29.23,-5.682418300775027,20.8786,0.8763340003420383,33.4057,4.050725045939663,41.7571,8.095663175556156,29.23,9.781037837687995,75.1628,-1.1080918825820074,0.0,0.0,0.0,0.0,0.0,0.0,0.0,0.0,0.0,0.0,0.0,0.0,75.06,0.0,55.0,60.0,50.0
2022-09-20 12:45:00,0.25,3540.951,2137.197,8,9,25,2,True,0.9618505360410033,1.0560556194810649,101.56279182863622,300.59790034295963,-3323.1251165681024,-1721.0002793107942,0.0,2.0,0.0,0.0,0.0,1.837305367222546,94.61564875711673,86.43895879683276,False,0.0,-0.006055619481064811,5.38435124288327,13.561041203167235,voltage,30.3898,-6.14055380544658,21.707,1.990318722544987,34.7312,5.551648944028242,43.414,10.16141789684083,30.3898,12.87334831157726,78.1452,-0.13698474918528714,0.0,0.0,0.0,0.0,0.0,0.0,0.0,0.0,0.0,0.0,0.0,0.0,71.8482,0.0,55.0,60.0,50.0
2022-09-20 13:00:00,0.25,3948.133,2373.9629999999997,8,9,25,2,True,0.9535665814088972,1.0622546923956147,127.85502154226265,383.7164800807054,-3719.072121454602,-2038.3208917403404,0.0,2.0,1.0,1.0,0.0,2.0909197728651594,107.41946038088173,98.71405060222682,False,0.0,-0.012254692395614608,-7.4194603808817305,1.2859493977731802,voltage,35.3706,-6.647889183635025,25.2647,3.019557892229491,40.4236,6.97990093521228,50.5295,12.109633575626887,35.3706,15.780518892871903,90.9531,-1.2846906912598044,0.0,0.0,0.0,0.0,0.0,0.0,0.0,0.0,0.0,0.0,0.0,0.0,66.4595,0.0,55.0,60.0,50.0
2022-09-20 13:15:00,0.25,4032.4709999999995,2426.261,8,9,21,2,True,0.9537743691632062,1.062251019553577,133.789666292842,400.6164995696282,-3813.486581552556,-2102.1317311814614,0.0,2.0,1.0,1.0,0.0,2.054598548811752,108.00753955240856,99.25420815838521,False,0.0,-0.012251019553576992,-8.00753955240856,0.7457918416147891,voltage,34.973,-5.653340097842774,24.9807,3.028719809375635,39.9691,8.653045729481734,49.9614,14.282252613358636,34.973,15.852322476178838,89.9305,0.22996355645842348,0.0,0.0,0.0,0.0,0.0,0.0,0.0,0.0,0.0,0.0,0.0,0.0,63.9567,0.0,55.0,60.0,50.0
2022-09-20 13:30:00,0.25,4116.811,2478.558,8,9,24,2,True,0.9582317148537124,1.062246125563015,140.72777888609627,421.3033760379306,-3954.2673825228653,-2167.3325125410065,0.0,2.0,1.0,1.0,0.0,2.070870453776541,106.94706647081213,98.27912897439941,False,0.0,-0.012246125563014854,-6.947066470812132,1.7208710256005872,voltage,42.5029,-3.97623291402035,30.3592,2.213040758836077,48.5748,11.757917207809276,60.7185,18.188520793425145,42.5029,14.375420079118612,109.2933,-0.25239609053981926,-55.0,0.0,-33.0,0.0,-27.5,0.0,0.0,0.0,0.0,0.0,0.0,0.0,67.2256,0.0,58.265625,63.265625,53.265625
2022-09-20 13:45:00,0.25,3995.146,2392.5100000000007,8,9,21,2,True,0.9635892590822182,1.0622652937033485,128.6962866881825,382.58123748698455,-3771.826765621779,-2046.9176803856235,0.0,2.0,0.0,1.0,0.0,1.990014080218804,101.63347582197042,93.39725909581294,False,0.0,-0.012265293703348501,-1.6334758219704213,6.602740904187058,voltage,49.1313,-4.467116559890227,35.0938,1.3912736736960696,56.1501,10.895844936049581,70.1876,17.38890467880183,49.1313,12.214642647623203,126.3377,-2.5613121590981613,-55.0,0.0,-33.0,0.0,-27.5,0.0,0.0,0.0,0.0,0.0,0.0,0.0,68.1618,0.0,61.53125,66.53125,56.53125
2022-09-20 14:00:00,0.25,3873.4819999999995,2306.4519999999998,8,9,20,2,True,0.9655860229023098,1.0622816539903486,122.34155567428903,360.2025094718947,-3676.560695041207,-1940.2110904642414,0.0,3.0,0.0,0.0,0.0,1.968279743021739,98.1495820433252,90.1966627094245,False,0.0,-0.012281653990348529,1.8504179566748036,9.803337290575499,voltage,45.9119,-4.69325167539777,32.7942,0.974213830462034,52.4707,10.458172313548664,65.5884,17.20698792296538,45.9119,10.838183756204467,118.059,-3.9546491997592748,-55.0,0.0,-33.0,0.0,-27.5,0.0,0.0,0.0,0.0,0.0,0.0,0.0,64.4326,0.0,64.796875,69.796875,59.796875
2022-09-20 14:15:00,0.25,3820.7569999999996,2277.784,8,9,23,2,True,0.9639770760050156,1.0622925851905376,118.74385406686461,348.5583290275333,-3620.712538942305,-1898.5019350745913,0.0,6.0,0.0,0.0,0.0,1.89319468249722,97.70103255435153,89.78312000621594,False,0.0,-0.012292585190537553,2.298967445648472,10.216879993784062,voltage,46.6676,-4.331842529100949,33.334,0.12793799668370243,53.3344,11.13846329230559,66.668,18.011461062317547,46.6676,9.196633302719142,120.0023,-3.865676346041713,-55.0,0.0,-33.0,0.0,-27.5,0.0,0.0,0.0,0.0,0.0,0.0,0.0,59.1953,0.0,68.0625,73.0625,63.0625
2022-09-20 14:30:00,0.25,3768.033000000001,2249.1169999999997,9,10,25,2,True,0.9620455294917653,1.0623032400318486,115.5469164356129,338.09703214455783,-3568.158290850533,-1857.8163848284776,0.0,6.0,0.0,0.0,0.0,1.824088232743734,97.48242570859573,89.58248312629391,False,0.0,-0.012303240031848572,2.517574291404273,10.417516873706091,voltage,47.4155,-3.963858445955215,33.8682,-0.7026727153651158,54.1892,11.8320796514785,67.7365,18.83287077025403,47.4155,7.584097434253395,121.9256,-3.756097910621836,-55.0,0.0,-33.0,0.0,-27.5,0.0,0.0,0.0,0.0,0.0,0.0,0.0,50.9419,0.0,71.328125,76.328125,66.328125
2022-09-20 14:45:00,0.25,3720.3840000000005,2223.647,9,10,24,2,True,0.962662231356688,1.062306399885661,115.1206726515124,336.58886214112795,-3574.951531115571,-1831.3829612943914,0.0,6.0,0.0,0.0,0.0,1.8212500107414493,97.51199673673403,89.60981142060372,False,0.0,-0.012306399885660957,2.4880032632659663,10.39018857939628,voltage,41.4201,-4.0727073336641055,29.5858,-0.8206747424484573,47.3373,11.516965431498916,59.1716,18.375839582649988,41.4201,7.4902284961294585,106.5089,-3.7699535056679334,-55.0,0.0,-33.0,0.0,-27.5,0.0,0.0,0.0,0.0,0.0,0.0,0.0,43.7803,0.0,74.59375,79.59375,69.59375
2022-09-20 15:00:00,0.25,3672.7359999999994,2198.173,8,9,20,2,True,0.9680627444617926,1.0623129777384088,109.64748753897949,319.66286305909676,-3459.5054499884186,-1794.2592302975931,0.0,6.0,0.0,0.0,0.0,1.9445018548033763,95.5566923253986,87.81298087777608,False,0.0,-0.012312977738408781,4.4433076746013995,12.187019122223916,voltage,35.8854,-5.081121365165986,25.6324,-0.45805324227782274,41.0119,9.416282439453028,51.2648,15.67095665089896,35.8854,8.263003160750737,92.2767,-4.420971405857332,0.0,0.0,0.0,0.0,0.0,0.0,0.0,0.0,0.0,0.0,0.0,0.0,38.8025,0.0,74.59375,79.59375,69.59375
2022-09-20 15:15:00,0.25,3580.5519999999997,2145.152,8,9,20,2,True,0.9704474093508716,1.0623134147334612,104.7904361048393,306.08511954162094,-3417.8356848957496,-1730.7886141099211,0.0,6.0,0.0,0.0,0.0,1.8225337620485407,91.14736217028869,83.76181034156099,False,0.0,-0.012313414733461148,8.852637829711313,16.238189658439012,voltage,44.01,-5.501919633461183,31.4357,-1.114225439135197,50.2972,8.715947448457495,62.8714,14.718745477012686,44.01,6.747144320313881,113.1686,-5.0704287823071015,-55.0,0.0,-33.0,0.0,-27.5,0.0,0.0,0.0,0.0,0.0,0.0,0.0,34.3132,0.0,77.859375,82.859375,72.859375
2022-09-20 15:30:00,0.25,3488.3720000000003,2092.1310000000003,8,9,20,2,True,0.9756949640277329,1.0623147541938152,100.10766804020098,291.8125107155305,-3343.1739616671225,-1668.5100625419739,0.0,6.0,0.0,0.0,0.0,1.888944304549457,89.9280843501264,82.6430176368673,False,0.0,-0.012314754193815114,10.071915649873603,17.3569823631327,voltage,41.9638,-6.548377172442576,29.9741,-0.8768691096156522,47.9586,6.661743845929147,59.9483,12.15251754688268,41.9638,6.895617357697182,107.9069,-5.405925789564647,-55.0,0.0,-33.0,0.0,-27.5,0.0,0.0,0.0,0.0,0.0,0.0,0.0,30.801,0.0,81.125,86.125,76.125
2022-09-20 15:45:00,0.25,3727.2889999999998,2238.229,8,9,21,2,True,0.9646278754804273,1.0622850951937906,114.02435140934065,331.90788504435136,-3524.0972778347063,-1849.1297992627103,0.0,6.0,1.0,0.0,0.0,2.1515085154570848,99.11832360919908,91.47507977120158,False,0.0,-0.012285095193790507,0.8816763908009193,8.524920228798422,voltage,36.347,-6.62555281278695,25.9621,1.4097119747832343,41.5394,6.455428593903889,51.9242,12.01138714432548,36.347,11.427587188999993,93.4636,-1.1476035751869507,0.0,0.0,0.0,0.0,0.0,0.0,0.0,0.0,0.0,0.0,0.0,0.0,28.7102,0.0,81.125,86.125,76.125
2022-09-20 16:00:00,0.25,3966.2090000000003,2384.3239999999996,8,9,21,2,True,0.954898344283015,1.0622534333379,130.70713431171137,380.9025217936754,-3767.9970488063404,-2035.0430771048418,0.0,6.0,4.0,1.0,0.0,2.2685381345994378,107.19001715983258,98.50309411638091,False,0.0,-0.012253433337899855,-7.190017159832578,1.4969058836190925,voltage,36.8095,-5.973507020819846,26.2925,2.971312505525292,42.068,7.758385649550847,52.585,13.715807883490417,36.8095,14.621768907764277,94.6531,3.1881086818476234,0.0,0.0,0.0,0.0,0.0,0.0,0.0,0.0,0.0,0.0,0.0,0.0,29.4621,0.0,81.125,86.125,76.125
2022-09-20 16:15:00,0.25,3938.553,2371.547,8,9,21,2,True,0.9621269558947568,1.0622599660608913,130.70368023028166,380.2233464476768,-3831.964980504795,-2019.8088282973092,0.0,2.0,1.0,1.0,0.0,2.023685292106163,103.6710550461682,96.2481282853071,False,0.0,-0.012259966060891303,-3.671055046168206,3.7518717146928964,voltage,39.3781,-5.170566190781301,28.1272,1.449460978916517,45.0036,9.12210914111915,56.2545,15.381684684054598,39.3781,11.86347299988716,101.258,3.0573256999733345,-55.0,0.0,-33.0,0.0,-27.5,0.0,0.0,0.0,0.0,0.0,0.0,0.0,29.4419,0.0,84.390625,89.390625,79.390625
2022-09-20 16:30:00,0.25,3910.893,2358.771,8,9,20,2,True,0.9614163159756611,1.062269327073865,127.99664234015675,369.55754928923363,-3777.164349449571,-2000.0239087594691,0.0,2.0,1.0,1.0,0.0,2.0850121546219813,102.76841769933114,99.60935006889791,False,0.0,-0.012269327073864966,-2.7684176993311382,0.39064993110208945,voltage,28.4384,-5.782403180759377,20.3131,1.4898527965210018,32.501,7.517073443362587,40.6262,13.432259758112464,28.4384,11.992125549419391,73.1272,2.9808624947962215,0.0,0.0,0.0,0.0,0.0,0.0,0.0,0.0,0.0,0.0,0.0,0.0,27.8774,0.0,84.390625,89.390625,79.390625
2022-09-20 16:45:00,0.25,4163.871999999999,2501.626,8,9,25,2,True,0.9553170722624529,1.068484759053936,150.07101670121105,434.95954719963066,-4078.417698706089,-2206.699134451464,0.0,3.0,1.0,1.0,2.0,2.1229828550029315,111.95039181502511,107.82948759134148,False,0.0,-0.018484759053935873,-11.950391815025114,-7.829487591341476,voltage,24.734,-6.525241451223918,17.6671,2.0311801317807743,28.2674,7.809559385293197,35.3343,14.115107480863088,24.734,13.905247223058137,63.6017,3.793253478115066,0.0,0.0,0.0,0.0,0.0,0.0,0.0,0.0,0.0,0.0,0.0,0.0,28.167,0.0,84.390625,89.390625,79.390625
2022-09-20 17:00:00,0.25,4416.852999999999,2644.48,8,9,25,2,True,0.9458112795871954,1.0746932884050964,176.68564625015387,513.8006138881965,-4398.366132668609,-2419.8188322321794,1.0,3.0,4.0,2.0,4.0,2.436142289896247,123.5253934400212,114.93420324563543,False,0.0,-0.024693288405096325,-23.525393440021205,-14.93420324563543,voltage,23.2882,-5.5763617566820685,16.6344,2.9751261928929185,26.6151,9.501005662547435,33.2688,16.547235413088003,23.2882,16.632800591191295,59.8839,6.493924751952084,0.0,0.0,0.0,0.0,0.0,0.0,0.0,0.0,0.0,0.0,40.0,0.0,32.165,0.0,84.390625,89.390625,79.390625
2022-09-20 17:15:00,0.25,4505.51,2702.8039999999996,8,9,26,2,True,0.9426084487622965,1.0746817452614799,185.8844363655279,539.2185943270125,-4488.874111925513,-2502.336454493113,3.0,6.0,4.0,3.0,4.0,2.423176354235393,126.55601691822802,118.35244718932532,False,0.0,-0.024681745261479815,-26.556016918228025,-18.352447189325318,voltage,23.8589,-6.648514153216456,17.0421,3.7273352875750176,27.2673,9.173317601466824,34.0842,16.371050774422468,23.8589,17.968086344038962,61.3515,6.333414247062674,0.0,0.0,0.0,0.0,0.0,0.0,0.0,0.0,0.0,0.0,40.0,0.0,32.6633,0.0,84.390625,89.390625,79.390625
2022-09-20 17:30:00,0.25,4594.167000000001,2761.121,8,9,23,2,True,0.9367403319285511,1.074663142845142,202.0390674485485,586.2173326473767,-4664.101490179242,-2593.270609541655,6.0,6.0,4.0,4.0,4.0,2.726314734511733,133.11381057689147,123.75929065371629,False,0.0,-0.02466314284514204,-33.11381057689147,-23.759290653716292,voltage,19.6469,-5.7854369460038635,14.0335,5.050955754057673,22.4536,10.665545200273652,28.067,18.534298928706228,19.6469,20.384133418362403,50.5206,8.682821958877184,0.0,0.0,0.0,0.0,0.0,0.0,58.96,0.0,0.0,0.0,23.84,0.0,26.0084,0.0,84.390625,89.390625,79.390625
2022-09-20 17:45:00,0.25,4658.518,2805.8309999999997,8,9,23,2,True,0.9365094996012154,1.0746633416784759,204.49399097795367,591.1369089629305,-4669.132266863047,-2633.9629024873198,6.0,6.0,4.0,4.0,4.0,2.6378284830414183,131.51942989855488,129.5436625627231,False,0.0,-0.024663341678475836,-31.519429898554876,-29.543662562723114,voltage,17.1065,-4.907958356409092,12.2189,5.02909059701201,19.5502,12.547065430560522,24.4378,20.92110201312969,17.1065,20.596470448361785,43.9881,10.366350874105734,0.0,0.0,0.0,0.0,0.0,0.0,0.0,0.0,0.0,0.0,0.0,0.0,21.8161,0.0,84.390625,89.390625,79.390625
2022-09-20 18:00:00,0.25,4722.869000000001,2850.5440000000003,8,9,27,2,True,0.9369621007145016,1.0808957263198602,213.4884430831001,617.2237055209351,-4773.109670790625,-2714.0717822953698,6.0,6.0,4.0,4.0,4.0,2.58843076094924,135.5162029102717,136.51261068773056,False,0.0,-0.03089572631986015,-35.51620291027169,-36.51261068773056,voltage,13.4262,-7.018807986882436,9.5901,4.31733570232859,15.3442,10.061288299769977,19.1803,17.81595681419884,13.4262,20.36385760511285,34.5245,8.875750931318816,0.0,0.0,0.0,0.0,0.0,0.0,0.0,0.0,0.0,0.0,0.0,0.0,23.1557,0.0,84.390625,89.390625,79.390625
2022-09-20 18:15:00,0.25,4772.752000000001,2885.3370000000004,8,9,26,2,True,0.9383359899777917,1.0808892595932464,216.5038735077834,626.892756642327,-4847.542734141167,-2759.744026060765,6.0,7.0,4.0,4.0,4.0,2.722873152943733,136.3970618903262,135.5099525276552,False,0.0,-0.0308892595932464,-36.3970618903262,-35.5099525276552,voltage,10.9715,-6.643807533605727,7.8368,4.172376681517321,12.5389,10.67552019073239,15.6736,18.56446701851333,10.9715,20.11284941213858,28.2125,7.475697566772855,0.0,0.0,0.0,0.0,0.0,0.0,0.0,0.0,0.0,0.0,0.0,0.0,25.4867,0.0,84.390625,89.390625,79.390625
2022-09-20 18:30:00,0.25,4822.637999999999,2920.1309999999994,8,9,23,2,True,0.9358813617636818,1.0808856451564055,218.64942731701143,632.0152791258888,-4852.49623325846,-2799.7312399811526,6.0,7.0,4.0,4.0,4.0,2.841203682443541,138.509298207362,137.9830839049006,False,0.0,-0.03088564515640546,-38.50929820736201,-37.98308390490061,voltage,0.0,-7.019107416538983,0.0,4.80129773276175,0.0,9.70648360400772,0.0,17.38759584682881,0.0,21.260561090553843,0.0,8.015301669533004,60.0,0.0,36.0,0.0,30.0,0.0,0.0,0.0,0.0,0.0,0.0,0.0,29.8002,0.0,80.44325657894737,85.44325657894737,75.44325657894737
2022-09-20 18:45:00,0.25,4769.009000000001,2893.274999999999,8,9,23,2,True,0.9364813356067814,1.0808917400278784,214.60633694250149,622.2189779730667,-4793.847958225408,-2764.54271244161,6.0,8.0,4.0,4.0,4.0,2.9263437864884496,137.79373329392143,139.35011652106715,False,0.0,-0.03089174002787831,-37.793733293921434,-39.35011652106715,voltage,0.0,-7.17291813743609,0.0,4.695292383686517,0.0,9.428762682503411,0.0,16.908325448423135,0.0,20.996237003965497,0.0,7.6295978259029,60.0,0.0,36.0,0.0,30.0,0.0,0.0,0.0,0.0,0.0,0.0,0.0,32.6981,0.0,76.49588815789474,81.49588815789474,71.49588815789474
2022-09-20 19:00:00,0.25,4715.384000000001,2866.4170000000004,8,9,22,2,True,0.9370518222682543,1.0808977024523403,210.9282695559133,613.3716664887554,-4738.001298500925,-2730.0113999759365,6.0,8.0,4.0,4.0,4.0,3.012762684261182,137.14216508543882,140.72059980665009,False,0.0,-0.030897702452340248,-37.14216508543882,-40.720599806650085,voltage,0.0,-7.318399569793388,0.0,4.594319294381366,0.0,9.168902598346351,0.0,16.45176990060604,0.0,20.741971500279742,0.0,7.258653314528063,60.0,0.0,36.0,0.0,30.0,0.0,0.0,0.0,0.0,0.0,0.0,0.0,32.7646,0.0,72.54851973684211,77.54851973684211,67.54851973684211
2022-09-20 19:15:00,0.25,4694.995,2848.3519999999994,8,9,22,2,True,0.9374839751221927,1.0809020132336844,210.15468346992807,610.0969958521996,-4719.126682951877,-2709.436554236224,6.0,8.0,4.0,4.0,4.0,3.020892460875119,136.3686761681109,141.6755493381254,False,0.0,-0.030902013233684356,-36.36867616811091,-41.67554933812539,voltage,0.0,-7.321868285779354,0.0,4.538577675075234,0.0,9.306024687384618,0.0,16.77235102153951,0.0,20.484655836796172,0.0,7.1242451343336395,60.0,0.0,36.0,0.0,30.0,0.0,0.0,0.0,0.0,0.0,0.0,0.0,32.6467,0.0,68.60115131578948,73.60115131578948,63.60115131578948
2022-09-20 19:30:00,0.25,4674.609999999999,2830.288,8,9,23,2,True,0.9379132265454927,1.0809063030547068,209.47913728389787,607.0574843123743,-4700.607819496079,-2689.007074707904,6.0,8.0,4.0,4.0,4.0,3.031101007695523,135.60335277007084,142.6347113845461,False,0.0,-0.030906303054706763,-35.60335277007084,-42.63471138454611,voltage,0.0,-7.323188360721922,0.0,4.483612935186204,0.0,9.447618483383291,0.0,17.098901717531977,0.0,20.228002022001938,0.0,6.9929445047178795,60.0,0.0,36.0,0.0,30.0,0.0,0.0,0.0,0.0,0.0,0.0,0.0,32.1599,0.0,64.65378289473685,69.65378289473685,59.65378289473685
2022-09-20 19:45:00,0.25,4720.385,2853.6940000000004,8,9,23,2,True,0.9370996336984518,1.0809028589820469,211.99290145481518,615.7799159983451,-4746.5471424016005,-2720.7275098973605,6.0,8.0,4.0,4.0,4.0,2.94483425399754,136.1832118690509,144.94107634163294,False,0.0,-0.03090285898204681,-36.18321186905089,-44.941076341632936,voltage,0.0,-7.333935717819617,0.0,4.594250830549984,0.0,9.208178751073337,0.0,16.679718575961676,0.0,20.59018030407231,0.0,7.994379644955584,60.0,0.0,36.0,0.0,30.0,0.0,0.0,0.0,0.0,0.0,0.0,0.0,32.6008,0.0,60.70641447368422,65.70641447368422,55.70641447368422
2022-09-20 20:00:00,0.25,4766.161000000001,2877.0989999999997,8,9,22,2,True,0.9363052425352866,1.0808994746532643,214.55655023890955,624.540393606023,-4790.81625487828,-2752.5817493243744,6.0,7.0,4.0,4.0,4.0,2.858106073636328,136.72972349796345,147.26370092484095,False,0.0,-0.03089947465326426,-36.72972349796345,-47.26370092484095,voltage,0.0,-7.34795629985352,0.0,4.701584095177791,0.0,8.962606144330776,0.0,16.2530218005979,0.0,20.945501534238204,0.0,8.99804058005671,60.0,0.0,36.0,0.0,30.0,0.0,0.0,0.0,0.0,0.0,0.0,0.0,34.8966,0.0,56.75904605263159,61.75904605263159,51.75904605263159
2022-09-20 20:15:00,0.25,4830.026999999999,2912.149,8,9,23,2,True,0.9346334100779513,1.0808898003053788,219.17630457575567,639.9009606130189,-4851.9537178838345,-2800.6294554684723,6.0,7.0,4.0,4.0,4.0,2.833973140075698,139.11855978567914,149.61711869239528,False,0.0,-0.0308898003053788,-39.11855978567914,-49.61711869239528,voltage,0.0,-7.417503544268844,0.0,5.1536814658859615,0.0,9.21844911081604,0.0,16.534384949303316,0.0,21.56264555102922,0.0,10.238430993189063,60.0,0.0,36.0,0.0,30.0,0.0,0.0,0.0,0.0,0.0,0.0,0.0,39.8063,0.0,52.81167763157896,57.81167763157896,47.81167763157896
2022-09-20 20:30:00,0.25,4893.891,2947.1969999999997,8,9,23,2,True,0.9330045148493287,1.080880304267863,223.69352539805828,654.7378547177221,-4908.0900161117825,-2848.4173960469625,6.0,7.0,4.0,4.0,4.0,2.80819016940519,141.41970571279424,152.0057553090053,False,0.0,-0.030880304267862924,-41.41970571279424,-52.00575530900531,voltage,0.0,-7.5015659680027,0.0,5.599070803962547,0.0,9.44544108493468,0.0,16.779271343866753,0.0,22.164806524772544,0.0,11.473426960052835,60.0,0.0,36.0,0.0,30.0,0.0,0.0,0.0,0.0,0.0,0.0,0.0,49.9437,0.0,48.86430921052633,53.86430921052633,43.86430921052633
2022-09-20 20:45:00,0.25,4750.966999999999,2865.7020000000007,8,9,21,2,True,0.9389422456149479,1.0808995845201776,208.59822031121143,608.5626004312123,-4750.342350337125,-2732.515216515455,6.0,7.0,4.0,3.0,4.0,2.6593290942679704,136.0814055556682,151.7006931773792,False,0.0,-0.030899584520177603,-36.0814055556682,-51.70069317737921,voltage,0.0,-8.26489633564822,0.0,4.515347694897004,0.0,7.6325299717801,0.0,14.247820154211277,0.0,20.15294789749503,0.0,9.668006484885716,60.0,0.0,36.0,0.0,30.0,0.0,0.0,0.0,0.0,0.0,0.0,0.0,60.0854,0.0,44.9169407894737,49.9169407894737,39.9169407894737
2022-09-20 21:00:00,0.25,4608.043,2784.2039999999997,8,9,21,2,True,0.944865049588903,1.0809187220581555,194.2685400147632,564.5922402229546,-4593.006691099153,-2618.4451954517453,3.0,7.0,4.0,3.0,4.0,2.51280812246149,130.76154663729938,151.40983606564214,False,0.0,-0.03091872205815549,-30.761546637299375,-51.40983606564214,voltage,0.0,-9.0115037958161,0.0,3.4357237656651165,0.0,5.853771243027506,0.0,11.761927579666153,0.0,18.1455406345716,0.0,7.888569174766335,60.0,0.0,36.0,0.0,30.0,0.0,0.0,0.0,0.0,0.0,0.0,0.0,70.2357,0.0,40.96957236842107,45.96957236842107,35.96957236842107
2022-09-20 21:15:00,0.25,4464.714,2710.226,8,9,21,2,True,0.9503752910669557,1.0809293578557795,180.35035855331736,524.540225007304,-4434.28524929856,-2513.065332968128,0.0,7.0,4.0,2.0,4.0,2.466921635715361,128.26238024763913,150.48246964380186,False,0.0,-0.030929357855779438,-28.26238024763913,-50.48246964380186,voltage,0.0,-10.292438947162431,0.0,2.6817182930249093,0.0,4.047973188299192,0.0,9.240264942480703,0.0,16.15509434210875,0.0,6.091174890992123,60.0,0.0,36.0,0.0,30.0,0.0,0.0,0.0,0.0,0.0,0.0,0.0,77.5005,0.0,37.02220394736844,42.02220394736844,32.02220394736844
2022-09-20 21:30:00,0.25,4321.387,2636.242,7,8,19,2,True,0.9560506866745989,1.0809399386114371,167.78485990852522,487.9607747542019,-4280.5931372368095,-2409.6420475324517,0.0,7.0,4.0,1.0,3.0,2.422350414208547,125.7910709340759,149.6840724350647,False,0.0,-0.030939938611437068,-25.791070934075904,-49.68407243506471,voltage,0.0,-11.518284009577084,0.0,1.9094103095407822,0.0,2.345944925658694,0.0,6.850250925064194,0.0,14.11659972532458,0.0,4.362445877803179,60.0,0.0,36.0,0.0,30.0,0.0,0.0,0.0,0.0,0.0,0.0,0.0,78.9943,0.0,33.07483552631581,38.07483552631581,28.07483552631581
2022-09-20 21:45:00,0.25,4004.927,2448.9219999999996,7,8,23,2,True,0.962946028332941,1.074730676658791,140.5904009878675,410.4178259784625,-3969.768147582892,-2149.9942745771086,0.0,7.0,4.0,1.0,2.0,2.3011174405885275,115.20992113805106,134.09959580311394,False,0.0,-0.024730676658790918,-15.209921138051058,-34.09959580311394,voltage,0.0,-10.637935929901833,0.0,1.0961541822339937,0.0,1.5289619524239573,0.0,5.217425598543823,0.0,11.947670038954893,0.0,1.4243667238065583,60.0,0.0,36.0,0.0,30.0,0.0,0.0,0.0,29.6,0.0,0.0,0.0,79.2091,0.0,29.12746710526318,34.12746710526318,24.12746710526318
2022-09-20 22:00:00,0.25,3688.467,2261.6020000000003,7,8,23,2,True,0.9667514036767845,1.0685227907616466,115.9104270439748,337.6789096949327,-3602.4261732697255,-1895.5624382025699,0.0,3.0,1.0,1.0,1.0,2.1158724482989975,104.93967276337935,118.5092238874893,False,0.0,-0.018522790761646535,-4.939672763379349,-18.5092238874893,voltage,0.0,-10.133053276618298,0.0,0.7964692253911443,0.0,-0.2326240873410157,0.0,2.4578000888931806,0.0,10.925350423668622,0.0,0.1453807047367861,60.0,0.0,36.0,0.0,30.0,0.0,0.0,0.0,0.0,0.0,0.0,0.0,76.866,0.0,25.18009868421055,30.18009868421055,20.18009868421055
2022-09-20 22:15:00,0.25,3337.353,2042.978,8,9,25,2,True,0.9736111170472181,1.062320355430024,94.72595190614145,274.43564500701183,-3276.142899646682,-1615.1997658778944,0.0,6.0,0.0,0.0,1.0,1.9944911527632683,92.94510543211658,108.80167600158954,False,0.0,-0.012320355430023966,7.054894567883423,-8.801676001589541,voltage,0.0,-9.162353940525314,0.0,0.100729118622217,0.0,-0.33439346766375166,0.0,2.0024991198476783,0.0,8.654786218379234,0.0,-2.070872863043416,60.0,0.0,36.0,0.0,1.3687500000001704,0.0,0.0,0.0,0.0,0.0,0.0,0.0,63.127,0.0,21.23273026315792,26.23273026315792,20.0
2022-09-20 22:30:00,0.25,2986.245,1824.3570000000004,7,8,22,2,True,0.9831165713898956,1.056112521667064,75.96155847042448,219.71889852813445,-2986.3341878976876,-1342.6513950172118,0.0,2.0,0.0,0.0,0.0,1.6288943043470676,81.52546392504789,98.87573268884331,False,0.0,-0.006112521667063886,18.474536074952113,1.1242673111566859,voltage,0.0,-8.12811337414534,0.0,-1.0173561913551232,0.0,-0.18517956790438106,0.0,1.860049993640478,0.0,5.491169699888121,0.0,-2.122628317659614,18.737500000000363,0.0,36.0,0.0,0.0,0.0,0.0,0.0,0.0,0.0,0.0,0.0,26.5963,0.0,20.0,22.28536184210529,20.0
2022-09-20 22:45:00,0.25,2816.093,1717.153,8,9,20,2,True,0.9906721122427715,1.056133397490128,68.9588368527245,198.95239845573317,-2870.0216882634413,-1218.310393069961,0.0,2.0,0.0,0.0,0.0,1.4889299727464,75.66670365861454,96.75507413642161,False,0.0,-0.006133397490127868,24.333296341385463,3.2449258635783877,voltage,0.0,-8.415624813045364,0.0,-2.5369734880482664,0.0,-0.6836098576787464,0.0,1.214806371713062,0.0,2.6906379806035607,0.0,-4.2598621905231004,0.0,0.0,20.842500000000232,0.0,0.0,0.0,0.0,0.0,0.0,0.0,0.0,0.0,2.2634,0.0,20.0,20.0,20.0
2022-09-20 23:00:00,0.25,2645.9460000000004,1609.9470000000001,7,8,22,2,True,0.9909571675451658,1.049907361298701,61.797821194380106,176.9094859653365,-2711.9060963233214,-1082.1202403975597,0.0,0.0,0.0,0.0,0.0,1.5545527475826646,69.61096713029785,94.25754836865968,False,0.0,9.263870129894158e-05,30.38903286970215,5.742451631340316,voltage,0.0,-6.767454882929014,0.0,-2.3456765493946596,0.0,0.717654444720317,0.0,2.951951354387361,0.0,2.435765374884913,0.0,-2.907146116541326,0.0,0.0,0.0,0.0,0.0,0.0,0.0,0.0,0.0,0.0,0.0,0.0,2.2623,0.0,20.0,20.0,20.0
2022-09-20 23:15:00,0.25,2569.81,1555.9950000000001,6,7,15,2,True,0.9909791299786747,1.0509830994530693,58.13823810590722,166.87339934317092,-2633.131418701663,-1019.4140413214827,0.0,1.0,0.0,0.0,0.0,1.550729489640679,68.84789053092324,86.5232618600619,False,0.0,-0.0009830994530692916,31.152109469076763,13.476738139938107,voltage,0.0,-6.746949825384285,0.0,-2.8803913671645587,0.0,1.1401195910649697,0.0,3.601050080074164,0.0,1.1573559509425957,0.0,-5.4957615523534065,0.0,0.0,0.0,0.0,0.0,0.0,0.0,0.0,0.0,0.0,0.0,0.0,2.261,0.0,20.0,20.0,20.0
2022-09-20 23:30:00,0.25,2493.6749999999997,1502.0439999999999,7,8,20,2,True,0.9903790382684301,1.0498924747384841,54.95298540259527,158.13428383592517,-2551.45971097174,-955.103274474423,0.0,0.0,0.0,0.0,0.0,1.37321109395432,68.16397921026528,78.36994989578234,False,0.0,0.00010752526151591724,31.836020789734718,21.63005010421766,voltage,0.0,-6.754790513258446,0.0,-1.8589227375650497,0.0,1.5233164534091959,0.0,4.197102475989256,0.0,2.090102447027392,0.0,-4.368545389394285,0.0,0.0,0.0,0.0,0.0,0.0,0.0,0.0,0.0,0.0,0.0,0.0,2.2593,0.0,20.0,20.0,20.0
2022-09-20 23:45:00,0.25,2387.7529999999997,1437.3260000000002,7,8,17,2,True,0.9939144356659507,1.0499045785202445,49.920095468303934,143.713934431037,-2439.24110996791,-881.1755270877111,0.0,0.0,0.0,0.0,0.0,1.3050911681155681,64.84069480950345,72.90513320609982,False,0.0,9.542147975549753e-05,35.15930519049655,27.09486679390018,voltage,0.0,-7.367233895890523,0.0,-2.328681771648744,0.0,0.2520602668751426,0.0,2.501342902120951,0.0,1.2156353037133638,0.0,-6.66598471573685,0.0,0.0,0.0,0.0,0.0,0.0,0.0,0.0,0.0,0.0,0.0,0.0,5.284,0.0,20.0,20.0,20.0
