time_s,event,pf_iterations,converged,min_v_pu,max_v_pu,loss_kw,loss_kvar,source_p_kw,source_q_kvar,pv_671_a_p_kw,pv_671_a_q_kvar,pv_671_a_p_filter_pu,pv_671_a_q_filter_pu,pv_671_a_pll_angle_rad,pv_671_a_pll_integrator,pv_671_a_frequency_hz,bess_671_b_p_kw,bess_671_b_q_kvar,bess_671_b_p_measure_pu,bess_671_b_q_measure_pu,bess_671_b_frequency_deviation_hz,bess_671_b_angle_rad,bess_671_b_voltage_internal_pu,bess_671_b_voltage_reference_pu,bess_671_b_soc_pct,bess_671_b_frequency_hz,wind_680_abc_p_kw,wind_680_abc_q_kvar,wind_680_abc_p_measure_pu,wind_680_abc_q_measure_pu,wind_680_abc_voltage_reference_pu
0.0,,4,True,0.9747714032182807,1.056069742750353,91.77357940504002,269.72830469453,-3186.547376946938,-1672.441178217729,53.224814820635444,6.7668627860363015,0.6666666666666667,0.08475824429939605,-0.06178082057338451,0.0,60.00141519119882,-60.0,0.0,-0.6,0.0,0.0,-0.06178082057338451,1.000222527688142,1.000222527688142,97.75,60.0,54.0,0.0,0.45,0.0,1.0003313714552031
0.01,,2,True,0.9747772635826275,1.0560697437457507,91.77215335519134,269.7238658674399,-3186.5417149362406,-1672.3268444012012,53.297321238894675,6.776081061104437,0.6666666666666667,0.08475824429939605,-0.061691901487911774,1.7689889985245851e-06,60.00084001575815,-60.0,0.05087937237733264,-0.6,0.0,0.0,-0.06178082057338451,1.000222527688142,1.000222527688142,97.75,60.0,54.0,0.02441830766537434,0.45,0.0,1.0003313714552031
0.02,,2,True,0.9747785402260889,1.0560697513321957,91.76992824377534,269.71816499764753,-3186.5157816351534,-1672.248139156927,53.32144207786968,6.779147721048261,0.6666666666666667,0.08475824429939605,-0.061639121741217676,2.642109796360156e-06,60.000487061402694,-60.0,0.09532356040023726,-0.6,0.0001271984309433316,0.0,-0.06178082057338451,1.000222527688142,1.000222527688142,97.75,60.0,54.0,0.04717071148521929,0.45,4.069717944229057e-05,1.0003313714552031
0.03,,2,True,0.974779254091621,1.056069755980388,91.76882544127592,269.71567881643256,-3186.506916750651,-1672.1824309749477,53.32946168027113,6.78016731217755,0.6666666666666667,0.08475824429939605,-0.0616085187707266,2.9867255700928915e-06,60.00026678159445,-60.0,0.13415944494753645,-0.6,0.00033370772420809186,0.0,-0.06178082057338451,1.0002212557038326,1.000222527688142,97.75,60.0,54.0,0.06837916987971089,0.45,0.00011117559602919793,1.0003313714552031
0.04,,2,True,0.9747797807057164,1.0560697593880235,91.76813488394518,269.7143026925524,-3186.503786539886,-1672.1251590246377,53.33212233873211,6.780505581287299,0.6666666666666667,0.08475824429939605,-0.06159175638878175,3.021530006148304e-06,60.00013193016338,-60.0,0.16809774746340836,-0.6,0.0005856794055249101,0.0,-0.06178082057338451,1.0002181730234523,1.000222527688142,97.75,60.0,54.0,0.08815138126573276,0.45,0.00020290575995620983,1.0003313714552031
0.05,,2,True,0.9747802307325698,1.0560697622174506,91.7676077141861,269.7133202770196,-3186.5026158091378,-1672.0743520005215,53.33299996979883,6.780617160989836,0.6666666666666667,0.08475824429939605,-0.06158346697214046,2.8842897097596356e-06,60.00005120161235,-60.0,0.19775653653445413,-0.6,0.0008595039228022035,0.0,-0.06178082057338451,1.000213187162335,1.000222527688142,97.75,60.0,54.0,0.10658602603681913,0.45,0.00030924357674118916,1.0003313714552031
0.06,,2,True,0.9747806410422601,1.0560697647088617,91.76715660077228,269.71248633269266,-3186.502094234043,-1672.0289408523374,53.33328494339313,6.780653391782124,0.6666666666666667,0.08475824429939605,-0.06158024987995613,2.65986275422341e-06,60.000004361468356,-60.0,0.22367508243187703,-0.6,0.0011390192834377878,0.0,-0.06178082057338451,1.0002064602282683,1.000222527688142,97.75,60.0,54.0,0.12377445902673635,0.45,0.00042503823812098314,1.0003313714552031
0.07,,2,True,0.9747810272429874,1.0560697669583796,91.76675053439388,269.7117198793721,-3186.501797555069,-1671.9882110351814,53.33337341073001,6.780664639286352,0.6666666666666667,0.08475824429939605,-0.06157997584081735,2.399328314243293e-06,59.99997849115897,-60.0,0.24632445778077122,-0.6,0.0014134521686580337,0.0,-0.06178082057338451,1.0001982835274086,1.000222527688142,97.75,60.0,54.0,0.1398015589256954,0.45,0.0005463213555413472,1.0003313714552031
0.08,,2,True,0.9747813896841452,1.0560697690022853,91.76638050007702,269.7110026312452,-3186.5016162329744,-1671.9516172024385,53.333397157549804,6.780667658394481,0.6666666666666667,0.08475824429939605,-0.06158132728115691,2.1325094315271445e-06,59.99996541438905,-60.0,0.2661163614682478,-0.6,0.001675900270945453,0.0,-0.06178082057338451,1.0001889978378686,1.000222527688142,97.75,60.0,54.0,0.15474630416536722,0.45,0.00067005968264257,1.0003313714552031
0.09,,2,True,0.9747817333609125,1.0560697708714595,91.76603905817136,269.71032020236726,-3186.5014756373184,-1671.918689441285,53.33339998921481,6.780668018404913,0.6666666666666667,0.08475824429939605,-0.06158350035918243,1.8760264746886075e-06,59.99996000753112,-60.0,0.2834106642906162,-0.6,0.001922216106879709,0.0,-0.06178082057338451,1.0001789448052139,1.000222527688142,97.75,60.0,54.0,0.16868222622230797,0.45,0.0007939582530563347,1.0003313714552031
0.1,,2,True,0.9747820589876539,1.0560697725853845,91.76572244948521,269.70966797249366,-3186.5013459385555,-1671.889024037773,53.33339641683722,6.780667564222231,0.6666666666666667,0.08475824429939605,-0.06158601316011103,1.638433241120778e-06,59.99995907321161,-60.0,0.2985219451446837,-0.6,0.0021501887408863223,0.0,-0.06178082057338451,1.0001684392207306,1.000222527688142,97.75,60.0,54.0,0.1816778008599932,0.45,0.0009163036461489145,1.0003313714552031
0.11,,2,True,0.9747823661524938,1.0560697741556462,91.76543014445078,269.7090499560391,-3186.5012502345526,-1671.8622733648285,53.333391188048054,6.780666899447749,0.6666666666666667,0.08475824429939605,-0.06158858466606526,1.423431431532925e-06,59.99996062707289,-60.0,0.3117251949491415,-0.6,0.002358946418526451,0.0,-0.06178082057338451,1.000157755026804,1.000222527688142,97.75,60.0,54.0,0.19379680593927565,0.45,0.0010358392516857868,1.0003313714552031
0.12,,2,True,0.9747826574826253,1.0560697755995836,91.7651578152692,269.7084579487304,-3186.5011416864127,-1671.8381182541546,53.33338585977059,6.780666222024584,0.6666666666666667,0.08475824429939605,-0.061591058540036624,1.231872129488572e-06,59.99996347090161,-60.0,0.32326080697660636,-0.6,0.002548522801267692,0.0,-0.06178082057338451,1.0001471200948864,1.000222527688142,97.75,60.0,54.0,0.2050986550594706,0.45,0.0011516660779140888,1.0003313714552031
0.13,,2,True,0.9747829313317788,1.0560697769240264,91.76490661557929,269.70790001918573,-3186.5010696997288,-1671.816291879776,53.33338085819939,6.780665586137995,0.6666666666666667,0.08475824429939605,-0.06159335373097926,1.0630235435571876e-06,59.999966866360126,-60.0,0.3333389135469187,-0.6,0.002719544118392285,0.0,-0.06178082057338451,1.0001367163855248,1.000222527688142,97.75,60.0,54.0,0.21563869460321836,0.45,0.0012631639540970556,1.0003313714552031
0.14,,2,True,0.9747831908947179,1.0560697781434254,91.7646732639565,269.7073702150251,-3186.5010083183965,-1671.7965445326697,53.33337631279905,6.780665008247766,0.6666666666666667,0.08475824429939605,-0.06159543557897162,9.153041393578162e-07,59.99997039543041,-60.0,0.34214321205784726,-0.6,0.0028730053726615107,0.0,-0.06178082057338451,1.0001266832048643,1.000222527688142,97.75,60.0,54.0,0.22546849603872976,0.45,0.0013699289876163419,1.0003313714552031
0.15,,2,True,0.9747834349525847,1.0560697792644134,91.76445693408813,269.7068688983744,-3186.5009546955134,-1671.7786605084739,53.33337222640992,6.780664488715013,0.6666666666666667,0.08475824429939605,-0.06159729568893812,7.867680134390847e-07,59.99997381914759,-60.0,0.3498342752454325,-0.6,0.003010112059640751,0.0,-0.06178082057338451,1.0001171220477931,1.000222527688142,97.75,60.0,54.0,0.23463611070500523,0.45,0.0014717240168242896,1.0003313714552031
0.16,,2,True,0.9747836640142784,1.0560697802960408,91.76425625395024,269.70639502916964,-3186.5009077218538,-1671.7624473138735,53.333368559542585,6.780664022519158,0.6666666666666667,0.08475824429939605,-0.061598940680409824,6.753651465869985e-07,59.99997701157789,-60.0,0.3565524606295751,-0.6,0.0031321697328441445,0.0,-0.06178082057338451,1.0001081020552665,1.000222527688142,97.75,60.0,54.0,0.2431863138167167,0.45,0.0015684393979677738,1.0003313714552031
0.17,,2,True,0.9747838799091166,1.0560697812467832,91.7640701051655,269.70594793622683,-3186.500873776198,-1671.7477338872511,53.333365263854674,6.780663603514077,0.6666666666666667,0.08475824429939605,-0.06160038508557012,5.790931042922413e-07,59.99997991430597,-60.0,0.3624204563359938,-0.6,0.003240508451207046,0.0,-0.06178082057338451,1.0000996654845131,1.000222527688142,97.75,60.0,54.0,0.25116083220892743,0.45,0.0016600620414020802,1.0003313714552031
0.18,,2,True,0.9747840836926269,1.0560697821239662,91.76389661788207,269.7055237621961,-3186.500832321251,-1671.734364916177,53.33336231423899,6.780663228507705,0.6666666666666667,0.08475824429939605,-0.06160164710694667,4.960766763173822e-07,59.999982515482124,-60.0,0.367545506230765,-0.6,0.0033364324792452688,0.0,-0.06178082057338451,1.000091832840727,1.000222527688142,97.75,60.0,54.0,0.25859855570180734,0.45,0.0017466510201365431,1.0003313714552031
0.19,,2,True,0.9747842745890112,1.056069782934105,91.7637350640056,269.70512269611277,-3186.500788428999,-1671.7222065260746,53.33335966495678,6.780662891684942,0.6666666666666667,0.08475824429939605,-0.061602745691605086,4.2461336133664997e-07,59.99998481873959,-60.0,0.37202134466040077,-0.6,0.003421188125010864,0.0,-0.06178082057338451,1.0000846074854175,1.000222527688142,97.75,60.0,54.0,0.265535728477007,0.45,0.00182831840894558,1.0003313714552031
0.2,,2,True,0.9747844542370265,1.0560697836808888,91.76358553813571,269.7047464381838,-3186.5007617391507,-1671.711140292649,53.333357272782074,6.78066258755015,0.6666666666666667,0.08475824429939605,-0.06160369955832847,3.6317544969326455e-07,59.999986839091164,-60.0,0.37592990262713016,-0.6,0.00349594445540915,0.0,-0.06178082057338451,1.0000779796447123,1.000222527688142,97.75,60.0,54.0,0.27200613405160273,0.45,0.0019052142746181426,1.0003313714552031
0.21,,2,True,0.9747846217998359,1.056069784369812,91.76344650232176,269.7043917347563,-3186.5007311340833,-1671.701056688997,53.33335512818594,6.780662314891847,0.6666666666666667,0.08475824429939605,-0.06160452648261889,3.104067686761612e-07,59.99998860611515,-60.0,0.37934279629868983,-0.6,0.003561783098124688,0.0,-0.06178082057338451,1.0000719298088443,1.000222527688142,97.75,60.0,54.0,0.27804126580085226,0.45,0.001977514976447185,1.0003313714552031
0.22,,2,True,0.9747847797690116,1.056069785006894,91.76331759106671,269.70405920687637,-3186.500717171671,-1671.6918610092644,53.333353183736136,6.78066206767962,0.6666666666666667,0.08475824429939605,-0.06160524238151739,2.6512373575215936e-07,59.99999014113612,-60.0,0.3823226140792094,-0.6,0.0036196943143402406,0.0,-0.06178082057338451,1.0000664315537227,1.000222527688142,97.75,60.0,54.0,0.2836704787161496,0.45,0.0020454140908258353,1.0003313714552031
0.23,,2,True,0.9747849280312307,1.0560697855974168,91.76319676402541,269.703743485701,-3186.5006859850955,-1671.6834631036295,53.33335144417284,6.780661846516123,0.6666666666666667,0.08475824429939605,-0.0616058618322044,2.262877823220462e-07,59.99999147793455,-60.0,0.3849240657872896,-0.6,0.003670577270953204,0.0,-0.06178082057338451,1.000061453837463,1.000222527688142,97.75,60.0,54.0,0.288921142070892,0.45,0.0021091154038542508,1.0003313714552031
0.24,,2,True,0.9747850670282237,1.0560697861422947,91.76308528196157,269.7034494603497,-3186.500676545648,-1671.6757918727424,53.33334985932228,6.7806616450223975,0.6666666666666667,0.08475824429939605,-0.0616063972893686,1.9300642227783943e-07,59.999992631700344,-60.0,0.3871949578630995,-0.6,0.0037152431176831267,0.0,-0.06178082057338451,1.0000569628348892,1.000222527688142,97.75,60.0,54.0,0.29381876734175055,0.45,0.0021688275598682207,1.0003313714552031
0.25,,2,True,0.974785197265492,1.056069786645094,91.7629820706075,269.7031744851519,-3186.5006754802557,-1671.6687769210446,53.33334842870273,6.7806614631371955,0.6666666666666667,0.08475824429939605,-0.06160686025329001,1.6449540547930665e-07,59.99999362942467,-60.0,0.38917708050670097,-0.6,0.0037544197329200937,0.0,-0.06178082057338451,1.000052923374363,1.000222527688142,97.75,60.0,54.0,0.29838714383119563,0.45,0.002224759993464161,1.0003313714552031
0.26,,2,True,0.9747853193729902,1.056069787111909,91.76288561164561,269.70291511841003,-3186.5006695566176,-1671.6623544355064,53.33334713874333,6.7806612991351525,0.6666666666666667,0.08475824429939605,-0.061607260528342846,1.4008264577458588e-07,59.999994493415315,-60.0,0.3909069521078088,-0.6,0.0037887575009568227,0.0,-0.06178082057338451,1.0000493000397894,1.000222527688142,97.75,60.0,54.0,0.3026484499658181,0.45,0.0022771199011566547,1.0003313714552031
0.27,,2,True,0.9747854333936198,1.0560697875440967,91.7627956726875,269.70267097224,-3186.5006579828278,-1671.656469476692,53.33334597471442,6.780661151143583,0.6666666666666667,0.08475824429939605,-0.061607606517262645,1.1919115034196659e-07,59.99999524121185,-60.0,0.3924164844968145,-0.6,0.003818835505987139,0.0,-0.06178082057338451,1.0000460579944503,1.000222527688142,97.75,60.0,54.0,0.3066233638246177,0.45,0.0023261100042016873,1.0003313714552031
0.28,,2,True,0.974785540157554,1.0560697879445704,91.76271196411398,269.7024418378785,-3186.5006474787883,-1671.6510731441826,53.33334491636947,6.780661016588391,0.6666666666666667,0.08475824429939605,-0.061607905520740594,1.0132355011808686e-07,59.99999588652925,-60.0,0.3937335635401539,-0.6,0.0038451678407323904,0.0,-0.06178082057338451,1.0000431635781288,1.000222527688142,97.75,60.0,54.0,0.31033116557355334,0.45,0.002371926943069046,1.0003313714552031
0.29,,2,True,0.9747856408611614,1.0560697883163435,91.76263389901843,269.7022265413574,-3186.500638374572,-1671.6461203488825,53.33334395328863,6.780660894144831,0.6666666666666667,0.08475824429939605,-0.06160816397773051,8.604935666610666e-08,59.99999644325031,-60.0,0.3948825595619449,-0.6,0.0038682097893996776,0.0,-0.06178082057338451,1.0000405847217242,1.000222527688142,97.75,60.0,54.0,0.31378983421317025,0.45,0.002414760163744492,1.0003313714552031
0.3,,2,True,0.9747857344216422,1.0560697886604622,91.76256182227529,269.70202672195416,-3186.500642881684,-1671.6415738188132,53.333343072227436,6.780660782129031,0.6666666666666667,0.08475824429939605,-0.06160838745490466,7.299848388266705e-08,59.99999692092493,-60.0,0.39588476850441984,-0.6,0.0038883637409546207,0.0,-0.06178082057338451,1.0000382912171137,1.000222527688142,97.75,60.0,54.0,0.31701613524957833,0.45,0.0024547911880175442,1.0003313714552031
0.31,,2,True,0.9747858226997669,1.0560697889803135,91.76249412952058,269.7018374243818,-3186.5006352732257,-1671.6373928385954,53.33334228108244,6.78066068154494,0.6666666666666667,0.08475824429939605,-0.06160858091889696,6.184979165881918e-08,59.99999733642475,-60.0,0.3967588007976925,-0.6,0.003905984726977015,0.0,-0.06178082057338451,1.00003625487391,1.000222527688142,97.75,60.0,54.0,0.32002570388306334,0.45,0.002492193175829999,1.0003313714552031
0.32,,2,True,0.9747859049661453,1.0560697892768107,91.76243138235623,269.7016610284762,-3186.500634555716,-1671.6335482196203,53.33334155524731,6.780660589264173,0.6666666666666667,0.08475824429939605,-0.061608748276265855,5.233534342767183e-08,59.999997693371654,-60.0,0.3975209112881175,-0.6,0.003921385547226992,0.0,-0.06178082057338451,1.0000344495894866,1.000222527688142,97.75,60.0,54.0,0.3228331176866885,0.45,0.0025271307138024384,1.0003313714552031
0.33,,2,True,0.9747859815407542,1.056069789551803,91.76237276963246,269.7014951270839,-3186.500627425342,-1671.630008844125,53.3333408993572,6.780660505876033,0.6666666666666667,0.08475824429939605,-0.06160889320599941,4.421852364789842e-08,59.99999800299585,-60.0,0.39818530643142896,-0.6,0.0039348414386405385,0.0,-0.06178082057338451,1.0000328513537455,1.000222527688142,97.75,60.0,54.0,0.3254519733139758,0.45,0.0025597597671864316,1.0003313714552031
0.34,,2,True,0.9747860535207108,1.0560697898073623,91.76231833940638,269.70134040457015,-3186.5006275264977,-1671.6267494518133,53.33334029400816,6.780660428913548,0.6666666666666667,0.08475824429939605,-0.06160901868147081,3.730041609427165e-08,59.999998268602326,-60.0,0.39876439433485045,-0.6,0.0039465943450589765,0.0,-0.06178082057338451,1.0000314382062385,1.000222527688142,97.75,60.0,54.0,0.32789494908800904,0.45,0.0025902277692724384,1.0003313714552031
0.35000000000000003,,2,True,0.97478612121621,1.0560697900450298,91.76226733478217,269.7011944960535,-3186.500621537688,-1671.6237442070296,53.33333974641921,6.780660359294533,0.6666666666666667,0.08475824429939605,-0.061609127468395086,3.140612739214793e-08,59.999998499448516,-60.0,0.39926901935292075,-0.6,0.003956856744631358,0.0,-0.06178082057338451,1.0000301901591686,1.000222527688142,97.75,60.0,54.0,0.33017387100014045,0.45,0.002618673797231299,1.0003313714552031
0.36,,2,True,0.9747861842358124,1.0560697902669478,91.7622196369541,269.70105769858566,-3186.50061572149,-1671.6209725964027,53.3333392435662,6.780660295363125,0.6666666666666667,0.08475824429939605,-0.061609221750825234,2.63898253023956e-08,59.999998698274624,-60.0,0.39970865115225523,-0.6,0.00396581510685582,0.0,-0.06178082057338451,1.000029089097517,1.000222527688142,97.75,60.0,54.0,0.3322997665254277,0.45,0.002645228822785273,1.0003313714552031
0.37,,2,True,0.9747862438427246,1.0560697904725176,91.76217501633556,269.70092871021023,-3186.5006036875343,-1671.6184135871456,53.33333878827276,6.780660237478317,0.6666666666666667,0.08475824429939605,-0.06160930354064255,2.212368605719425e-08,59.999998871616825,-60.0,0.40009156376763005,-0.6,0.003973632958022504,0.0,-0.06178082057338451,1.0000281186645734,1.000222527688142,97.75,60.0,54.0,0.3342829213839559,0.45,0.0026700160024372647,1.0003313714552031
0.38,,2,True,0.9747862988716821,1.0560697906629481,91.7621340083781,269.7008099861996,-3186.5006046244343,-1671.6160529007702,53.33333836246082,6.780660183341707,0.6666666666666667,0.08475824429939605,-0.06160937443904859,1.850083847915012e-08,59.99999901826384,-60.0,0.4004249817033635,-0.6,0.003980453627935953,0.0,-0.06178082057338451,1.000027264139707,1.000222527688142,97.75,60.0,54.0,0.33613292744281836,0.45,0.0026931510042564047,1.0003313714552031
0.39,,2,True,0.974786349921294,1.0560697908396721,91.76209614216214,269.7007000238234,-3186.500612158547,-1671.6138732551142,53.33333797179666,6.780660133673695,0.6666666666666667,0.08475824429939605,-0.061609436123350375,1.5423584438746235e-08,59.99999914409849,-60.0,0.4007152200239433,-0.6,0.003986402675210374,0.0,-0.06178082057338451,1.0000265123131147,1.000222527688142,97.75,60.0,54.0,0.33785873329609695,0.45,0.0027147423491431545,1.0003313714552031
0.4,,2,True,0.9747863983471706,1.0560697910046275,91.76206023519049,269.70059512687516,-3186.5006069727524,-1671.6118563209034,53.33333762288958,6.780660089314567,0.6666666666666667,0.08475824429939605,-0.06160948990122856,1.2811349102163648e-08,59.999999256193945,-60.0,0.4009677925630318,-0.6,0.0039915900564676384,0.0,-0.06178082057338451,1.000025851361368,1.000222527688142,97.75,60.0,54.0,0.339468684575427,0.45,0.002734891768141352,1.0003313714552031
0.41000000000000003,,2,True,0.9747864432614096,1.0560697911577333,91.76202706717294,269.7004980138326,-3186.5006081987995,-1671.6099920813986,53.33333729674132,6.780660047848937,0.6666666666666667,0.08475824429939605,-0.06160953663594144,1.06004566208501e-08,59.999999351535564,-60.0,0.4011875098685442,-0.6,0.003996112023758308,0.0,-0.06178082057338451,1.000025270726158,1.000222527688142,97.75,60.0,54.0,0.3409705631353581,0.45,0.0027536945554721263,1.0003313714552031
0.42,,2,True,0.9747864852221373,1.0560697913001598,91.76199615585004,269.7004072306445,-3186.5006094869764,-1671.6082672471186,53.33333699798432,6.780660009865759,0.6666666666666667,0.08475824429939605,-0.06160957738016341,8.729830417537657e-09,59.99999943420952,-60.0,0.40137857703368723,-0.6,0.004000052792490091,0.0,-0.06178082057338451,1.0000247609983173,1.000222527688142,97.75,60.0,54.0,0.34237162944312083,0.45,0.0027712399162699644,1.0003313714552031
0.43,,2,True,0.9747865244246209,1.05606979143267,91.76196734177657,269.70032234976924,-3186.5006107964527,-1671.6066706401134,53.333336723682464,6.7806599749917424,0.6666666666666667,0.08475824429939605,-0.061609612929828104,7.149609268118414e-09,59.99999950590625,-60.0,0.401544664248074,-0.6,0.004003486036951787,0.0,-0.06178082057338451,1.0000243138083573,1.000222527688142,97.75,60.0,54.0,0.34367865491665367,0.45,0.002787611315421173,1.0003313714552031
0.44,,2,True,0.9747865606626854,1.0560697915557424,91.76194030631012,269.70024232222875,-3186.500605218663,-1671.605191415764,53.33333647613319,6.78065994351898,0.6666666666666667,0.08475824429939605,-0.06160964397465393,5.8170311552624975e-09,59.99999956949443,-60.0,0.40168897575703244,-0.6,0.004006476188334026,0.0,-0.06178082057338451,1.0000239217239448,1.000222527688142,97.75,60.0,54.0,0.344897955572443,0.45,0.002802886810531361,1.0003313714552031
0.45,,2,True,0.9747865948661826,1.0560697916705102,91.76191527545406,269.70016818955656,-3186.5006064901268,-1671.6038216013992,53.333336240863005,6.780659913607349,0.6666666666666667,0.08475824429939605,-0.06160967102411687,4.697196072890377e-09,59.9999996228976,-60.0,0.4018143065716893,-0.6,0.0040090795806431,0.0,-0.06178082057338451,1.000023578154901,1.000222527688142,97.75,60.0,54.0,0.34603542168565354,0.45,0.0028171393743791602,1.0003313714552031
0.46,,2,True,0.974786627202326,1.0560697917775599,91.761892118637,269.7000996016387,-3186.5006146712662,-1671.6025527051418,53.33333602128343,6.7806598856905795,0.6666666666666667,0.08475824429939605,-0.0616096947181595,3.7560984649920876e-09,59.999999667990004,-60.0,0.4019231007538887,-0.6,0.0040113454519115485,0.0,-0.06178082057338451,1.0000232772657427,1.000222527688142,97.75,60.0,54.0,0.3470965496286261,0.45,0.0028304372023127506,1.0003313714552031
0.47000000000000003,,2,True,0.9747866562916842,1.0560697918764357,91.76187049819238,269.7000352231558,-3186.5006154886064,-1671.601376143117,53.333335828350066,6.7806598611615385,0.6666666666666667,0.08475824429939605,-0.06160971557896278,2.9654761235770616e-09,59.99999970908491,-60.0,0.4020174914311129,-0.6,0.004013316840818383,0.0,-0.06178082057338451,1.0000230138957034,1.000222527688142,97.75,60.0,54.0,0.3480864663124414,0.45,0.002842844011231244,1.0003313714552031
0.48,,2,True,0.9747866845230505,1.056069791969359,91.76184990314923,269.69997368142964,-3186.500610304942,-1671.6002832741294,53.3333356497033,6.780659838448858,0.6666666666666667,0.08475824429939605,-0.06160973385769704,2.3052846475064057e-09,59.99999974597025,-60.0,0.40209933506914686,-0.6,0.004015031359191569,0.0,-0.06178082057338451,1.0000227834857829,1.000222527688142,97.75,60.0,54.0,0.34900995164160675,0.45,0.002854419319505731,1.0003313714552031
0.49,,2,True,0.9747867105536782,1.0560697920555673,91.7618309907111,269.6999171665565,-3186.5006114685984,-1671.5992703317208,53.33333547982104,6.780659816850476,0.6666666666666667,0.08475824429939605,-0.06160974981885712,1.757218992216652e-09,59.999999776316365,-60.0,0.4021702535467197,-0.6,0.004016521857066544,0.0,-0.06178082057338451,1.0000225820126627,1.000222527688142,97.75,60.0,54.0,0.34987146527139606,0.45,0.002865218708340596,1.0003313714552031
0.5,,2,True,0.9747867348550648,1.0560697921358562,91.7618133606866,269.69986437865214,-3186.500612624128,-1671.5983302628488,53.33333532410519,6.780659797053174,0.6666666666666667,0.08475824429939605,-0.061609763873314634,1.301892544698429e-09,59.99999980282867,-60.0,0.40223166413499806,-0.6,0.004017817026666707,0.0,-0.06178082057338451,1.0000224059291878,1.000222527688142,97.75,60.0,54.0,0.3506751682970859,0.45,0.0028752940754581367,1.0003313714552031
0.51,,2,True,0.9747867575455976,1.0560697922106357,91.76179692475674,269.69981509010995,-3186.5006137378746,-1671.5974575278303,53.33333518067639,6.7806597788180145,0.6666666666666667,0.08475824429939605,-0.061609776261954734,9.252391264519867e-10,59.999999825992454,-60.0,0.4022848016846532,-0.6,0.004018941930337526,0.0,-0.06178082057338451,1.000022252110712,1.000222527688142,97.75,60.0,54.0,0.35142494155532944,0.45,0.0028846938741949857,1.0003313714552031
0.52,,2,True,0.9747867787310146,1.056069792280291,91.76178160020918,269.6997690476932,-3186.500614809308,-1671.5966470714006,53.33333504823531,6.780659761979805,0.6666666666666667,0.08475824429939605,-0.061609787195170976,6.152057877279503e-10,59.99999984623384,-60.0,0.4023307431503149,-0.6,0.004019918451964777,0.0,-0.06178082057338451,1.0000221178068947,1.000222527688142,97.75,60.0,54.0,0.3521244051564804,0.45,0.0028934633352815375,1.0003313714552031
0.53,,2,True,0.9747867988838138,1.0560697923455022,91.76176699972744,269.6997249799695,-3186.5006094192,-1671.5958930699821,53.33333492904063,6.780659746825707,0.6666666666666667,0.08475824429939605,-0.061609796856583715,3.61477509548462e-10,59.99999986526016,-60.0,0.40237042764243647,-0.6,0.004020765696849371,0.0,-0.06178082057338451,1.0000220005986244,1.000222527688142,97.75,60.0,54.0,0.352776936037944,0.45,0.002901644676819364,1.0003313714552031
0.54,,2,True,0.9747868169814362,1.0560697924056284,91.76175397924005,269.6996858723528,-3186.5006167860606,-1671.5951947342485,53.33333481040234,6.780659731742347,0.6666666666666667,0.08475824429939605,-0.061609805322537646,1.5690495655368677e-10,59.99999987887735,-60.0,0.40240467239829014,-0.6,0.004021500341743119,0.0,-0.06178082057338451,1.0000218983595595,1.000222527688142,97.75,60.0,54.0,0.3533856835904469,0.45,0.0029092773015187315,1.0003313714552031
0.55,,2,True,0.9747868342136249,1.0560697924619598,91.76174155132513,269.6996483810821,-3186.500617753714,-1671.5945447183185,53.33333470687106,6.780659718579653,0.6666666666666667,0.08475824429939605,-0.06160981293289858,-1.0188859174638649e-11,59.999999892625176,-60.0,0.40243419430619776,-0.6,0.004022136937303065,0.0,-0.06178082057338451,1.0000218092218585,1.000222527688142,97.75,60.0,54.0,0.35395358786401243,0.45,0.002916397980532397,1.0003313714552031
0.56,,2,True,0.9747868506788265,1.056069792514767,91.76172964700139,269.69961230522443,-3186.500612229635,-1671.5939392778841,53.333334613507866,6.780659706709702,0.6666666666666667,0.08475824429939605,-0.06160981967945782,-1.433885047935032e-10,59.999999905960536,-60.0,0.4024596136614896,-0.6,0.004022688188742793,0.0,-0.06178082057338451,1.000021731545742,1.000222527688142,97.75,60.0,54.0,0.35448338932363405,0.45,0.002923041030865938,1.0003313714552031
0.5700000000000001,,2,True,0.9747868657582442,1.0560697925651878,91.76171787483898,269.69957663420996,-3186.5005932852737,-1671.593374503588,53.333334531560794,6.780659696291167,0.6666666666666667,0.08475824429939605,-0.06160982558813173,-2.465989868293792e-10,59.99999991967884,-60.0,0.40248147082107016,-0.6,0.004023165175710819,0.0,-0.06178082057338451,1.0000216638923347,1.000222527688142,97.75,60.0,54.0,0.35497764436878787,0.45,0.002929238473565474,1.0003313714552031
0.58,,2,True,0.9747868797955379,1.056069792610715,91.76170827466602,269.69954782291103,-3186.500607276665,-1671.5928537748134,53.333334433005064,6.7806596837610495,0.6666666666666667,0.08475824429939605,-0.06160983063485863,-3.2234052965867796e-10,59.99999992432706,-60.0,0.4025002348414299,-0.6,0.00402357755883579,0.0,-0.06178082057338451,1.000021604999739,1.000222527688142,97.75,60.0,54.0,0.35543873696802153,0.45,0.002935020186133692,1.0003313714552031
0.59,,2,True,0.9747868928822059,1.0560697926531908,91.76169887828769,269.6995193424887,-3186.5006081019583,-1671.5923678643271,53.3333343583315,6.780659674267248,0.6666666666666667,0.08475824429939605,-0.06160983538952966,-3.84697651347128e-10,59.999999932341076,-60.0,0.4025163256989402,-0.6,0.004023933756230417,0.0,-0.06178082057338451,1.0000215537618313,1.000222527688142,97.75,60.0,54.0,0.3558688965565082,0.45,0.0029404140438536565,1.0003313714552031
0.6,,2,True,0.9747869047129698,1.0560697926925526,91.76168993708485,269.6994920651862,-3186.500601933423,-1671.59191510543,53.33333429223753,6.780659665864237,0.6666666666666667,0.08475824429939605,-0.06160983964066557,-4.3080154795032816e-10,59.99999994082202,-60.0,0.40253009710775106,-0.6,0.004024241131420163,0.0,-0.06178082057338451,1.0000215092095313,1.000222527688142,97.75,60.0,54.0,0.35627019715851993,0.45,0.0029454460626771057,1.0003313714552031
0.61,,2,True,0.9747869164924549,1.056069792729702,91.76168192775845,269.6994679161785,-3186.5006094785545,-1671.5914951163265,53.33333421820881,6.78065965645242,0.6666666666666667,0.08475824429939605,-0.061609843358927524,-4.616938643636172e-10,59.99999994511851,-60.0,0.40254185827816147,-0.6,0.0040245060913345005,0.0,-0.06178082057338451,1.0000214704939392,1.000222527688142,97.75,60.0,54.0,0.3566445742279533,0.45,0.002950140512072551,1.0003313714552031
0.62,,2,True,0.9747869275118576,1.0560697927644163,91.76167399782885,269.6994436861658,-3186.5006037392186,-1671.5911024939678,53.33333416184958,6.780659649287058,0.6666666666666667,0.08475824429939605,-0.06160984680723297,-4.841263351056904e-10,59.999999952183046,-60.0,0.4025518848201066,-0.6,0.004024734214196279,0.0,-0.06178082057338451,1.0000214368718665,1.000222527688142,97.75,60.0,54.0,0.35699383646044275,0.45,0.002954520033371296,1.0003313714552031
0.63,,2,True,0.9747869374484534,1.056069792796481,91.76166688312743,269.6994220385647,-3186.5006043187036,-1671.590738108086,53.33333410312433,6.780659641820883,0.6666666666666667,0.08475824429939605,-0.06160984981166089,-4.954848959337024e-10,59.99999995667876,-60.0,0.40256040838694723,-0.6,0.004024930372697476,0.0,-0.06178082057338451,1.0000214076929796,1.000222527688142,97.75,60.0,54.0,0.3573196672678657,0.45,0.0029586057541311083,1.0003313714552031
0.64,,2,True,0.9747869467163999,1.0560697928263787,91.76166024923329,269.6994018419046,-3186.500604893288,-1671.590398941674,53.33333404933552,6.780659634982316,0.6666666666666667,0.08475824429939605,-0.061609852533615096,-5.000879646931924e-10,59.999999960763994,-60.0,0.4025676355383782,-0.6,0.004025098800490475,0.0,-0.06178082057338451,1.000021382388285,1.000222527688142,97.75,60.0,54.0,0.3576236395560801,0.45,0.0029624173820846627,1.0003313714552031
0.65,,2,True,0.9747869549813362,1.0560697928540195,91.76165388126769,269.69938229229945,-3186.5005985433177,-1671.5900825222898,53.3333340043562,6.780659629263763,0.6666666666666667,0.08475824429939605,-0.06160985499888603,-4.991241750201227e-10,59.9999999658571,-60.0,0.402573744335292,-0.6,0.004025243189213801,0.0,-0.06178082057338451,1.0000213604602515,1.000222527688142,97.75,60.0,54.0,0.3579072199612887,0.45,0.0029659733049278636,1.0003313714552031
0.66,,2,True,0.9747869630474846,1.056069792880017,91.76164810340886,269.6993646965882,-3186.500599021164,-1671.5897885016168,53.333333955208026,6.780659623015193,0.6666666666666667,0.08475824429939605,-0.0616098571441476,-4.918903804845234e-10,59.999999968626874,-60.0,0.4025788872288512,-0.6,0.004025366752748581,0.0,-0.06178082057338451,1.0000213414739374,1.000222527688142,97.75,60.0,54.0,0.35817177561987723,0.45,0.002969290677211105,1.0003313714552031
0.67,,2,True,0.9747869705903496,1.0560697929041576,91.76164321506455,269.6993500227329,-3186.5006128097816,-1671.5895165530214,53.33333390347978,6.7806596164386015,0.6666666666666667,0.08475824429939605,-0.06160985911537943,-4.819177535935706e-10,59.99999996853599,-60.0,0.4025832009384967,-0.6,0.004025472282633564,0.0,-0.06178082057338451,1.000021325049251,1.000222527688142,97.75,60.0,54.0,0.35841858401400983,0.45,0.002972385501135346,1.0003313714552031
0.68,,2,True,0.9747869779926339,1.0560697929270662,91.76163788888447,269.69933365529016,-3186.5006069097194,-1671.5892604326493,53.333333871865065,6.78065961241919,0.6666666666666667,0.08475824429939605,-0.061609861092321215,-4.730559853299245e-10,59.9999999734242,-60.0,0.4025868056507577,-0.6,0.004025562214321415,0.0,-0.06178082057338451,1.0000213108542029,1.000222527688142,97.75,60.0,54.0,0.3586488376271304,0.45,0.002975272707598293,1.0003313714552031
0.6900000000000001,,2,True,0.9747869841843206,1.0560697929478042,91.76163352429083,269.69932039893126,-3186.500613718114,-1671.5890240579297,53.33333383127317,6.780659607258443,0.6666666666666667,0.08475824429939605,-0.061609862762127925,-4.5897013575984656e-10,59.99999997452697,-60.0,0.40258979671510586,-0.6,0.004025638674867956,0.0,-0.06178082057338451,1.0000212985988475,1.000222527688142,97.75,60.0,54.0,0.3588636446404381,0.45,0.0029779662287905185,1.0003313714552031
0.7000000000000001,,2,True,0.9747869902994303,1.0560697929674527,91.76162915369791,269.6993070561112,-3186.500614149131,-1671.5888028533598,53.333333798826686,6.780659603133284,0.6666666666666667,0.08475824429939605,-0.061609864362645546,-4.449144085527059e-10,59.99999997723168,-60.0,0.40259226489995914,-0.6,0.004025703497938731,0.0,-0.06178082057338451,1.0000212880299577,1.000222527688142,97.75,60.0,54.0,0.3590640427904185,0.45,0.002980479057433145,1.0003313714552031
0.71,,2,True,0.9747869960005011,1.0560697929858596,91.76162458327038,269.69929285373513,-3186.5006012156264,-1671.588594902926,53.333333775501345,6.780659600167761,0.6666666666666667,0.08475824429939605,-0.061609865793221336,-4.2888336872376065e-10,59.999999982246536,-60.0,0.4025942844161773,-0.6,0.0040257582857039466,0.0,-0.06178082057338451,1.0000212789266152,1.000222527688142,97.75,60.0,54.0,0.35925099804862415,0.45,0.00298282331726388,1.0003313714552031
0.72,,2,True,0.9747870013307851,1.0560697930029457,91.76162077794739,269.69928120827285,-3186.5006015025288,-1671.5884028247456,53.333333740794174,6.780659595755182,0.6666666666666667,0.08475824429939605,-0.06160986690870473,-4.081868688626214e-10,59.99999998311624,-60.0,0.4025959172008323,-0.6,0.004025804425318403,0.0,-0.06178082057338451,1.0000212710960634,1.000222527688142,97.75,60.0,54.0,0.3594254104741086,0.45,0.0029850103172254774,1.0003313714552031
0.73,,2,True,0.9747870063040613,1.056069793018875,91.76161723501447,269.69927035855903,-3186.500601834137,-1671.5882239023856,53.33333371139763,6.7806595920177815,0.6666666666666667,0.08475824429939605,-0.06160986796954254,-3.884728796715267e-10,59.99999998413169,-60.0,0.4025972241971671,-0.6,0.004025843111990883,0.0,-0.06178082057338451,1.000021264370226,1.000222527688142,97.75,60.0,54.0,0.35958812328971995,0.45,0.002987050604570563,1.0003313714552031
0.74,,2,True,0.9747870105709482,1.0560697930334075,91.7616142371364,269.69926129859033,-3186.500608560191,-1671.5880583436685,53.333333681827895,6.780659588258365,0.6666666666666667,0.08475824429939605,-0.061609868966577774,-3.694609773413029e-10,59.99999998387282,-60.0,0.40259825447039616,-0.6,0.00402587539448608,0.0,-0.06178082057338451,1.0000212586026893,1.000222527688142,97.75,60.0,54.0,0.3597399213926423,0.45,0.0029889540224726503,1.0003313714552031
0.75,,2,True,0.9747870152687202,1.0560697930475882,91.76161083982447,269.6992508000217,-3186.500602464881,-1671.5879018268981,53.33333366302956,6.780659585868394,0.6666666666666667,0.08475824429939605,-0.0616098699798784,-3.5267385495468394e-10,59.99999998680294,-60.0,0.4025990518619132,-0.6,0.004025902182040551,0.0,-0.06178082057338451,1.000021253665835,1.000222527688142,97.75,60.0,54.0,0.35988153772817855,0.45,0.002990729753632524,1.0003313714552031
0.76,,2,True,0.9747870196990717,1.0560697930607357,91.76160814329577,269.6992426636478,-3186.500609598953,-1671.587757646742,53.33333363464657,6.780659582259854,0.6666666666666667,0.08475824429939605,-0.06160987080907407,-3.339027931664142e-10,59.99999998623772,-60.0,0.4025996496658743,-0.6,0.0040259242661851964,0.0,-0.06178082057338451,1.0000212494484761,1.000222527688142,97.75,60.0,54.0,0.36001365388951817,0.45,0.0029923863657863167,1.0003313714552031
0.77,,2,True,0.9747870234744923,1.0560697930727747,91.76160545746967,269.6992344536732,-3186.500609882783,-1671.587622687715,53.333333616462454,6.780659579947974,0.6666666666666667,0.08475824429939605,-0.061609871673783984,-3.177153709998339e-10,59.99999998764014,-60.0,0.4026000831794542,-0.6,0.004025942323803583,0.0,-0.06178082057338451,1.0000212458537474,1.000222527688142,97.75,60.0,54.0,0.36013690893515204,0.45,0.0029939318491115836,1.0003313714552031
0.78,,2,True,0.974787026992137,1.0560697930840124,91.76160295515646,269.69922677041484,-3186.5006101217846,-1671.5874968865085,53.333333597998376,6.780659577600501,0.6666666666666667,0.08475824429939605,-0.06160987245037723,-3.013936656237017e-10,59.99999998881916,-60.0,0.4026003770205856,-0.6,0.004025956950801323,0.0,-0.06178082057338451,1.0000212427973882,1.000222527688142,97.75,60.0,54.0,0.36025189626159376,0.45,0.002995373660847854,1.0003313714552031
0.79,,2,True,0.9747870306478728,1.0560697930948162,91.76160031644037,269.6992185629457,-3186.5006039296645,-1671.5873784518144,53.333333583531825,6.780659575761261,0.6666666666666667,0.08475824429939605,-0.06160987315289005,-2.8523034757859793e-10,59.99999999115769,-60.0,0.4026005544516851,-0.6,0.004025968655652456,0.0,-0.06178082057338451,1.000021240206031,1.000222527688142,97.75,60.0,54.0,0.36035917048532684,0.45,0.0029967187557809393,1.0003313714552031
0.8,,2,True,0.9747870333424831,1.0560697931042649,91.76159844204705,269.69921292297283,-3186.5006105209923,-1671.587270278236,53.33333356150514,6.780659572960845,0.6666666666666667,0.08475824429939605,-0.061609873708469085,-2.6776020648094493e-10,59.99999999017156,-60.0,0.4026006339132124,-0.6,0.004025977877868555,0.0,-0.06178082057338451,1.0000212380158966,1.000222527688142,97.75,60.0,54.0,0.3604592482862683,0.45,0.0029979736221002963,1.0003313714552031
0.81,,2,True,0.9747870361938951,1.056069793113388,91.76159640478551,269.699206689126,-3186.500610747722,-1671.5871684137146,53.33333354725419,6.780659571149016,0.6666666666666667,0.08475824429939605,-0.06160987432600831,-2.532697384193773e-10,59.999999991139745,-60.0,0.4026006357015383,-0.6,0.004025984993184447,0.0,-0.06178082057338451,1.000021236171567,1.000222527688142,97.75,60.0,54.0,0.36055261385500537,0.45,0.0029991443114906844,1.0003313714552031
0.8200000000000001,,2,True,0.9747870384754975,1.0560697931216603,91.76159433063626,269.6992001884561,-3186.5006040408703,-1671.587072752101,53.33333353790164,6.780659569959958,0.6666666666666667,0.08475824429939605,-0.06160987488271428,-2.390180778038499e-10,59.99999999335492,-60.0,0.4026005727584772,-0.6,0.004025990334142181,0.0,-0.06178082057338451,1.0000212346249502,1.000222527688142,97.75,60.0,54.0,0.36063971675289247,0.45,0.0030002364722842233,1.0003313714552031
0.8300000000000001,,2,True,0.9747870409574403,1.056069793129603,91.76159255779704,269.6991947508216,-3186.5006041834577,-1671.5869841766614,53.33333352140806,6.780659567863008,0.6666666666666667,0.08475824429939605,-0.061609875300237066,-2.2342262190494078e-10,59.99999999349595,-60.0,0.40260045532888267,-0.6,0.004025994182502829,0.0,-0.06178082057338451,1.000021233334247,1.000222527688142,97.75,60.0,54.0,0.3607209760171817,0.45,0.003001255372415533,1.0003313714552031
0.84,,2,True,0.9747870432780971,1.0560697931370022,91.7615909087428,269.6991896834109,-3186.500604342801,-1671.58690160053,53.33333350778675,6.780659566131231,0.6666666666666667,0.08475824429939605,-0.06160987570889877,-2.0921042597093623e-10,59.99999999375362,-60.0,0.40260029648238155,-0.6,0.004025996775199328,0.0,-0.06178082057338451,1.000021232263201,1.000222527688142,97.75,60.0,54.0,0.360796784686692,0.45,0.003002205924627729,1.0003313714552031
0.85,,2,True,0.9747870454433788,1.0560697931439034,91.76158936989896,269.699184952376,-3186.500604492038,-1671.5868246112695,53.33333349568825,6.7806595645930585,0.6666666666666667,0.08475824429939605,-0.06160987610137045,-1.9609735936614993e-10,59.99999999407584,-60.0,0.40260010519712985,-0.6,0.0040259983226054495,0.0,-0.06178082057338451,1.000021231380437,1.000222527688142,97.75,60.0,54.0,0.3608675083871652,0.45,0.003003092714180003,1.0003313714552031
0.86,,2,True,0.9747870470899345,1.056069793150019,91.7615882524229,269.69918160908406,-3186.5006110476343,-1671.5867539905419,53.33333348136236,6.780659562771703,0.6666666666666667,0.08475824429939605,-0.06160987647359625,-1.8389282059766e-10,59.99999999309497,-60.0,0.4025998890644732,-0.6,0.0040259990049469115,0.0,-0.06178082057338451,1.000021230658752,1.000222527688142,97.75,60.0,54.0,0.3609334882135837,0.45,0.0030039200186559446,1.0003313714552031
0.87,,2,True,0.9747870493425219,1.0560697931563505,91.76158659072982,269.69917644260516,-3186.5006047938673,-1671.5866859128027,53.3333334764589,6.780659562148291,0.6666666666666667,0.08475824429939605,-0.06160987690745211,-1.7413482653210875e-10,59.9999999953133,-60.0,0.4025996560065706,-0.6,0.004025998976371367,0.0,-0.06178082057338451,1.0000212300745805,1.000222527688142,97.75,60.0,54.0,0.3609950431084945,0.45,0.003004691828614062,1.0003313714552031
0.88,,2,True,0.974787051106955,1.0560697931619463,91.76158534756355,269.69917260356215,-3186.500604886771,-1671.5866234537746,53.3333334655846,6.780659560765761,0.6666666666666667,0.08475824429939605,-0.061609877201926094,-1.6257971764848797e-10,59.99999999546671,-60.0,0.40259940819904383,-0.6,0.004025998372294951,0.0,-0.06178082057338451,1.000021229607529,1.000222527688142,97.75,60.0,54.0,0.3610524684442288,0.45,0.003005411868072074,1.0003313714552031
0.89,,2,True,0.9747870527478102,1.0560697931671708,91.76158417337803,269.6991690137316,-3186.5006049984067,-1671.586565242507,53.33333345619341,6.78065955957179,0.6666666666666667,0.08475824429939605,-0.0616098774867612,-1.519883603434093e-10,59.999999995673576,-60.0,0.4025991518090042,-0.6,0.004025997299718823,0.0,-0.06178082057338451,1.0000212292399286,1.000222527688142,97.75,60.0,54.0,0.36110604192426815,0.45,0.003006083608531374,1.0003313714552031
0.9,,2,True,0.974787054278606,1.0560697931720442,91.76158308935496,269.6991656596663,-3186.500605106824,-1671.5865109631393,53.33333344774626,6.780659558497843,0.6666666666666667,0.08475824429939605,-0.06160987775859854,-1.4219755627314496e-10,59.99999999591005,-60.0,0.4025988906074352,-0.6,0.004025995854311628,0.0,-0.06178082057338451,1.0000212289565742,1.000222527688142,97.75,60.0,54.0,0.36115602193670493,0.45,0.0030067102900322128,1.0003313714552031
0.91,,2,True,0.9747870557068152,1.05606979317659,91.76158207236662,269.6991625511515,-3186.5006052063322,-1671.586460339501,53.33333343997582,6.780659557509927,0.6666666666666667,0.08475824429939605,-0.06160987801557743,-1.3309023318302653e-10,59.999999996157214,-60.0,0.4025986276835408,-0.6,0.004025994117252308,0.0,-0.06178082057338451,1.0000212287443446,1.000222527688142,97.75,60.0,54.0,0.36120264952252745,0.45,0.0030072949352536117,1.0003313714552031
0.92,,2,True,0.9747870570393043,1.0560697931808305,91.7615811351638,269.6991596398115,-3186.500605300791,-1671.5864131347244,53.33333343276648,6.78065955659335,0.6666666666666667,0.08475824429939605,-0.0616098782570265,-1.2458468643000279e-10,59.99999999640365,-60.0,0.4025983655709878,-0.6,0.0040259921571480835,0.0,-0.06178082057338451,1.0000212285919317,1.000222527688142,97.75,60.0,54.0,0.3612461495530586,0.45,0.0030078403640737684,1.0003313714552031
0.93,,2,True,0.974787057908828,1.0560697931844643,91.76158055741077,269.69915798280994,-3186.5006118036,-1671.5863702781476,53.333333422807655,6.780659555327211,0.6666666666666667,0.08475824429939605,-0.061609878482991653,-1.166216516845188e-10,59.99999999531168,-60.0,0.4025981063297268,-0.6,0.004025990031788532,0.0,-0.06178082057338451,1.0000212284896022,1.000222527688142,97.75,60.0,54.0,0.361286731815174,0.45,0.003008349207180779,1.0003313714552031
0.9400000000000001,,2,True,0.9747870590627374,1.0560697931881595,91.7615797452599,269.699155454605,-3186.500611919069,-1671.5863292590504,53.33333341865989,6.780659554799876,0.6666666666666667,0.08475824429939605,-0.06160987877756737,-1.1081988421529201e-10,59.99999999607092,-60.0,0.4025978531362461,-0.6,0.004025987789665716,0.0,-0.06178082057338451,1.0000212284289922,1.000222527688142,97.75,60.0,54.0,0.3613245927527686,0.45,0.0030088239187699133,1.0003313714552031
0.9500000000000001,,2,True,0.9747870601447542,1.0560697931916017,91.76157896409042,269.69915309079727,-3186.5006119945406,-1671.5862909625075,53.333333413599036,6.780659554156453,0.6666666666666667,0.08475824429939605,-0.06160987902443858,-1.0464924250935383e-10,59.999999996621646,-60.0,0.40259760562207136,-0.6,0.004025985475089902,0.0,-0.06178082057338451,1.0000212284029255,1.000222527688142,97.75,60.0,54.0,0.3613599141874947,0.45,0.0030092667896038784,1.0003313714552031
0.96,,2,True,0.9747870611543502,1.0560697931948129,91.76157825128594,269.69915089077944,-3186.5006120657945,-1671.5862552435417,53.33333340842297,6.780659553498381,0.6666666666666667,0.08475824429939605,-0.06160987923670662,-9.84072566228524e-11,59.99999999703085,-60.0,0.4025973647983905,-0.6,0.004025983120372605,0.0,-0.06178082057338451,1.000021228405218,1.000222527688142,97.75,60.0,54.0,0.3613928664452455,0.45,0.003009679955328927,1.0003313714552031
0.97,,2,True,0.974787062096265,1.056069793197808,91.76157758045997,269.69914883296263,-3186.5006121304364,-1671.5862219304308,53.33333340344302,6.780659552865243,0.6666666666666667,0.08475824429939605,-0.06160987942326397,-9.227797162663772e-11,59.99999999734606,-60.0,0.4025971314614858,-0.6,0.00402598075227543,0.0,-0.06178082057338451,1.000021228430599,1.000222527688142,97.75,60.0,54.0,0.3614236084409464,0.45,0.0030100654083385506,1.0003313714552031
0.98,,2,True,0.9747870629750418,1.0560697932006027,91.76157695414838,269.69914690163324,-3186.5006121940614,-1671.58619085873,53.333333398748614,6.780659552268408,0.6666666666666667,0.08475824429939605,-0.061609879590015924,-8.636759908802878e-11,59.999999997597826,-60.0,0.4025969061983699,-0.6,0.004025978392860286,0.0,-0.06178082057338451,1.0000212284745849,1.000222527688142,97.75,60.0,54.0,0.36145228843003835,0.45,0.003010425007405751,1.0003313714552031
0.99,,2,True,0.9747870637949062,1.056069793203209,91.76157638127292,269.69914513224325,-3186.5006122520836,-1671.58616188138,53.33333339435406,6.780659551709697,0.6666666666666667,0.08475824429939605,-0.06160987974094877,-8.073355273357636e-11,59.99999999780582,-60.0,0.40259668941966126,-0.6,0.004025976060141139,0.0,-0.06178082057338451,1.0000212285333676,1.000222527688142,97.75,60.0,54.0,0.3614790447231633,0.45,0.0030107604866413313,1.0003313714552031
1.0,der_trip:PV_671_A,2,True,0.9747870645598071,1.056069793205641,91.76157582938866,269.6991434461234,-3186.5006123057965,-1671.586134847824,53.33333339025056,6.7806595511879895,0.5833333333333334,0.07416346376197153,-0.06160987987881299,-7.540291895196799e-11,59.999999997982776,-60.0,0.4025964813888775,-0.6,0.004025973768655007,0.0,-0.06178082057338451,1.0000212286037211,1.000222527688142,97.75,60.0,54.0,0.3615040063534189,0.45,0.0030110734638516706,1.0003313714552031
1.01,,2,True,0.974660409584582,1.0560690332988925,92.05778168518765,270.5677819780774,-3191.1015728934062,-1673.0025060476682,48.88645957357144,6.215295725203974,0.5104166666666666,0.06489303079172508,-0.06160988000555918,-7.038416236109917e-11,59.99917683166956,-60.0,0.4025962822471793,-0.6,0.004025971529963449,0.0,-0.06178082057338451,1.0000212286829187,1.000222527688142,97.75,60.0,54.0,0.3615272936986338,0.45,0.003011365448337035,1.0003313714552031
1.02,,2,True,0.9745040126223649,1.0560681006177013,92.42281681328444,271.63799476792093,-3196.705174478,-1674.759435890517,43.515043812512346,5.532388071239764,0.44661458333333326,0.056781401942759435,-0.061661601197151125,-1.0290237588038527e-06,59.99850574047228,-60.0,0.4038361569900674,-0.6,0.004025969353090535,0.0,-0.06178082057338451,1.0000212287686636,1.000222527688142,97.75,60.0,54.0,0.36214435623033575,0.45,0.0030116378481673508,1.0003313714552031
1.03,,2,True,0.9743522337023418,1.0560671934204298,92.77999513332648,272.6852444152862,-3202.1369554474973,-1676.4753406634309,38.32217336608321,4.872180198369433,0.3907877604166666,0.0496837266999145,-0.061755488292247626,-2.793945792566808e-06,59.99814380686214,-60.0,0.4064491785242265,-0.6,0.00402906740729307,0.0,-0.06178082057338451,1.0000212288590284,1.000222527688142,97.75,60.0,54.0,0.36345386662710155,0.45,0.00301288420558444,1.0003313714552031
1.04,,2,True,0.9742146959574474,1.0560663680393785,93.1068599466057,273.6437340343725,-3207.0675958517145,-1678.0398088816592,33.614246949310235,4.273626832304797,0.3419392903645832,0.04347326086242518,-0.06187211634675854,-4.834792635635564e-06,59.998031330255365,-60.0,0.4102237453953621,-0.6,0.004037923501780369,0.0,-0.06178082057338451,1.0000211979507783,1.000222527688142,97.75,60.0,54.0,0.3653904229031336,0.45,0.0030160638088460546,1.0003313714552031
1.05,,2,True,0.9739815065102848,1.0560656344107315,93.39893078237678,274.50030765833645,-3211.4424774605923,-1679.4320872193587,29.44009070009875,3.7429355996330207,0.29919687906901027,0.03803910325462203,-0.061995811514900266,-6.8121505528642844e-06,59.9980798372536,-60.0,0.4148808662912805,-0.6,0.004054001989823682,0.0,-0.06178082057338451,1.0000210846632331,1.000222527688142,97.75,60.0,54.0,0.3678479372346791,0.45,0.003021835085248733,1.0003313714552031
1.06,,2,True,0.973694489864638,1.056065456923772,93.657483292141,275.2586746067894,-3215.2916822555812,-1680.659693708609,25.769435243017842,3.2762581316777584,0.26179726918538393,0.03328421534779427,-0.062116458898456066,-8.531138930579032e-06,59.998218619909004,-60.0,0.4201595673717783,-0.6,0.0040777036580959625,0.0,-0.06178082057338451,1.0000208332483167,1.000222527688142,97.75,60.0,54.0,0.37071931044246237,0.45,0.0030305479635901185,1.0003313714552031
1.07,,2,True,0.9734424582060663,1.056065538441079,93.88545136173752,275.92741028227385,-3218.667581317095,-1681.7379983835472,22.551491532514905,2.867137242942989,0.2290726105372109,0.029123688429319984,-0.06222838631059863,-9.904750151267642e-06,59.99839989833398,-60.0,0.4258386999534687,-0.6,0.004108676662001418,0.0,-0.06178082057338451,1.0000203950997009,1.000222527688142,97.75,60.0,54.0,0.3739080502487254,0.45,0.003042303888276199,1.0003313714552031
1.08,,2,True,0.9732214534936806,1.056065609855412,94.0860626089654,276.51595722193457,-3221.624676498214,-1682.6835250944985,19.73372463716359,2.5088937806005824,0.2004385342200595,0.025483227375654983,-0.0623289236633781,-1.0914402218669225e-05,59.998594056322304,-60.0,0.4317385178717255,-0.6,0.004146104246384735,0.0,-0.06178082057338451,1.0000197348507691,1.000222527688142,97.75,60.0,54.0,0.37733071044590333,0.45,0.0030570231943688347,1.0003313714552031
1.09,,2,True,0.9730277729612425,1.0560656724038544,94.26240642753297,277.0333580985299,-3224.213649776082,-1683.511875031592,17.26746906471346,2.19534054212887,0.17538371744255205,0.022297823953698108,-0.06241726170996258,-1.1580391593927643e-05,59.99878393796318,-60.0,0.43771633948581506,-0.6,0.004188924479467865,0.0,-0.06178082057338451,1.00001883237578,1.000222527688142,97.75,60.0,54.0,0.38091642205521076,0.45,0.0030745030729049066,1.0003313714552031
1.1,,2,True,0.9728580933897024,1.0560657271829934,94.41730485862693,277.4878767098144,-3226.4798630274468,-1684.237159641456,15.109242696121044,1.9209493254250387,0.15346075276223303,0.019510595959485844,-0.06249366914118592,-1.1942429980553412e-05,59.99896040841386,-60.0,0.44366101706563466,-0.6,0.004235984208315436,0.0,-0.06178082057338451,1.0000176821934577,1.000222527688142,97.75,60.0,54.0,0.3846056229096374,0.45,0.0030944631617492767,1.0003313714552031
1.11,,2,True,0.9727094695858278,1.0560657751624902,94.55328987247857,277.8869288221068,-3228.4633399973372,-1684.8719355609899,13.220697844823988,1.6808447066101353,0.1342781586669539,0.01707177146455011,-0.062558988606981,-1.2047676465174356e-05,59.99911928423044,-60.0,0.44948763339435355,-0.6,0.004286140698900664,0.0,-0.06178082057338451,1.0000162914503115,1.000222527688142,97.75,60.0,54.0,0.38834864922892254,0.45,0.0031165799009154837,1.0003313714552031
1.12,,2,True,0.97257930613277,1.0560658171913,94.67261562109017,278.2371188068086,-3230.1992478672005,-1685.4273035735387,11.568179194245527,1.4707478373675789,0.11749338883358464,0.014937800031481345,-0.0626143256108123,-1.1943803530612793e-05,59.99925931113081,-60.0,0.4551328216833599,-0.6,0.0043383246076613815,0.0,-0.06178082057338451,1.0000146772908887,1.000222527688142,97.75,60.0,54.0,0.3921044021966073,0.45,0.003140511669447258,1.0003313714552031
1.1300000000000001,,2,True,0.9724653241837918,1.0560658540076482,94.7772843653795,278.5443151034766,-3231.7184659187496,-1685.9130578141162,10.122203992138887,1.2869103582210446,0.10280671522938654,0.013070575027546175,-0.06266086446501329,-1.1675284264041521e-05,59.99938088643767,-60.0,0.460550784374623,-0.6,0.004391575509954436,0.0,-0.06178082057338451,1.0000128641242627,1.000222527688142,97.75,60.0,54.0,0.3958391582114211,0.45,0.003165916672552152,1.0003313714552031
1.1400000000000001,,2,True,0.9723655182680682,1.0560658862650958,94.86906605504765,278.8137052112143,-3233.048010034326,-1686.3378092792743,8.856962875085983,1.1260509346758283,0.08995587582571321,0.011436753149102901,-0.06269976451739673,-1.128164779055706e-05,59.99948529501747,-60.0,0.4657099434881266,-0.6,0.0044450585934023845,0.0,-0.06178082057338451,1.000010881081939,1.000222527688142,97.75,60.0,54.0,0.39952552283470616,0.45,0.00319246526839409,1.0003313714552031
1.1500000000000001,,2,True,0.972278135171346,1.0560659145299747,94.94952339959735,279.049870303257,-3234.211514926769,-1686.709125338648,7.74986826564664,0.9852978416217217,0.07871139134749905,0.010007159005465036,-0.06273210438523452,-1.0796864239666776e-05,59.99957422429051,-60.0,0.47059012185337956,-0.6,0.004498068803772105,0.0,-0.06178082057338451,1.0000087598172456,1.000222527688142,97.75,60.0,54.0,0.403141508420225,0.45,0.003219848086106449,1.0003313714552031
1.16,,2,True,0.9722016336044502,1.0560659392982195,95.020036168988,279.25685650566606,-3235.229714773627,-1687.0336552906208,6.781154258149735,0.8621380938662173,0.06887246742906188,0.008756264129781933,-0.0627588566620546,-1.0249397452559803e-05,59.99964947143872,-60.0,0.47518019754794505,-0.6,0.0045500269074625265,0.0,-0.06178082057338451,1.0000065327033871,1.000222527688142,97.75,60.0,54.0,0.4066697313306658,0.45,0.003247780982918867,1.0003313714552031
1.17,,2,True,0.9721346620020126,1.0560659610076235,95.08181880024694,279.43822462271334,-3236.1207190681503,-1687.3172292308363,5.933524864669971,0.7543727250543574,0.06026340900042913,0.0076617311135591904,-0.06278088102111433,-9.662618408902152e-06,59.99971280778279,-60.0,0.47947618150866317,-0.6,0.004600470674466757,0.0,-0.06178082057338451,1.0000042314312634,1.000222527688142,97.75,60.0,54.0,0.4100967251381114,0.45,0.0032760076718862034,1.0003313714552031
1.18,,2,True,0.9720760371180385,1.0560659800367853,95.13594304208871,279.597118199827,-3236.900428817272,-1687.5649695107045,5.19184563413585,0.6600775809342585,0.05273048287537548,0.006704014724364291,-0.06279892584030933,-9.055346839522496e-06,59.999765871692546,-60.0,0.4834796054322467,-0.6,0.004649043459621726,0.0,-0.06178082057338451,1.0000018859758943,1.000222527688142,97.75,60.0,54.0,0.41341233327191546,0.45,0.003304300679405815,1.0003313714552031
1.19,,2,True,0.9720247218941649,1.0560659967180703,95.18334857671883,279.73629381021885,-3237.5827218326276,-1687.7813576173487,4.542873632625694,0.5775689897630599,0.04613917251595354,0.005866012883818754,-0.06281363655572342,-8.44247253989145e-06,59.99981015418908,-60.0,0.48719622112514976,-0.6,0.004695481608296912,0.0,-0.06178082057338451,0.9999995238837477,1.000222527688142,97.75,60.0,54.0,0.4166091949801286,0.45,0.0033324610989778447,1.0003313714552031
1.2,,2,True,0.971979805331094,1.0560660113450222,95.2248644847768,279.8581831784888,-3238.1797786632096,-1687.9703283888057,3.975021086881319,0.5053737125657063,0.04037177595145935,0.005132761273341409,-0.06282556491982148,-7.835532549553044e-06,59.99984696852137,-60.0,0.490634919471746,-0.6,0.004739601759035558,0.0,-0.06178082057338451,0.9999971698285436,1.000222527688142,97.75,60.0,54.0,0.4196822929859979,0.45,0.00336031753748249,1.0003313714552031
1.21,,2,True,0.9719404930746097,1.0560660241702322,95.26121683401249,279.96491681591766,-3238.7022345671035,-1688.135323243142,3.47814854574606,0.44220264622490024,0.03532530395752692,0.0044911661141737325,-0.06283518017120238,-7.243268642890181e-06,59.999877466978496,-60.0,0.4938068629039466,-0.6,0.004781288617956033,0.0,-0.06178082057338451,0.9999948453828729,1.000222527688142,97.75,60.0,54.0,0.4226285689635388,0.45,0.0033877245182959885,1.0003313714552031
1.22,,2,True,0.9719060861427212,1.056066035418295,95.29304474684177,280.05836976183696,-3239.1594166800733,-1688.279359173874,3.0433838753525366,0.38692781100595935,0.030909640962836053,0.003929770349902015,-0.06284287914800572,-6.67210805547659e-06,59.99990264192334,-60.0,0.49672477671127296,-0.6,0.004820483620726891,0.0,-0.06178082057338451,0.9999925689577471,1.000222527688142,97.75,60.0,54.0,0.42544658887136755,0.45,0.0034145605629093555,1.0003313714552031
1.23,,2,True,0.9718759744933337,1.0560660452852717,95.32090678233452,280.1401806649026,-3239.5594468401373,-1688.405070235951,2.662963873601616,0.33856221383878754,0.027045935842481543,0.003438549056164263,-0.06284899633637364,-6.1265948457511325e-06,59.99992335320963,-60.0,0.49940238792919234,-0.6,0.004857174657323351,0.0,-0.06178082057338451,0.9999903558676189,1.000222527688142,97.75,60.0,54.0,0.42813625894819385,0.45,0.00344072609844643,1.0003313714552031
1.24,,2,True,0.9718496218218866,1.0560660539401339,95.345296730243,280.211799359552,-3239.909512385228,-1688.5147736781914,2.3300956700731006,0.29624222706753106,0.023665193862171346,0.0030087304241437295,-0.06285381219624468,-5.6097438491403466e-06,59.99994031642237,-60.0,0.5018539674391399,-0.6,0.004891386962815494,0.0,-0.06178082057338451,0.9999882184851503,1.000222527688142,97.75,60.0,54.0,0.43069857654114263,0.45,0.0034661413103374674,1.0003313714552031
1.25,,2,True,0.9718265612548798,1.0560660615343316,95.36664367005328,280.27448426535307,-3240.215809012717,-1688.6104839490401,2.0388354564077393,0.2592121705507166,0.020707044629399925,0.002632639121125763,-0.0628575622260251,-5.1233739362630785e-06,59.99995416222372,-60.0,0.504093998950503,-0.6,0.00492317514070947,0.0,-0.06178082057338451,0.9999861664561205,1.000222527688142,97.75,60.0,54.0,0.43313543099806934,0.45,0.003490744009171878,1.0003313714552031
1.26,,2,True,0.9718063802497103,1.0560660681983056,95.3853274076401,280.3293506818763,-3240.483847005873,-1688.6939745857721,1.783982358378148,0.2268108188358416,0.01811866405072493,0.0023035592309850425,-0.06286044229844887,-4.6683337629750875e-06,59.999965402713975,-60.0,0.5061368779265724,-0.6,0.0049526163529083605,0.0,-0.06178082057338451,0.9999842069511177,1.000222527688142,97.75,60.0,54.0,0.4354494123653794,0.45,0.0035144875923342847,1.0003313714552031
1.27,,2,True,0.9717887217295886,1.0560660740470273,95.40167818831225,280.3773673614215,-3240.718377784175,-1688.7667884140012,1.5609855840257496,0.1984595962180348,0.01585383104438431,0.002015614327111912,-0.06286261611004126,-4.244746994212774e-06,59.999974487510926,-60.0,0.5079967304971551,-0.6,0.004979804459497701,0.0,-0.06178082057338451,0.9999823449349935,1.000222527688142,97.75,60.0,54.0,0.4376436723851716,0.45,0.0035373390944763933,1.0003313714552031
1.28,,2,True,0.9717732686113842,1.0560660791829897,95.41598649698477,280.4193870496396,-3240.9235967574236,-1688.830277393036,1.365863166189074,0.17365224587910022,0.01387210216383627,0.0017636625362229229,-0.0628642191070061,-3.852162906130905e-06,59.99998178506616,-60.0,0.5096872354512373,-0.6,0.005004845170866164,0.0,-0.06178082057338451,0.9999805834410282,1.000222527688142,97.75,60.0,54.0,0.43972178538588214,0.45,0.0035592773962230674,1.0003313714552031
1.29,,2,True,0.9717597472701015,1.05606608369192,95.42850710604613,280.45615780043215,-3241.1031735526763,-1688.8856252183118,1.1951308667862373,0.15194579096522529,0.012138089393356734,0.0015432047191950573,-0.06286536358505244,-3.4897152828099697e-06,59.99998760549051,-60.0,0.511221526442666,-0.6,0.005027851966777717,0.0,-0.06178082057338451,0.9999789238387423,1.000222527688142,97.75,60.0,54.0,0.4416876462820951,0.45,0.0035802915592882574,1.0003313714552031
1.3,,2,True,0.971747917673329,1.0560660876511208,95.4394609467788,280.48832807303756,-3241.2602829451844,-1688.9338594105677,1.0457399645537182,0.13295262508392872,0.010620828219187141,0.001350304129295675,-0.06286614235505193,-3.156236891397705e-06,59.99999221623715,-60.0,0.5126121117772211,-0.6,0.005048942791189953,0.0,-0.06178082057338451,0.9999773660889545,1.000222527688142,97.75,60.0,54.0,0.4435453779538735,0.45,0.003600379324567431,1.0003313714552031
1.31,,2,True,0.9717375659110951,1.0560660911297122,95.44904651212526,280.516480489968,-3241.3977797374523,-1688.9758923009103,0.9150228173533771,0.11633359123913878,0.009293224691788747,0.0011815161131337154,-0.06286663142329549,-2.8503429058168012e-06,59.999995824502186,-60.0,0.5138708175120402,-0.6,0.005068237372835517,0.0,-0.06178082057338451,0.9999759089808801,1.000222527688142,97.75,60.0,54.0,0.44529925118794306,0.45,0.003619545756243734,1.0003313714552031
1.32,,2,True,0.9717285094515676,1.0560660941864337,95.45743147384974,280.54110724405024,-3241.5180673222885,-1689.0125037115488,0.8006452316527263,0.10179192621235249,0.008131571605315153,0.0010338265989920008,-0.06286689377756066,-2.570527987503041e-06,59.99999862425273,-60.0,0.515008777270589,-0.6,0.005085855073406738,0.0,-0.06178082057338451,0.999974550348604,1.000222527688142,97.75,60.0,54.0,0.44695362897461,0.45,0.003637802023641559,1.0003313714552031
1.33,,2,True,0.97172058535583,1.0560660968718623,95.46476919143082,280.5626588663432,-3241.62335453289,-1689.0443942701634,0.7005647810629322,0.08906796129132738,0.007115125154650757,0.0009045982741180006,-0.06286698021831078,-2.3151948728358126e-06,60.0000007530708,-60.0,0.5160364009652395,-0.6,0.005101913248231526,0.0,-0.06178082057338451,0.9999732872657776,1.000222527688142,97.75,60.0,54.0,0.4485129037847335,0.45,0.0036551643338709307,1.0003313714552031
1.34,,2,True,0.971713652944926,1.0560660992336524,95.47118677412813,280.5815081313104,-3241.71545409244,-1689.072154349845,0.6129943390551089,0.07793448591566961,0.006225734510319412,0.0007915234898532504,-0.06286693290147699,-2.0827340470536662e-06,60.00000235284062,-60.0,0.5169634027901062,-0.6,0.005116525938586743,0.0,-0.06178082057338451,0.9999721162177682,1.000222527688142,97.75,60.0,54.0,0.4499814656101736,0.45,0.003671652973404634,1.0003313714552031
1.35,,2,True,0.9717075885517509,1.0560661013100994,95.47680110972028,280.5979984047708,-3241.7960444977025,-1689.0963167325972,0.5363701655297083,0.06819269028731176,0.005447517696529485,0.000692583053621594,-0.06286678506814082,-1.871519591572576e-06,60.0000035181097,-60.0,0.5177987867705998,-0.6,0.005129802960915323,0.0,-0.06178082057338451,0.9999710332524571,1.000222527688142,97.75,60.0,54.0,0.45136365344362994,0.45,0.0036872914880739962,1.0003313714552031
1.36,,2,True,0.9717022835256343,1.0560661031352325,95.48171259601312,280.6124247808655,-3241.8665725978185,-1689.1173414428408,0.4693239855590572,0.05966861553537119,0.004766577984463298,0.0006060101719188946,-0.06286656401878907,-1.6799699952904566e-06,60.00000433397217,-60.0,0.5185508906134749,-0.6,0.0051418491876129915,0.0,-0.06178082057338451,0.9999700341099849,1.000222527688142,97.75,60.0,54.0,0.45266373711546426,0.45,0.0037021059461985802,1.0003313714552031
1.37,,2,True,0.9716976418339347,1.0560661047427542,95.48600835994488,280.6250426000962,-3241.9282764423065,-1689.1356267420365,0.41065855672026036,0.052210047411199834,0.004170755736405385,0.0005302589004290327,-0.06286629170728616,-1.506555530543043e-06,60.00000487700868,-60.0,0.5192274087493007,-0.6,0.005152764117243431,0.0,-0.06178082057338451,0.9999691143337401,1.000222527688142,97.75,60.0,54.0,0.4538858929861668,0.45,0.0037161243188179715,1.0003313714552031
1.3800000000000001,,2,True,0.9716935819586431,1.056066106156254,95.48976566542446,280.6360792391556,-3241.9822721883625,-1689.1515249596039,0.3593262900627828,0.045683798214505494,0.0036494112693547117,0.00046397653787540356,-0.06286598527579351,-1.349803716641899e-06,60.000005201167966,-60.0,0.5198354137958436,-0.6,0.005162641609805825,0.0,-0.06178082057338451,0.9999682693634481,1.000222527688142,97.75,60.0,54.0,0.4550341818883051,0.45,0.003729375943364655,1.0003313714552031
1.3900000000000001,,2,True,0.9716900304425192,1.0560661074017055,95.49305256696019,280.6457339526397,-3242.0295201906515,-1689.1653435574551,0.31441054425215575,0.03997332858004543,0.0031932348606853725,0.00040597947064097806,-0.06286565847677197,-1.2083218850183817e-06,60.00000535609884,-60.0,0.5203814005642665,-0.6,0.005171569741843978,0.0,-0.06178082057338451,0.9999674946122888,1.000222527688142,97.75,60.0,54.0,0.45611254064632034,0.45,0.0037418910578388993,1.0003313714552031
1.4000000000000001,,2,True,0.9716869244027503,1.056066108497921,95.4959266568078,280.6541763128331,-3242.0708565420814,-1689.1773464127668,0.2751092571031545,0.03497666643386179,0.002794080503099701,0.00035523203681085577,-0.06286532194315655,-1.0807945729651361e-06,60.00000538156055,-60.0,0.5208713125227435,-0.6,0.00517963080779365,0.0,-0.06178082057338451,0.999966785530041,1.000222527688142,97.75,60.0,54.0,0.45712476838652405,0.45,0.003753700414014987,1.0003313714552031
1.41,,2,True,0.9716842076532028,1.0560661094637693,95.49844026081715,280.6615598804511,-3242.1070267915284,-1689.1877686965195,0.24072062353601092,0.030604586126352244,0.0024448204402122455,0.00031082803220949974,-0.06286498380973482,-9.659881649819092e-07,60.000005307535766,-60.0,0.5213105816098175,-0.6,0.005186901387152096,0.0,-0.06178082057338451,0.9999661376535833,1.000222527688142,97.75,60.0,54.0,0.45807452175305624,0.45,0.0037648349451895294,1.0003313714552031
1.42,,2,True,0.9716818311344583,1.056066110315256,95.50063894324462,280.6680184216575,-3242.138683138324,-1689.1968152695904,0.2106305635721123,0.02677901514624685,0.0021392178851857143,0.0002719745281833122,-0.06286465032742745,-8.627549287772357e-07,60.00000515865488,-60.0,0.5217041626516398,-0.6,0.005193452494388615,0.0,-0.06178082057338451,0.9999655466466235,1.000222527688142,97.75,60.0,54.0,0.4589653102454438,0.45,0.0037753254924067173,1.0003313714552031
1.43,,2,True,0.9716797522153915,1.0560661110669531,95.5025614677342,280.6736656373032,-3242.1663778530806,-1689.2046614616231,0.1843017568603551,0.023431639999166802,0.0018718156495375,0.00023797771216039815,-0.06286432619958235,-7.700311173066857e-07,60.0000049585903,-60.0,0.5220565682373399,-0.6,0.005199349777420561,0.0,-0.06178082057338451,0.9999650083299834,1.000222527688142,97.75,60.0,54.0,0.45980049415090724,0.45,0.00378520257766778,1.0003313714552031
1.44,,2,True,0.9716779353286624,1.0560661117281755,95.50424261899936,280.6786041539733,-3242.1906148093503,-1689.211463787959,0.16126404772261393,0.020502686330374158,0.0016378386933453121,0.00020823049814034836,-0.06286401464216534,-6.868297677042388e-07,60.00000472092838,-60.0,0.522371897629443,-0.6,0.005204653753658771,0.0,-0.06178082057338451,0.9999645187038408,1.000222527688142,97.75,60.0,54.0,0.4605832818445288,0.45,0.0037944962190524026,1.0003313714552031
1.45,,2,True,0.9716763460812499,1.056066112312508,95.50571245052376,280.6829217730138,-3242.2118182405966,-1689.217356135229,0.14110604975318378,0.017939851555654626,0.0014331088566771478,0.00018220168587280478,-0.0628637180174867,-6.12245630452843e-07,60.000004461209514,-60.0,0.5226538742033895,-0.6,0.0052094200593176855,0.0,-0.06178082057338451,0.9999640739631644,1.000222527688142,97.75,60.0,54.0,0.4613167330974977,0.45,0.0038032357783161367,1.0003313714552031
1.46,,2,True,0.9716749563883238,1.056066112828446,95.50699758497954,280.68669684615475,-3242.230371321694,-1689.2224572563525,0.1234677996307769,0.015697370886321404,0.0012539702495925043,0.00015942647513870415,-0.06286343771142608,-5.454445555165832e-07,60.00000418814466,-60.0,0.5229058706474449,-0.6,0.005213699729996738,0.0,-0.06178082057338451,0.9999636705075667,1.000222527688142,97.75,60.0,54.0,0.4620037585387998,0.45,0.003811449844482072,1.0003313714552031
1.47,,2,True,0.9716737416752896,1.056066113284474,95.50812090433762,280.68999641591364,-3242.2465968067663,-1689.2268691054546,0.1080343293361273,0.013735200117889331,0.0010972239683934412,0.00013949816574636612,-0.06286317456253669,-4.856649191506087e-07,60.00000391145629,-60.0,0.5231309413397539,-0.6,0.005217539474116166,0.0,-0.06178082057338451,0.9999633049463819,1.000222527688142,97.75,60.0,54.0,0.46264712410735914,0.45,0.0038191661398169906,1.0003313714552031
1.48,,2,True,0.9716726788206397,1.0560661136870453,95.50910354204474,280.69288305692316,-3242.2608111287514,-1689.2306844469197,0.09453004169651612,0.012018300551618111,0.0009600709723442609,0.00012206089502807034,-0.0628629287984899,-4.3220910687530306e-07,60.000003631313255,-60.0,0.5233318455608579,-0.6,0.00522098195893651,0.0,-0.06178082057338451,0.9999629740999927,1.000222527688142,97.75,60.0,54.0,0.46324945275193163,0.45,0.0038264114520325243,1.0003313714552031
1.49,,2,True,0.9716717494909568,1.0560661140435181,95.50996283644298,280.6954071842643,-3242.273249167515,-1689.2339799952015,0.08271378918282404,0.010516013325729812,0.0008400621008012282,0.00010680328314956154,-0.06286270063634863,-3.8444905461175566e-07,60.00000335787693,-60.0,0.5235110832269061,-0.6,0.005224066083104527,0.0,-0.06178082057338451,0.9999626749980332,1.000222527688142,97.75,60.0,54.0,0.46381323341996183,0.45,0.003833211582879239,1.0003313714552031
1.5,,2,True,0.9716709380810494,1.0560661143588683,95.51071300580153,280.69761059098687,-3242.2841135789695,-1689.2368202673272,0.07237456760586831,0.009201511923302012,0.0007350543382010745,9.345287275586633e-05,-0.06286248965471875,-3.4180680298837565e-07,60.0000030975445,-60.0,0.5236709035692965,-0.6,0.005226827270395661,0.0,-0.06178082057338451,0.9999624048752239,1.000222527688142,97.75,60.0,54.0,0.46434081860571264,0.45,0.0038395913220033275,1.0003313714552031
1.51,,2,True,0.9716702278460723,1.056066114638345,95.51136872901378,280.69953672640605,-3242.2936264596697,-1689.2392679547365,0.06332774821958494,0.008051323131789334,0.0006431725459259401,8.177126366138302e-05,-0.06286229503025789,-3.037541920656445e-07,60.000002845620706,-60.0,0.5238133300800191,-0.6,0.005229297711719987,0.0,-0.06178082057338451,0.9999621611651036,1.000222527688142,97.75,60.0,54.0,0.4648344303889888,0.45,0.0038455744219455163,1.0003313714552031
1.52,,2,True,0.97166960737148,1.0560661148856065,95.51194226330121,280.7012213746574,-3242.301954656026,-1689.2413761771372,0.055411780883949095,0.007044907891839542,0.0005627759776851975,7.154985570371014e-05,-0.06286211623463589,-2.698217469783394e-07,60.0000026054696,-60.0,0.5239401927264411,-0.6,0.005231506608990038,0.0,-0.06178082057338451,0.9999619414925941,1.000222527688142,97.75,60.0,54.0,0.465296171058479,0.45,0.0038511835882047278,1.0003313714552031
1.53,,2,True,0.9716690655226552,1.0560661151043362,95.51244393727157,280.7026948997906,-3242.3092461609967,-1689.2431899915725,0.04848530918092883,0.006164294520733374,0.0004924289804745477,6.260612374074636e-05,-0.0628619525281528,-2.3958273528042206e-07,60.000002378616045,-60.0,0.5240531352870471,-0.6,0.005233480438558631,0.0,-0.06178082057338451,0.9999617436656137,1.000222527688142,97.75,60.0,54.0,0.4657280230161775,0.45,0.0038564404889945805,1.0003313714552031
1.54,,2,True,0.9716685915881887,1.0560661152987232,95.51288201903864,280.7039816328627,-3242.315623565064,-1689.2447460506755,0.042424646224459774,0.005393757793512316,0.0004308753579152292,5.4780358273153055e-05,-0.06286180307529925,-2.1265119170201452e-07,60.00000216718205,-60.0,0.5241536353335047,-0.6,0.005235243167136591,0.0,-0.06178082057338451,0.9999615656657338,1.000222527688142,97.75,60.0,54.0,0.46613185519874895,0.45,0.0038613657628892937,1.0003313714552031
1.55,,2,True,0.9716681769323076,1.056066115471763,95.51326446751538,280.70510495658385,-3242.32120115257,-1689.2460785383735,0.03712156597232122,0.0047195381361872235,0.0003770159381758255,4.793281348900892e-05,-0.06286166690723494,-1.8867709496601944e-07,60.00000197078202,-60.0,0.524243019702834,-0.6,0.005236816463686205,0.0,-0.06178082057338451,0.9999614056385441,1.000222527688142,97.75,60.0,54.0,0.46650942810476737,0.45,0.003865979035642683,1.0003313714552031
1.56,,2,True,0.9716678153967202,1.0560661156242466,95.51359928457028,280.7060884735768,-3242.3260914857087,-1689.2472208167958,0.03248137062358691,0.004129595919739807,0.0003298889459038473,4.19412118028828e-05,-0.06286154307934849,-1.6734590794179285e-07,60.00000178646526,-60.0,0.5243224792996929,-0.6,0.005238219897021739,0.0,-0.06178082057338451,0.9999612618838268,1.000222527688142,97.75,60.0,54.0,0.4668623990931309,0.45,0.003870298942022092,1.0003313714552031
1.57,,2,True,0.9716675003560401,1.0560661157610973,95.51388966095436,280.70694103868925,-3242.330330863843,-1689.2481895336375,0.02842119960952034,0.0036133964696784373,0.0002886528276658663,3.6698560327522445e-05,-0.06286143083242554,-1.483782355683609e-07,60.0000016246889,-60.0,0.5243930838802535,-0.6,0.005239471121015536,0.0,-0.06178082057338451,0.9999611328457196,1.000222527688142,97.75,60.0,54.0,0.46719232820676443,0.45,0.0038743431521062253,1.0003313714552031
1.58,,2,True,0.9716672245031688,1.0560661158822122,95.51414456036277,280.70768962646054,-3242.334064570479,-1689.2490185138527,0.02486854988599454,0.0031617219399132646,0.000252571224207633,3.2111240286582133e-05,-0.06286132875021146,-1.3150955088996836e-07,60.00000146811933,-60.0,0.5244557812462032,-0.6,0.005240586050462286,0.0,-0.06178082057338451,0.999961017102994,1.000222527688142,97.75,60.0,54.0,0.467500677012497,0.45,0.003878128402029588,1.0003313714552031
1.59,,2,True,0.9716669830592239,1.0560661159902807,95.51436779063819,280.70834515799584,-3242.3373405579728,-1689.2497248455784,0.021759981322743118,0.0027665067193550353,0.00022099982118167882,2.8097335250759363e-05,-0.06286123650555324,-1.1652344663479152e-07,60.00000132311609,-60.0,0.524511436409098,-0.6,0.005241578990962222,0.0,-0.06178082057338451,0.999960913359519,1.000222527688142,97.75,60.0,54.0,0.4677888266550286,0.45,0.0038816705166444987,1.0003313714552031
1.6,,2,True,0.9716667726831907,1.0560661160858513,95.51456201145156,280.70891568271014,-3242.340200462727,-1689.2503216318662,0.019039983789963185,0.0024206933962893605,0.00019337484353396895,2.458516834441444e-05,-0.06286115337171784,-1.0321720686615535e-07,60.00000119242149,-60.0,0.5245608189160684,-0.6,0.005242462834244412,0.0,-0.06178082057338451,0.999960820435334,1.000222527688142,97.75,60.0,54.0,0.4680580721735417,0.45,0.0038849844577406468,1.0003313714552031
1.61,,2,True,0.9716665885272247,1.0560661161717584,95.51473229307122,280.7094156877686,-3242.342709582585,-1689.2508275634618,0.016659985916572022,0.0021181067345119636,0.0001692029880922228,2.1512022301362634e-05,-0.06286107844966586,-9.140495931454006e-08,60.00000107215341,-60.0,0.5246046145252724,-0.6,0.00524324917297348,0.0,-0.06178082057338451,0.9999607372575531,1.000222527688142,97.75,60.0,54.0,0.4683096281242647,0.45,0.00388808435314842,1.0003313714552031
1.62,,2,True,0.9716664286580166,1.0560661162472782,95.51488068536743,280.70985154438694,-3242.3449027365286,-1689.2512530299882,0.014577487753461457,0.0018533434024190106,0.00014805261458069495,1.8823019513692304e-05,-0.06286101108428026,-8.092427161918971e-08,60.00000096345783,-60.0,0.5246434375177083,-0.6,0.005243948416043291,0.0,-0.06178082057338451,0.9999606628519412,1.000222527688142,97.75,60.0,54.0,0.4685446348359703,0.45,0.0038909835293925105,1.0003313714552031
1.6300000000000001,,2,True,0.9716662884997544,1.0560661163161291,95.51501047104715,280.7102323988297,-3242.3468196090066,-1689.2516100039134,0.012755301842933898,0.0016216754845738925,0.00012954603775810808,1.6470142074480764e-05,-0.06286095054843933,-7.162752216767045e-08,60.00000086559774,-60.0,0.5246778358874518,-0.6,0.005244569905826739,0.0,-0.06178082057338451,0.9999605963350209,1.000222527688142,97.75,60.0,54.0,0.4687641615651232,0.45,0.0038936945482406257,1.0003313714552031
1.6400000000000001,,2,True,0.9716661659262761,1.0560661163785376,95.51512332500387,280.71056338170905,-3242.348488052453,-1689.251906330854,0.011160889157493366,0.0014189660547139545,0.00011335278303834455,1.4411374315170668e-05,-0.06286089616132955,-6.338277278057286e-08,60.00000077848466,-60.0,0.5247082978599411,-0.6,0.005245122019088684,0.0,-0.06178082057338451,0.9999605369065868,1.000222527688142,97.75,60.0,54.0,0.4689692103929397,0.45,0.0038962292412010394,1.0003313714552031
1.6500000000000001,,2,True,0.9716660593197047,1.056066116433205,95.51522188634955,280.71085273889685,-3242.3499547747715,-1689.2521527089857,0.009765778045281613,0.0012415953020034859,9.918368515855148e-05,1.2609952525774333e-05,-0.06286084724769549,-5.607138967190776e-08,60.000000697241255,-60.0,0.5247352587833782,-0.6,0.005245612258966366,0.0,-0.06178082057338451,0.999960483842707,1.000222527688142,97.75,60.0,54.0,0.469160720429319,0.45,0.003898598743615731,1.0003313714552031
1.6600000000000001,,2,True,0.9716659666216095,1.0560661164813496,95.5153082952141,280.71110649761175,-3242.351246182731,-1689.2523571466218,0.008545055813778634,0.0010863958923243361,8.678572451373254e-05,1.103370846005254e-05,-0.06286080343873525,-4.959269913300017e-08,60.00000062231511,-60.0,0.5247591115984351,-0.6,0.00524604734118322,0.0,-0.06178082057338451,0.9999604364892043,1.000222527688142,97.75,60.0,54.0,0.4693395738682981,0.45,0.00390081352894145,1.0003313714552031
1.67,,2,True,0.9716658851595956,1.056066116525632,95.5153827991059,280.71132519977533,-3242.352363963973,-1689.2525214939496,0.007476923856304592,0.0009505964082309706,7.59375089495162e-05,9.654494902546002e-06,-0.06286076433752377,-4.3855535333687504e-08,60.00000055787126,-60.0,0.5247802059066052,-0.6,0.005246433284883503,0.0,-0.06178082057338451,0.99996039425558,1.000222527688142,97.75,60.0,54.0,0.4695065967960226,0.45,0.00390288344626699,1.0003313714552031
1.68,,2,True,0.9716658144488223,1.0560661165650667,95.5154481977708,280.7115171246996,-3242.353346300524,-1689.2526556169996,0.0065423083885153156,0.0008317718590136536,6.644532033082666e-05,8.44768303972775e-06,-0.06286072928543884,-3.877264272743144e-08,60.0000004984573,-60.0,0.5247988491764748,-0.6,0.0052467754784291405,0.0,-0.06178082057338451,0.9999603566092435,1.000222527688142,97.75,60.0,54.0,0.4696625609144923,0.45,0.0039048177516736297,1.0003313714552031
1.69,,2,True,0.9716657527303928,1.056066116600511,95.51550532664565,280.7116847422665,-3242.354207488477,-1689.2527631729022,0.0057245198505688315,0.0007278003779868828,5.8139655289473325e-05,7.39172265976178e-06,-0.06286069796644334,-3.4272306836264984e-08,60.000000444697235,-60.0,0.5248153179287413,-0.6,0.005247078731763042,0.0,-0.06178082057338451,0.999960323070239,1.000222527688142,97.75,60.0,54.0,0.4698081900117346,0.45,0.003906625136196391,1.0003313714552031
1.7,,2,True,0.9716656989463084,1.0560661166323826,95.51555513200627,280.71183085727563,-3242.3549610541495,-1689.2528478307675,0.005008954877262045,0.0006368253317574415,5.0872198378289155e-05,6.467757327291556e-06,-0.0628606700252917,-3.028920460294698e-08,60.000000396505875,-60.0,0.5248298584116088,-0.6,0.005247347343644135,0.0,-0.06178082057338451,0.9999602932065019,1.000222527688142,97.75,60.0,54.0,0.46994416162708536,0.45,0.003908313758976671,1.0003313714552031
1.71,,2,True,0.9716656527724026,1.0560661166611949,95.51559792608919,280.7119562440868,-3242.3556070983714,-1689.2529112170844,0.004382835524240943,0.000557222166131528,4.4513173581003004e-05,5.659287661380111e-06,-0.06286064511209295,-2.6764651801526552e-08,60.0000003559022,-60.0,0.5248426893773644,-0.6,0.005247585153762124,0.0,-0.06178082057338451,0.9999602666293935,1.000222527688142,97.75,60.0,54.0,0.4700711096545202,0.45,0.003909891276559812,1.0003313714552031
1.72,,2,True,0.9716656115172159,1.0560661166872745,95.51563626868882,280.71206865808483,-3242.3561919899003,-1689.2529615666685,0.0038349810876587894,0.0004875693958670208,3.894902688337763e-05,4.951876703707597e-06,-0.0628606227500981,-2.364330886921035e-08,60.00000031474397,-60.0,0.5248540019521184,-0.6,0.005247795588765004,0.0,-0.06178082057338451,0.9999602429896056,1.000222527688142,97.75,60.0,54.0,0.4701896255434181,0.45,0.00391136487067205,1.0003313714552031
1.73,,2,True,0.9716655763707385,1.0560661167103889,95.5156687560686,280.7121639764059,-3242.3566903072665,-1689.252995499479,0.0033556084552747085,0.0004266232218379391,3.408039852295542e-05,4.332892115744146e-06,-0.06286060297415078,-2.0885548010925217e-08,60.00000028125887,-60.0,0.5248639746467032,-0.6,0.0052479816964540495,0.0,-0.06178082057338451,0.9999602219734253,1.000222527688142,97.75,60.0,54.0,0.47030026667943714,0.45,0.003912741272443337,1.0003313714552031
1.74,,2,True,0.9716655453309179,1.0560661167315126,95.51569756962652,280.7122484442259,-3242.357134248636,-1689.2530194752496,0.0029361574007524815,0.00037329531941168774,2.982034870758599e-05,3.7912806012761275e-06,-0.06286058530213456,-1.8445419617969862e-08,60.000000249381735,-60.0,0.524872758169321,-0.6,0.0052481462089572955,0.0,-0.06178082057338451,0.999960203299404,1.000222527688142,97.75,60.0,54.0,0.47040355061045597,0.45,0.003914026795753731,1.0003313714552031
1.75,,2,True,0.9716655182326439,1.0560661167506404,95.51572276298175,280.71232225300895,-3242.3575243732207,-1689.2530341789725,0.002569137727459019,0.00032663340471415,2.6092805119137738e-05,3.3173705261166113e-06,-0.06286056963301817,-1.628915049027437e-08,60.000000220896034,-60.0,0.5248804910073555,-0.6,0.005248291552141274,0.0,-0.06178082057338451,0.999960186715062,1.000222527688142,97.75,60.0,54.0,0.470499963517684,0.45,0.003915227354287078,1.0003313714552031
1.76,,2,True,0.9716654953156877,1.0560661167676146,95.51574393593404,280.7123843465837,-3242.3578545422956,-1689.253038726151,0.0022479955131048885,0.00028580422932553536,2.283120447924552e-05,2.9026992103520346e-06,-0.06286055575371112,-1.4384115400735503e-08,60.000000197817585,-60.0,0.5248872947413602,-0.6,0.0052484198916243445,0.0,-0.06178082057338451,0.9999601719941567,1.000222527688142,97.75,60.0,54.0,0.47058995932600584,0.45,0.0039163484892924694,1.0003313714552031
1.77,,2,True,0.9716654746214505,1.0560661167834033,95.51576323981925,280.7124408944485,-3242.358156974597,-1689.253039446563,0.0019669960748331648,0.0002500787007699936,1.9977303919339828e-05,2.53986180905803e-06,-0.06286054332446551,-1.2698431876025185e-08,60.00000017409005,-60.0,0.52489327465858,-0.6,0.005248533155571659,0.0,-0.06178082057338451,0.9999601589340374,1.000222527688142,97.75,60.0,54.0,0.47067396113686555,0.45,0.003917395390310652,1.0003313714552031
1.78,,2,True,0.971665456775046,1.0560661167976262,95.51577987867917,280.7124896085378,-3242.358419315799,-1689.2530343438088,0.001721121566224018,0.00021881886326846164,1.7480140929422346e-05,2.222379082925776e-06,-0.06286053238606502,-1.1210976124954956e-08,60.0000001539743,-60.0,0.5248985294213144,-0.6,0.005248633053325195,0.0,-0.06178082057338451,0.9999601473533026,1.000222527688142,97.75,60.0,54.0,0.4707523669496568,0.45,0.003918372914143297,1.0003313714552031
1.79,,2,True,0.9716654413275889,1.056066116810509,95.51579427705718,280.71253177641563,-3242.3586480522595,-1689.2530246952722,0.0015059813710152125,0.00019146650543227007,1.5295123313244552e-05,1.9445816975600535e-06,-0.06286052271157451,-9.897410639127341e-09,60.000000136407685,-60.0,0.5249031430632481,-0.6,0.0052487211135471825,0.0,-0.06178082057338451,0.9999601370897373,1.000222527688142,97.75,60.0,54.0,0.4708255470969245,0.45,0.003919285609564066,1.0003313714552031
1.8,,2,True,0.9716654285714927,1.0560661168218837,95.51580603453793,280.712566206361,-3242.3588369866816,-1689.2530094421763,0.0013177337001722793,0.00016753319232112364,1.3383232899088982e-05,1.7015089853650467e-06,-0.06286051414082702,-8.737159971640525e-09,60.000000122876685,-60.0,0.5249071904107873,-0.6,0.005248798692818507,0.0,-0.06178082057338451,0.9999601279982828,1.000222527688142,97.75,60.0,54.0,0.47089384781591836,0.45,0.003920137732812794,1.0003313714552031
1.81,,2,True,0.9716654165967006,1.0560661168327152,95.51581729322457,280.71259912576187,-3242.3590182406456,-1689.2529946973757,0.0011530169878329723,0.00014659154330415116,1.1710328786702858e-05,1.4888203621944157e-06,-0.06286050642025699,-7.709848114113945e-09,60.000000107110914,-60.0,0.5249107357355817,-0.6,0.005248866995640849,0.0,-0.06178082057338451,0.9999601199493264,1.000222527688142,97.75,60.0,54.0,0.4709575916573561,0.45,0.003920933265943432,1.0003313714552031
1.82,,2,True,0.9716654071992735,1.056066116841372,95.51582667706901,280.71262673748566,-3242.359172947868,-1689.2529770277101,0.0010088898645585613,0.00012826760041715862,1.0246537688365e-05,1.3027178169201135e-06,-0.06286049969027963,-6.804974656977977e-09,60.000000094343534,-60.0,0.5249138416987951,-0.6,0.005248927086069591,0.0,-0.06178082057338451,0.9999601128271332,1.000222527688142,97.75,60.0,54.0,0.4710170827271941,0.45,0.003921675932183673,1.0003313714552031
1.83,,2,True,0.9716653984628397,1.056066116850192,95.5158348698186,280.71265067868075,-3242.359307481532,-1689.2529576493605,0.0008827786316560289,0.00011223415038628234,8.965720477319374e-06,1.1398780898050992e-06,-0.06286049376250079,-6.006547778476909e-09,60.00000008350062,-60.0,0.5249165596617135,-0.6,0.005248979918799181,0.0,-0.06178082057338451,0.9999601065284742,1.000222527688142,97.75,60.0,54.0,0.47107260316866817,0.45,0.0039223692169589285,1.0003313714552031
1.84,,2,True,0.9716653907699642,1.056066116857839,95.5158419254457,280.7126714634565,-3242.359428947869,-1689.2529372044032,0.0007724313027663649,9.820488159655842e-05,7.84500541765445e-06,9.973933285794617e-07,-0.06286048851600187,-5.30151722106946e-09,60.00000007304394,-60.0,0.524918935326015,-0.6,0.005249026338253669,0.0,-0.06178082057338451,0.9999601009612198,1.000222527688142,97.75,60.0,54.0,0.47112441665921273,0.45,0.003923016378848256,1.0003313714552031
1.85,,2,True,0.9716653843377889,1.0560661168651424,95.51584793034307,280.7126890276778,-3242.3595299827066,-1689.252915600826,0.0006758773900373059,8.592927141183018e-05,6.864379740447643e-06,8.727191625070289e-07,-0.06286048392651579,-4.6800605745093564e-09,60.00000006518943,-60.0,0.524921011105234,-0.6,0.005249067092005289,0.0,-0.06178082057338451,0.9999600960432217,1.000222527688142,97.75,60.0,54.0,0.47117277044042843,0.45,0.003923620464177293,1.0003313714552031
1.86,,2,True,0.971665378838245,1.0560661168717815,95.51585307863381,280.7127040201464,-3242.3596175673497,-1689.25289347472,0.0005913927163525214,7.518811249423562e-05,6.0063322728916866e-06,7.636292671936502e-07,-0.06286047983054281,-4.130567723843834e-09,60.0000000581303,-60.0,0.5249228210056893,-0.6,0.005249102846767053,0.0,-0.06178082057338451,0.9999600917012856,1.000222527688142,97.75,60.0,54.0,0.47121789376137047,0.45,0.003924184322075881,1.0003313714552031
1.87,,2,True,0.9716653738657953,1.056066116877971,95.51585777919422,280.7127177571136,-3242.3596982036834,-1689.25287200288,0.0005174686268327513,6.578959843554498e-05,5.255540738780225e-06,6.681756087944439e-07,-0.06286047617810876,-3.6448480847510037e-09,60.000000050926936,-60.0,0.5249243969563179,-0.6,0.005249134187589512,0.0,-0.06178082057338451,0.9999600878701892,1.000222527688142,97.75,60.0,54.0,0.4712600016129301,0.45,0.003924710613929656,1.0003313714552031
1.8800000000000001,,2,True,0.9716653697633266,1.056066116883535,95.5158616306607,280.71272898693957,-3242.359765592622,-1689.2528499753719,0.0004527850485110961,5.7565898635226055e-05,4.598598146432696e-06,5.846536576951384e-07,-0.06286047297827521,-3.2167046104662332e-09,60.00000004528946,-60.0,0.5249257681525479,-0.6,0.005249161633082929,0.0,-0.06178082057338451,0.9999600844919039,1.000222527688142,97.75,60.0,54.0,0.4712992952401606,0.45,0.003925201827165275,1.0003313714552031
1.8900000000000001,,2,True,0.971665366124786,1.056066116889368,95.51586432956671,280.7127366945795,-3242.359813341085,-1689.252826129128,0.0003961869175042711,5.0370161313077514e-05,4.0237733781286085e-06,5.11571950483246e-07,-0.06286047013265475,-2.8384223291337124e-09,60.00000004236963,-60.0,0.5249269588479739,-0.6,0.005249185645193567,0.0,-0.06178082057338451,0.9999600815148206,1.000222527688142,97.75,60.0,54.0,0.4713359618354579,0.45,0.003925660287132488,1.0003313714552031
1.9000000000000001,,2,True,0.9716653625948393,1.0560661168943177,95.51586774727707,280.71274667268364,-3242.35987346972,-1689.2528063188515,0.0003466635527816217,4.407389114454189e-05,3.520801705862532e-06,4.4762545667284017e-07,-0.0628604674704927,-2.5016180652108048e-09,60.000000035295635,-60.0,0.5249279886938168,-0.6,0.00524920663101511,0.0,-0.06178082057338451,0.999960078893033,1.000222527688142,97.75,60.0,54.0,0.4713701753433235,0.45,0.00392608816609842,1.0003313714552031
1.9100000000000001,,2,True,0.9716653602521957,1.0560661168984697,95.51586991331794,280.7127529475816,-3242.359914192738,-1689.2527846597293,0.0003033306087048475,3.8564654754134955e-05,3.080701492629715e-06,3.916722745887351e-07,-0.0628604652528026,-2.207336715921811e-09,60.00000003202888,-60.0,0.524928881655013,-0.6,0.005249224944995875,0.0,-0.06178082057338451,0.9999600765857446,1.000222527688142,97.75,60.0,54.0,0.4714021013479476,0.45,0.003926487491784275,1.0003313714552031
1.92,,2,True,0.9716653583508221,1.0560661169022536,95.51587164532711,280.71275801396604,-3242.359948134491,-1689.2527633030184,0.0002654142826269851,3.374407291117042e-05,2.6956138060510087e-06,3.4271324026514427e-07,-0.0628604632403686,-1.9465669419531e-09,60.0000000290659,-60.0,0.5249296521726868,-0.6,0.005249240912884439,0.0,-0.06178082057338451,0.9999600745567742,1.000222527688142,97.75,60.0,54.0,0.4714318912475906,0.45,0.003926860162340666,1.0003313714552031
1.93,,2,True,0.9716653561336751,1.0560661169060441,95.51587382623171,280.7127643021656,-3242.35998823291,-1689.252744695816,0.0002322374972807976,2.9526063795009245e-05,2.3586620802946324e-06,2.998740852320012e-07,-0.0628604614141043,-1.7155778736636551e-09,60.00000002418472,-60.0,0.5249303152453354,-0.6,0.005249254815095046,0.0,-0.06178082057338451,0.9999600727739189,1.000222527688142,97.75,60.0,54.0,0.4714596874697229,0.45,0.003927207948618517,1.0003313714552031
1.94,,2,True,0.9716653543243218,1.0560661169094645,95.515875584587,280.7127694382128,-3242.360021802838,-1689.2527264404698,0.00020320781011696774,2.583530582015885e-05,2.063829320257803e-06,2.6238982457800105e-07,-0.06286045989453326,-1.5137891809639434e-09,60.00000002070481,-60.0,0.5249308865833215,-0.6,0.005249266899434623,0.0,-0.06178082057338451,0.9999600712086125,1.000222527688142,97.75,60.0,54.0,0.4714856241773548,0.45,0.003927532504677685,1.0003313714552031
1.95,,2,True,0.9716653532909019,1.0560661169123524,95.51587651398,280.7127721004854,-3242.3600423579906,-1689.252707147054,0.00017780683386301306,2.260589259399508e-05,1.8058506552255773e-06,2.295910965057509e-07,-0.06286045859361179,-1.3365292525617142e-09,60.000000019473504,-60.0,0.5249313773824865,-0.6,0.005249277391034271,0.0,-0.06178082057338451,0.9999600698355241,1.000222527688142,97.75,60.0,54.0,0.47150982535410835,0.45,0.003927835377371073,1.0003313714552031
1.96,,2,True,0.971665352290345,1.0560661169150998,95.515877445448,280.7127747927172,-3242.360062677385,-1689.2526891255566,0.00015558097962858474,1.9780156019548416e-05,1.58011932332238e-06,2.00892209442532e-07,-0.0628604573700551,-1.178534440467272e-09,60.00000001744426,-60.0,0.5249317960396802,-0.6,0.005249286486731919,0.0,-0.06178082057338451,0.9999600686321374,1.000222527688142,97.75,60.0,54.0,0.4715324060363759,0.45,0.003928118010820372,1.0003313714552031
1.97,,2,True,0.9716653509406231,1.0560661169178898,95.51587881439502,280.7127787582417,-3242.3600892907366,-1689.2526736272648,0.00013613335716289437,1.7307636515564308e-05,1.3826044079070822e-06,1.7578068326221548e-07,-0.06286045627400028,-1.0388756784122548e-09,60.000000013896624,-60.0,0.5249321523913276,-0.6,0.00524929435514814,0.0,-0.06178082057338451,0.999960067578471,1.000222527688142,97.75,60.0,54.0,0.47155347477750026,0.45,0.003928381752050257,1.0003313714552031
1.98,,2,True,0.9716653502843626,1.0560661169206613,95.51587961367298,280.7127808833511,-3242.3601025089492,-1689.2526575511188,0.00011911668752610162,1.5144181952208216e-05,1.2097788569186968e-06,1.5380809785443853e-07,-0.06286045540084982,-9.176173342132946e-10,60.00000001331902,-60.0,0.5249324563507748,-0.6,0.005249301147339424,0.0,-0.06178082057338451,0.9999600666568538,1.000222527688142,97.75,60.0,54.0,0.4715731335126625,0.45,0.003928627859602706,1.0003313714552031
1.99,,2,True,0.9716653497102238,1.0560661169228038,95.51588015708447,280.71278245837897,-3242.3601160808153,-1689.2526420186132,0.000104227101581455,1.32511592076884e-05,1.0585564998038597e-06,1.345820856226337e-07,-0.06286045456399139,-8.092068312774316e-10,60.000000011862575,-60.0,0.5249327118272279,-0.6,0.005249307001381505,0.0,-0.06178082057338451,0.999960065851638,1.000222527688142,97.75,60.0,54.0,0.4715914750859849,0.45,0.003928857510203269,1.0003313714552031
2.0,,2,True,0.9716653495083619,1.0560661169246588,95.51588029859951,280.71278283608285,-3242.360123148296,-1689.2526263397451,9.119871388467097e-05,1.15947643068415e-05,9.262369373283771e-07,1.1775932491980447e-07,-0.062860453818644,-7.134579327453984e-10,60.00000001137501,-60.0,0.5249329264939043,-0.6,0.005249312030604199,0.0,-0.06178082057338451,0.999960065148925,1.000222527688142,97.75,60.0,54.0,0.4716085881857203,0.45,0.00392907179997259,1.0003313714552031
