hour,ev_kw,ev_kvar,controller_type
0,0,0.0,constant_pq
1,0,0.0,constant_pq
2,0,0.0,constant_pq
3,0,0.0,constant_pq
4,0,0.0,constant_pq
5,0,0.0,constant_pq
6,0,0.0,constant_pq
7,0,0.0,constant_pq
8,0,0.0,constant_pq
9,0,0.0,constant_pq
10,0,0.0,constant_pq
11,0,0.0,constant_pq
12,0,0.0,constant_pq
13,0,0.0,constant_pq
14,0,0.0,constant_pq
15,0,0.0,constant_pq
16,0,0.0,constant_pq
17,0,0.0,constant_pq
18,65,0.0,constant_pq
19,65,0.0,constant_pq
20,65,0.0,constant_pq
21,65,0.0,constant_pq
22,65,0.0,constant_pq
23,65,0.0,constant_pq
