timestamp,voltage_headroom_pu,line_loading_headroom_pct,transformer_loading_headroom_pct,binding_constraint
2026-01-01 00:00:00,0.049730290436373115,95.23795013806364,,line
2026-01-01 01:00:00,0.049748993992506874,95.62235984996573,,line
2026-01-01 02:00:00,0.04975988682577548,95.87808465840175,,line
2026-01-01 03:00:00,0.049766905631638214,96.07180074506823,,line
2026-01-01 04:00:00,0.049749339234030465,95.53748397807324,,line
2026-01-01 05:00:00,0.049706322168691974,94.55984537034507,,line
2026-01-01 06:00:00,0.04964753611839423,93.41489831411506,,line
2026-01-01 07:00:00,0.04959418356076317,92.55540771482285,,line
2026-01-01 08:00:00,0.04957270066353947,92.3074326556555,,line
2026-01-01 09:00:00,0.0495706537184083,92.43875073095707,,line
2026-01-01 10:00:00,0.0495322380469051,91.69605714171523,,line
2026-01-01 11:00:00,0.049542169652793455,92.05266676680488,,line
2026-01-01 12:00:00,0.049549835600384395,92.35952572492843,,line
2026-01-01 13:00:00,0.04954349392290103,92.2411908698672,,line
2026-01-01 14:00:00,0.04951990915893145,91.65425434861855,,line
2026-01-01 15:00:00,0.049488713874609846,90.87493223422878,,line
2026-01-01 16:00:00,0.04946892140464454,90.3522603040637,,line
2026-01-01 17:00:00,0.04941977173207146,89.26084556660635,,line
2026-01-01 18:00:00,0.04931341612097484,87.28761180293078,,line
2026-01-01 19:00:00,0.04930172857824122,87.02201014109879,,line
2026-01-01 20:00:00,0.04933569909694191,87.75755486702326,,line
2026-01-01 21:00:00,0.04940173072165588,89.1118205804578,,line
2026-01-01 22:00:00,0.049497645913865185,90.84187449605174,,line
2026-01-01 23:00:00,0.04964138874965407,93.30437737114315,,line
