hour,total_load_kw,total_load_kvar,control_iterations,pf_iterations,converged,min_v_pu,max_v_pu,loss_kw,loss_kvar,source_p_kw,source_q_kvar,pv1_p_kw,pv1_q_kvar,pv2_p_kw,pv2_q_kvar,wind1_p_kw,wind1_q_kvar,bess1_p_kw,bess1_q_kvar,ev1_p_kw,ev1_q_kvar,bess1_soc_pct
0,492.90999999999997,160.614,2,2,True,0.9997302904363731,0.9998763859140173,0.04769390573550754,-0.33732243192573835,-378.95769390566056,-160.0381743912574,0.0,0.14140776889239648,0.0,0.09709540574078357,79.0,0.0,35.0,0.0,0.0,0.0,47.63157894736842
1,467.48,151.986,2,2,True,0.9997489939925068,0.999884501933423,0.04053006731826599,-0.3414289739259366,-346.52053006731217,-151.42462087221378,0.0,0.12958802701886318,0.0,0.0903621284126066,86.0,0.0,35.0,0.0,0.0,0.0,40.263157894736835
2,452.5,147.057,2,2,True,0.9997598868257754,0.9998895570967182,0.03643795301418595,-0.34377561893001074,-324.53643795270636,-146.5045157944262,0.0,0.12226787749676449,0.0,0.08644071019022537,93.0,0.0,35.0,0.0,0.0,0.0,32.89473684210525
3,442.568,143.837,2,2,True,0.9997669056316382,0.9998931714936855,0.03394193518094608,-0.3452082341910614,-307.6019419275337,-143.2906785221815,0.0,0.11719930128326395,0.0,0.08391394126741059,100.0,0.0,35.0,0.0,0.0,0.0,25.526315789473674
4,448.3,145.79,2,2,True,0.9997493392340304,0.9998862254237864,0.04158838055543367,-0.34082331038109714,-357.09158838441357,-145.2277540059323,0.0,0.13118484597484548,0.0,0.0902378412334981,65.0,0.0,26.24999999999995,0.0,0.0,0.0,20.0
5,510.834,166.454,2,2,True,0.9997063221686919,0.9998661885234367,0.061027485094307846,-0.3296833023392414,-439.695027480091,-165.8602877045522,0.0,0.1583050142692577,0.0,0.10572397810959089,72.0,0.0,0.0,0.0,0.0,0.0,20.0
6,611.3199999999999,198.751,2,2,True,0.9996475361183942,0.9998391828610038,0.08876120387939226,-0.31379575426041084,-533.2087612049788,-198.1207696462504,0.0,0.1895476493470305,0.0,0.1268869480521495,79.0,0.0,0.0,0.0,0.0,0.0,20.0
7,714.951,232.35,2,2,True,0.9995941835607631,0.9998147991772325,0.11303399401905517,-0.2998927672104883,-599.8640340006156,-231.69331286270275,29.999999999999996,0.2107005049843358,0.0,0.14609386252379064,86.0,0.0,0.0,0.0,0.0,0.0,20.0
8,785.784,255.386,2,2,True,0.9995727006635394,0.9998019460092915,0.12010933185672457,-0.2958361573554075,-613.704109330942,-254.71848101542915,60.00000000000001,0.21812415618574166,20.0,0.15355867553839442,93.0,0.0,0.0,0.0,0.0,0.0,20.0
9,824.872,268.253,2,2,True,0.9995706537184083,0.999797878618918,0.11644621823534862,-0.297928176324599,-595.7884462220655,-267.58471193353324,90.0,0.21657172099038613,40.00000000000001,0.15378817035470504,100.0,0.0,0.0,0.0,0.0,0.0,20.0
10,860.352,280.346,2,2,True,0.999555656389848,0.9997895247990888,0.12413890924541465,-0.2935211376918478,-616.2761389107835,-279.6729675351421,120.0,0.22340066567531958,60.0,0.1561106663547429,65.0,0.0,-45.0,0.0,0.0,0.0,28.55
11,881.02,286.438,3,2,True,0.9995769859303542,0.9997965358149312,0.10007002703153876,-0.3072957088033663,-534.1200700254197,-285.78487257656155,150.0,0.1997403454831237,80.00000000000001,0.14609136948033896,72.0,0.0,-45.0,0.0,0.0,0.0,37.1
12,905.0,294.114,2,2,True,0.9995820991078631,0.9997968166735959,0.09375613440976804,-0.3109094409446443,-501.09375613280946,-293.4702301576746,180.0,0.19017706537818535,100.0,0.1426833378753356,79.0,0.0,-45.0,0.0,0.0,0.0,45.650000000000006
13,912.232,296.48199999999997,2,2,True,0.9995810626031714,0.9997944295199984,0.09458169729722159,-0.31043380947148397,-511.32658170117696,-295.8292316080778,150.0,0.19967320883848005,120.0,0.1426613720035741,86.0,0.0,-45.0,0.0,0.0,0.0,54.2
14,923.498,300.327,2,2,True,0.9995592900437075,0.9997859825626879,0.11056791053963706,-0.3012816125935278,-565.6085679155368,-299.65327098105803,120.0,0.21913642318064808,100.0,0.15331098585495084,93.0,0.0,-45.0,0.0,0.0,0.0,62.75
15,949.972,309.549,2,2,True,0.9995253596778425,0.999773078234258,0.1341888680839329,-0.2877611605466109,-635.1061888750912,-308.8529956768864,90.0,0.24274155774064,80.00000000000001,0.16550160822555782,100.0,0.0,-45.0,0.0,0.0,0.0,71.3
16,988.9,321.511,2,2,True,0.9994689214046445,0.9997510121806324,0.18688958448516632,-0.2576037439543488,-769.0868895880996,-320.7868824334178,60.00000000000001,0.27986398174867366,60.0,0.1866498429103025,65.0,0.0,35.0,0.0,0.0,0.0,63.931578947368415
17,1040.75,338.23,2,2,True,0.9994197717320714,0.999731379764819,0.233131482282899,-0.2311463518518267,-863.9831314834767,-337.48281175147025,29.999999999999996,0.31000766408012304,40.00000000000001,0.2060342349094979,72.0,0.0,35.0,0.0,0.0,0.0,56.56315789473683
18,1083.84,352.255,2,2,True,0.9993134161209748,0.9997031678606925,0.33514048787943373,-0.17280190345064603,-1040.1751404887,-351.4896884547603,0.0,0.3529785952164288,20.0,0.23953104525229918,79.0,0.0,35.0,0.0,90.0,0.0,49.19473684210525
19,1093.852,355.727,2,2,True,0.9993017285782412,0.9996986856488225,0.352453649126704,-0.1629002938337926,-1063.2044536553374,-354.9567887044069,0.0,0.3605459815065859,0.0,0.24676502367749986,86.0,0.0,35.0,0.0,90.0,0.0,41.82631578947367
20,1039.592,338.75,2,2,True,0.9993356990969419,0.9997143707061442,0.3136392203940559,-0.18510481797744616,-1001.9056392220443,-337.9910891223081,0.0,0.3413195109449174,0.0,0.23248655122383166,93.0,0.0,35.0,0.0,90.0,0.0,34.457894736842086
21,934.961,303.973,2,2,True,0.9994017307216558,0.999744809028233,0.24868430081804763,-0.22226823844136107,-890.2096842985311,-303.2420894011266,0.0,0.30083963581706064,0.0,0.2078027277797645,100.0,0.0,35.0,0.0,90.0,0.0,27.089473684210507
22,760.201,247.055,2,2,True,0.9994976459138651,0.999789235640413,0.17684624602768462,-0.2633810137423534,-751.7028462456467,-246.36903670839428,0.0,0.24932736806486888,0.0,0.1732549108634318,65.0,0.0,33.674999999999905,0.0,90.0,0.0,20.0
23,614.176,199.61,2,2,True,0.999641388749654,0.9998375702768753,0.09181663247599135,-0.3120467158805677,-543.0678166353761,-198.9770726026337,0.0,0.19178068232843515,0.0,0.1291000000882958,72.0,0.0,0.0,0.0,0.0,0.0,20.0
