hour,load_name,p_kw,q_kvar
0,Load1,270.63,90.21
0,Load2,217.124,70.246
0,Load3,174.84,58.28
1,Load1,261.0,87.0
1,Load2,209.032,67.628
1,Load3,168.78,56.26
2,Load1,254.925,84.975
2,Load2,175.78,56.87
2,Load3,165.0,55.0
3,Load1,252.81,84.27
3,Load2,174.794,56.551
3,Load3,163.77,54.59
4,Load1,232.65,77.55
4,Load2,187.0,60.5
4,Load3,174.9,58.3
5,Load1,270.63,90.21
5,Load2,217.124,70.246
5,Load3,174.84,58.28
6,Load1,324.0,108.0
6,Load2,259.488,83.952
6,Load3,209.52,69.84
7,Load1,380.07,126.69
7,Load2,262.072,84.788
7,Load3,246.0,82.0
8,Load1,419.76,139.92
8,Load2,290.224,93.896
8,Load3,271.92,90.64
9,Load1,384.93,128.31
9,Load2,309.4,100.1
9,Load3,289.38,96.46
10,Load1,405.945,135.315
10,Load2,325.686,105.369
10,Load3,262.26,87.42
11,Load1,427.5,142.5
11,Load2,342.38,110.77
11,Load3,276.45,92.15
12,Load1,444.96,148.32
12,Load2,306.816,99.264
12,Load3,288.0,96.0
13,Load1,462.69,154.23
13,Load2,319.906,103.499
13,Load3,299.73,99.91
14,Load1,418.77,139.59
14,Load2,336.6,108.9
14,Load3,314.82,104.94
15,Load1,445.23,148.41
15,Load2,357.204,115.566
15,Load3,287.64,95.88
16,Load1,481.5,160.5
16,Load2,385.628,124.762
16,Load3,311.37,103.79
17,Load1,519.12,173.04
17,Load2,357.952,115.808
17,Load3,336.0,112.0
18,Load1,562.86,187.62
18,Load2,389.164,125.906
18,Load3,364.62,121.54
19,Load1,516.06,172.02
19,Load2,414.8,134.2
19,Load3,387.96,129.32
20,Load1,515.07,171.69
20,Load2,413.236,133.694
20,Load3,332.76,110.92
21,Load1,486.0,162.0
21,Load2,389.232,125.928
21,Load3,314.28,104.76
22,Load1,417.15,139.05
22,Load2,287.64,93.06
22,Load3,270.0,90.0
23,Load1,352.98,117.66
23,Load2,244.052,78.958
23,Load3,228.66,76.22
