hour,total_load_kw,total_load_kvar,control_iterations,pf_iterations,converged,min_v_pu,max_v_pu,loss_kw,loss_kvar,source_p_kw,source_q_kvar,pv1_p_kw,pv1_q_kvar,wind1_p_kw,wind1_q_kvar,bess1_p_kw,bess1_q_kvar,ev1_p_kw,ev1_q_kvar,bess1_soc_pct
0,662.594,217.784,3,2,True,0.9968635893021042,0.9998255164165747,1.2005944761065548,0.09050247443398621,-573.7945944762847,-216.1301775368796,0.0,1.7443249376268843,55.0,0.0,35.0,0.0,0.0,0.0,31.57894736842105
1,638.812,209.967,3,2,True,0.9969520068440011,0.9998312267978912,1.1353210355907721,0.0531356907777008,-557.9473210357321,-208.32724187625666,0.0,1.6928938147072747,60.0,0.0,21.999999999999996,0.0,0.0,0.0,20.0
2,595.705,195.799,3,2,True,0.9971156261324153,0.9998411543479747,1.0205216546536322,-0.012590928839043045,-532.725521654862,-194.17843640741,0.0,1.607972663966728,65.0,0.0,0.0,0.0,0.0,0.0,20.0
3,591.374,194.376,3,2,True,0.9971637285131253,0.9998429799101556,0.9850272759562795,-0.032910343660088985,-523.3590272759483,-192.75985319047504,0.0,1.5832364659932319,70.0,0.0,0.0,0.0,0.0,0.0,20.0
4,594.55,195.419,3,2,True,0.997080572740715,0.9998426794572528,1.0219047317278527,-0.011801698908628169,-521.571904731784,-193.82631105360795,0.0,1.5808872476542613,75.0,0.0,0.0,0.0,0.0,0.0,20.0
5,662.594,217.784,3,2,True,0.996807503577331,0.9998241745055584,1.2478338935408393,0.11753936934335797,-584.8418338934616,-216.13100363307464,0.0,1.7705357361847973,80.0,0.0,0.0,0.0,0.0,0.0,20.0
6,793.008,260.65,3,2,True,0.9959694469648257,0.9997844114628324,2.0090777991298965,0.5531756533829357,-741.0170777993325,-258.98612243952147,0.0,2.217053214165987,55.0,0.0,0.0,0.0,0.0,0.0,20.0
7,888.142,291.918,3,2,True,0.9956665038312873,0.9997663445107055,2.25341441101885,0.6929863123904543,-764.7287477446289,-290.2821721622965,66.66666666666666,2.328814150412639,60.0,0.0,0.0,0.0,0.0,0.0,20.0
8,981.904,322.736,3,2,True,0.9953416234882595,0.9997486410218556,2.545383004797317,0.860034611263869,-787.1160496715587,-321.15934228190645,133.33333333333334,2.436692329487511,65.0,0.0,0.0,0.0,0.0,0.0,20.0
9,983.71,323.33,3,2,True,0.9953644982621682,0.9997568059116556,2.430092156963394,0.7940527992856369,-717.1400921573616,-321.85216909177433,200.0,2.2718837078575804,70.0,0.0,-25.0,0.0,0.0,0.0,31.875
10,993.891,326.677,3,2,True,0.9957452971385621,0.9997658743445543,2.0178493466784277,0.5582065482904472,-629.2421826815614,-325.16601585720275,266.6666666666667,2.0691906919525493,75.0,0.0,-25.0,0.0,0.0,0.0,43.75
11,1046.33,343.912,3,2,True,0.9956434908092359,0.9997598109690906,2.087501738102146,0.5980471080485404,-610.0841684048704,-342.4556675415915,333.33333333333337,2.0543795664592635,80.0,0.0,-25.0,0.0,0.0,0.0,55.625
12,1039.7759999999998,341.75800000000004,3,2,True,0.9957469186243513,0.9997667042148567,1.9637958740617032,0.5272375041001433,-561.7397958743636,-340.3493127753777,400.0,1.9359247291691473,55.0,0.0,-25.0,0.0,0.0,0.0,67.5
13,1082.326,355.743,3,2,True,0.9953815290427275,0.9997472366967028,2.355061069472431,0.7511339360355996,-666.3477277361861,-354.28527075338724,333.33333333333337,2.2088631827434924,60.0,0.0,-25.0,0.0,0.0,0.0,79.375
14,1070.19,351.754,3,2,True,0.995148536420037,0.9997431061686709,2.6148682860652044,0.8997611912230422,-716.1382016195791,-350.3337532852,266.6666666666667,2.32000790607112,65.0,0.0,-25.0,0.0,0.0,0.0,91.25
15,1090.074,358.29,3,2,True,0.9950022965102899,0.9997292299601854,2.8775233285701542,1.0500537179108724,-804.5304706971946,-356.7988352436534,200.0,2.5412184744176836,70.0,0.0,-18.42105263157895,0.0,0.0,0.0,100.0
16,1178.498,387.353,3,2,True,0.994285784934132,0.9996943488919372,3.875092431555604,1.6206771960987025,-975.0397590983667,-385.9761096061911,133.33333333333334,2.9975675900887344,75.0,0.0,-0.0,0.0,0.0,0.0,100.0
17,1213.0720000000001,398.717,3,2,True,0.994190250682004,0.9996815183607447,4.05538987950969,1.7238103001096097,-1035.4607232130734,-397.27981786397834,66.66666666666666,3.1609924362592245,80.0,0.0,35.0,0.0,0.0,0.0,81.57894736842105
18,1316.644,432.76,3,2,True,0.9928852920346325,0.9996328266523482,6.199394516215572,2.949916824236272,-1297.8433945167596,-431.8649582216,0.0,3.84495860296008,55.0,0.0,35.0,0.0,65.0,0.0,63.15789473684211
19,1318.82,433.475,3,2,True,0.9926944331519539,0.9996327283965823,6.431071859398071,3.082387699412735,-1295.2510718598198,-432.71706739699437,0.0,3.8403203022028265,60.0,0.0,35.0,0.0,65.0,0.0,44.736842105263165
20,1261.066,414.492,3,2,True,0.9931967931796233,0.9996497923860603,5.660278628163534,2.641618984724817,-1231.7262786285044,-413.478180153822,0.0,3.655438831037583,65.0,0.0,35.0,0.0,65.0,0.0,26.315789473684216
21,1189.512,390.973,3,2,True,0.9934958526173736,0.9996678278039381,5.182813131658375,2.368553609186478,-1177.694813132267,-389.8562449733285,0.0,3.485308636011264,70.0,0.0,12.000000000000009,0.0,65.0,0.0,20.0
22,974.79,320.399,3,2,True,0.9946635212695683,0.9997275898027085,3.476165439642646,1.3924332534163768,-969.2661654400605,-318.92652093899204,0.0,2.8649123144517397,75.0,0.0,0.0,0.0,65.0,0.0,20.0
23,825.692,271.392,3,2,True,0.9954967220681664,0.9997702812405458,2.4623301589116164,0.8124637983126486,-814.1543301590609,-269.79472107223336,0.0,2.4097427259999193,80.0,0.0,0.0,0.0,65.0,0.0,20.0
