time_s,event,pf_iterations,converged,min_v_pu,max_v_pu,loss_kw,loss_kvar,source_p_kw,source_q_kvar,pv1_p_kw,pv1_q_kvar,pv1_p_filter_pu,pv1_q_filter_pu,pv1_pll_angle_rad,pv1_pll_integrator,pv1_frequency_hz,pv2_p_kw,pv2_q_kvar,pv2_p_measure_pu,pv2_q_measure_pu,pv2_frequency_deviation_hz,pv2_angle_rad,pv2_voltage_internal_pu,pv2_voltage_reference_pu,pv2_frequency_hz,wind1_p_kw,wind1_q_kvar,wind1_p_measure_pu,wind1_q_measure_pu,wind1_voltage_reference_pu,bess1_p_kw,bess1_q_kvar,bess1_p_filter_pu,bess1_q_filter_pu,bess1_pll_angle_rad,bess1_pll_integrator,bess1_soc_pct,bess1_frequency_hz,ev1_p_kw,ev1_q_kvar,ev1_p_measure_pu,ev1_q_measure_pu,ev1_voltage_reference_pu
0.0,,2,True,0.9995820993570859,0.9997968167936868,0.09375602363109783,-0.31090950355625685,-501.09346929497656,-293.47005444390635,180.0000000369958,0.19017706541727283,1.0,0.0010565392521010295,-0.00017618650755961773,0.0,60.000000001174726,100.0,0.1426833378753356,0.8333333333333334,0.0011890278156277967,0.0,-0.00020657103776766599,0.9996036572507432,0.9996036572507432,60.0,79.0,0.0,0.79,0.0,0.9996174309883621,-45.00000000998905,0.0,-0.5625,0.0,-0.00019235935360484334,0.0,45.650000000000006,60.00000000103631,0.0,0.0,0.0,0.0,0.9995820991078721
0.02,,2,True,0.9995820991078493,0.999796816673586,0.0937561347268379,-0.3109094404419875,-501.0937561464226,-293.47023017519234,179.99999995066858,0.19017706532606474,1.0,0.0010565392521010295,-0.00017618635993875032,1.9578825626725972e-12,59.999999998580904,100.0,0.1426833237743086,0.8333333333333334,0.0011890278156277967,0.0,-0.00020657103776766599,0.9996036572507432,0.9996036572507432,60.0,79.0,-2.951113427703452e-09,0.79,0.0,0.9996174309883621,-44.9999999900102,0.0,-0.5625,0.0,-0.00019235922337756896,2.0726314441847986e-12,45.650000000000006,59.999999999008594,0.0,0.0,0.0,0.0,0.9995820991078721
0.04,,2,True,0.9995820991078618,0.9997968166735918,0.09375613362039303,-0.31090943996412895,-501.09375611484074,-293.4702301705293,180.00000001644833,0.1901770653955636,1.0,0.0010565392521010295,-0.00017618653826792006,-9.946462777759082e-13,60.00000000018969,100.0,0.14268332730061783,0.8333333333333334,0.0011890277568735175,0.0,-0.00020657103776766599,0.9996036572507432,0.9996036572507432,60.0,79.0,-2.5574066321433344e-09,0.79,-1.1804453710813808e-11,0.9996174309883621,-45.000000000000774,0.0,-0.5625,0.0,-0.00019235934796204228,-5.319814651728176e-13,45.650000000000006,59.999999999863945,0.0,0.0,0.0,0.0,0.9995820991078721
0.06,,2,True,0.9995820991078546,0.9997968166735889,0.09375613419348929,-0.31090944181220587,-501.09375613897237,-293.4702301689474,179.99999999451438,0.19017706537238951,1.0,0.0010565392521010295,-0.00017618651443098172,-3.8010518072905537e-13,60.00000000001402,100.0,0.14268332994449712,0.8333333333333334,0.001189027742189333,0.0,-0.00020657103776766599,0.999603657262494,0.9996036572507432,60.0,79.0,-2.21641908119089e-09,0.79,-1.7312298755061622e-11,0.9996174309883621,-44.99999999999954,0.0,-0.5625,0.0,-0.00019235936506002368,-6.445098513045698e-13,45.650000000000006,60.00000000001787,0.0,0.0,0.0,0.0,0.9995820991078721
0.08,,2,True,0.9995820991078586,0.9997968166735913,0.09375613203167085,-0.3109094413269677,-501.0937561295727,-293.47023016628503,180.00000000183,0.19017706538011872,1.0,0.0010565392521010295,-0.000176186512669237,-2.427077614407247e-13,60.00000000001769,100.0,0.14268333192779292,0.8333333333333334,0.0011890277458634045,0.0,-0.00020657103776766599,0.9996036572724813,0.9996036572507432,60.0,79.0,-1.9207633102691496e-09,0.79,-1.9253055577800532e-11,0.9996174309883621,-45.00000000000028,0.0,-0.5625,0.0,-0.0001923593628141365,-4.1541249118978005e-13,45.650000000000006,60.00000000002983,0.0,0.0,0.0,0.0,0.9995820991078721
0.1,,2,True,0.9995820991078612,0.9997968166735933,0.0937561328095985,-0.31090944242457225,-501.09375613117504,-293.4702301624839,179.9999999993901,0.1901770653775409,1.0,0.0010565392521010295,-0.00017618651044644843,-1.4041478374991754e-13,60.0000000000094,100.0,0.14268333341499168,0.8333333333333334,0.0011890277559641728,0.0,-0.00020657103776766599,0.9996036572777389,0.9996036572507432,60.0,79.0,-1.6646112054561467e-09,0.79,-1.9234886587756917e-11,0.9996174309883621,-45.000000000000064,0.0,-0.5625,0.0,-0.0001923593590653437,-2.31124853413908e-13,45.650000000000006,60.000000000019966,0.0,0.0,0.0,0.0,0.9995820991078721
0.12,,2,True,0.9995820991078656,0.9997968166735954,0.09375613349443393,-0.3109094403679601,-501.0937561296872,-293.4702301607882,180.00000000020364,0.19017706537840046,1.0,0.0010565392521010295,-0.00017618650926533606,-8.262535946233774e-14,60.000000000005635,100.0,0.14268333453023752,0.8333333333333334,0.0011890277672112184,0.0,-0.00020657103776766599,0.9996036572788733,0.9996036572507432,60.0,79.0,-1.4426319584839711e-09,0.79,-1.8199376774478736e-11,0.9996174309883621,-45.000000000000064,0.0,-0.5625,0.0,-0.00019235935655658056,-1.2185919211638707e-13,45.650000000000006,60.00000000001127,0.0,0.0,0.0,0.0,0.9995820991078721
0.14,,2,True,0.9995820991078652,0.9997968166735953,0.09375613434996785,-0.31090944049490465,-501.0937561308754,-293.47023016030795,179.99999999993202,0.1901770653781135,1.0,0.0010565392521010295,-0.0001761865085573642,-4.8447983363834856e-14,60.00000000000328,100.0,0.14268333536656533,0.8333333333333334,0.001189027777481599,0.0,-0.00020657103776766599,0.9996036572773046,0.9996036572507432,60.0,79.0,-1.2502677080098125e-09,0.79,-1.6690153898623123e-11,0.9996174309883621,-44.99999999999999,0.0,-0.5625,0.0,-0.00019235935514020895,-6.27591804479991e-14,45.650000000000006,60.00000000000596,0.0,0.0,0.0,0.0,0.9995820991078721
0.16,,2,True,0.9995820991078634,0.9997968166735951,0.09375613474184546,-0.31090944138334997,-501.09375613353365,-293.47023015997564,180.00000000002262,0.1901770653782092,1.0,0.0010565392521010295,-0.00017618650814529878,-2.844840086158733e-14,60.00000000000191,100.0,0.14268333599379787,0.8333333333333334,0.0011890277861014882,0.0,-0.00020657103776766599,0.9996036572743092,0.9996036572507432,60.0,79.0,-1.0835461030760775e-09,0.79,-1.5015163171213126e-11,0.9996174309883621,-44.99999999999997,0.0,-0.5625,0.0,-0.0001923593543910561,-3.200828816406188e-14,45.650000000000006,60.00000000000306,0.0,0.0,0.0,0.0,0.9995820991078721
0.18,,2,True,0.9995820991078636,0.9997968166735951,0.09375613358821511,-0.31090944229526124,-501.09375613353365,-293.47023015997564,179.99999999999244,0.19017706537817738,1.0,0.0010565392521010295,-0.0001761865079049232,-1.6725800432160203e-14,60.00000000000114,100.0,0.14268333646428222,0.8333333333333334,0.0011890277930249019,0.0,-0.00020657103776766599,0.999603657270788,0.9996036572507432,60.0,79.0,-9.390525651694741e-10,0.79,-1.3343282315032186e-11,0.9996174309883621,-45.0,0.0,-0.5625,0.0,-0.0001923593540058741,-1.627544019694429e-14,45.650000000000006,60.00000000000157,0.0,0.0,0.0,0.0,0.9995820991078721
0.2,,2,True,0.9995820991078656,0.9997968166735953,0.0937561366798991,-0.3109094383649044,-501.09375613175683,-293.4702301594884,180.00000000000264,0.19017706537818813,1.0,0.0010565392521010295,-0.00017618650776186649,-9.810711813253147e-15,60.000000000000675,100.0,0.14268333681714548,0.8333333333333334,0.0011890277984469603,0.0,-0.00020657103776766599,0.9996036572672906,0.9996036572507432,60.0,79.0,-8.138248323170845e-10,0.79,-1.1762179649697206e-11,0.9996174309883621,-45.00000000000004,0.0,-0.5625,0.0,-0.0001923593538081689,-8.246231930804161e-15,45.650000000000006,60.00000000000081,0.0,0.0,0.0,0.0,0.9995820991078721
0.22,,2,True,0.9995820991078656,0.9997968166735953,0.0937561366798991,-0.3109094383649044,-501.09375613175683,-293.4702301594884,179.99999999999912,0.19017706537818438,1.0,0.0010565392521010295,-0.00017618650767667698,-5.737637470172575e-15,60.00000000000039,100.0,0.142683337081693,0.8333333333333334,0.001189027802628253,0.0,-0.00020657103776766599,0.9996036572641078,0.9996036572507432,60.0,79.0,-7.053030122958773e-10,0.79,-1.0312607119086663e-11,0.9996174309883621,-45.0,0.0,-0.5625,0.0,-0.00019235935370656715,-4.155320293581858e-15,45.650000000000006,60.000000000000405,0.0,0.0,0.0,0.0,0.9995820991078721
0.24,,2,True,0.9995820991078651,0.9997968166735961,0.09375613316852287,-0.3109094405695851,-501.0937561325706,-293.4702301587062,180.00000000000037,0.1901770653781857,1.0,0.0010565392521010295,-0.00017618650762781947,-3.368353230885625e-15,60.00000000000022,100.0,0.14268333728010363,0.8333333333333334,0.0011890278058211807,0.0,-0.00020657103776766599,0.9996036572613619,0.9996036572507432,60.0,79.0,-6.112507682774978e-10,0.79,-9.008776320635508e-12,0.9996174309883621,-45.0,0.0,-0.5625,0.0,-0.00019235935365553006,-2.096443678378595e-15,45.650000000000006,60.0000000000002,0.0,0.0,0.0,0.0,0.9995820991078721
0.26,,2,True,0.9995820991078651,0.9997968166735961,0.09375613316852287,-0.3109094405695851,-501.0937561325706,-293.4702301587062,179.99999999999986,0.19017706537818518,1.0,0.0010565392521010295,-0.0001761865076000562,-1.9896253698400872e-15,60.00000000000014,100.0,0.14268333742895162,0.8333333333333334,0.0011890278082443556,0.0,-0.00020657103776766599,0.9996036572590757,0.9996036572507432,60.0,79.0,-5.297432643536671e-10,0.79,-7.850268865491294e-12,0.9996174309883621,-45.0,0.0,-0.5625,0.0,-0.00019235935363063944,-1.0713641345608967e-15,45.650000000000006,60.0000000000001,0.0,0.0,0.0,0.0,0.9995820991078721
0.28,,2,True,0.9995820991078651,0.9997968166735961,0.09375613316852287,-0.3109094405695851,-501.0937561325706,-293.4702301587062,180.00000000000003,0.19017706537818535,1.0,0.0010565392521010295,-0.00017618650758297286,-1.1661629778156211e-15,60.00000000000008,100.0,0.14268333754058757,0.8333333333333334,0.001189027810076143,0.0,-0.00020657103776766599,0.9996036572572194,0.9996036572507432,60.0,79.0,-4.591034276196806e-10,0.79,-6.829134376709444e-12,0.9996174309883621,-45.0,0.0,-0.5625,0.0,-0.00019235935361770502,-5.440971024420907e-16,45.650000000000006,60.00000000000006,0.0,0.0,0.0,0.0,0.9995820991078721
0.3,,2,True,0.9995820991078651,0.9997968166735961,0.09375613316852287,-0.3109094405695851,-501.0937561325706,-293.4702301587062,179.99999999999997,0.19017706537818532,1.0,0.0010565392521010295,-0.0001761865075730243,-6.843673848108586e-16,60.00000000000005,100.0,0.14268333762431454,0.8333333333333334,0.0011890278114571862,0.0,-0.00020657103776766599,0.9996036572557393,0.9996036572507432,60.0,79.0,-3.978822357835591e-10,0.79,-5.933894336504391e-12,0.9996174309883621,-45.0,0.0,-0.5625,0.0,-0.00019235935361108572,-2.755185402739821e-16,45.650000000000006,60.00000000000003,0.0,0.0,0.0,0.0,0.9995820991078721
0.32,,2,True,0.999582099107862,0.9997968166735948,0.09375613468873098,-0.3109094408132623,-501.09375613331343,-293.4702301581036,179.99999999999997,0.19017706537818532,1.0,0.0010565392521010295,-0.00017618650756717985,-4.0154294819737584e-16,60.00000000000002,100.0,0.14268333768710978,0.8333333333333334,0.0011890278124965705,0.0,-0.00020657103776766599,0.999603657254575,0.9996036572507432,60.0,79.0,-3.44823869525587e-10,0.79,-5.15186554503687e-12,0.9996174309883621,-45.000000000000014,0.0,-0.5625,0.0,-0.0001923593536077219,-1.393259422761291e-16,45.650000000000006,60.00000000000001,0.0,0.0,0.0,0.0,0.9995820991078721
0.34,,2,True,0.999582099107862,0.9997968166735948,0.09375613468873098,-0.3109094408132623,-501.09375613331343,-293.4702301581036,179.99999999999997,0.19017706537818532,1.0,0.0010565392521010295,-0.00017618650756475224,-2.4888294550272673e-16,60.00000000000002,100.0,0.14268333773418623,0.8333333333333334,0.0011890278132779095,0.0,-0.00020657103776766599,0.9996036572536685,0.9996036572507432,60.0,79.0,-2.9884143239937735e-10,0.79,-4.470414805124469e-12,0.9996174309883621,-45.0,0.0,-0.5625,0.0,-0.00019235935360655289,-7.892287084261662e-17,45.650000000000006,60.00000000000001,0.0,0.0,0.0,0.0,0.9995820991078721
0.36,,2,True,0.9995820991078633,0.9997968166735959,0.09375613265907805,-0.3109094405367632,-501.0937561329368,-293.47023015784293,180.00000000000003,0.19017706537818535,1.0,0.0010565392521010295,-0.0001761865075625323,-1.447751423952376e-16,60.00000000000001,100.0,0.14268333776949355,0.8333333333333334,0.0011890278138647307,0.0,-0.00020657103776766599,0.9996036572529684,0.9996036572507432,60.0,79.0,-2.5898998688999576e-10,0.79,-3.877614612672192e-12,0.9996174309883621,-45.00000000000001,0.0,-0.5625,0.0,-0.00019235935360571434,-4.190007715766793e-17,45.650000000000006,60.0,0.0,0.0,0.0,0.0,0.9995820991078721
0.38,,2,True,0.9995820991078633,0.9997968166735959,0.09375613265907805,-0.3109094405367632,-501.0937561329368,-293.47023015784293,179.99999999999997,0.19017706537818532,1.0,0.0010565392521010295,-0.00017618650756119725,-8.363589768660745e-17,60.00000000000001,100.0,0.1426833377959474,0.8333333333333334,0.0011890278143052552,0.0,-0.00020657103776766599,0.9996036572524309,0.9996036572507432,60.0,79.0,-2.2445650834063013e-10,0.79,-3.3625287151632977e-12,0.9996174309883621,-45.0,0.0,-0.5625,0.0,-0.00019235935360534367,-2.3430693149377344e-17,45.650000000000006,60.00000000000001,0.0,0.0,0.0,0.0,0.9995820991078721
0.4,,2,True,0.9995820991078633,0.9997968166735959,0.09375613265907805,-0.3109094405367632,-501.0937561329368,-293.47023015784293,179.99999999999997,0.19017706537818532,1.0,0.0010565392521010295,-0.0001761865075604925,-4.91978419808641e-17,60.00000000000001,100.0,0.1426833378157878,0.8333333333333334,0.001189027814635742,0.0,-0.00020657103776766599,0.9996036572520204,0.9996036572507432,60.0,79.0,-1.9452749359784656e-10,0.79,-2.9153432624604987e-12,0.9996174309883621,-45.0,0.0,-0.5625,0.0,-0.00019235935360509065,-1.2374541495456402e-17,45.650000000000006,60.0,0.0,0.0,0.0,0.0,0.9995820991078721
0.42,,2,True,0.9995820991078633,0.9997968166735959,0.09375613265907805,-0.3109094405367632,-501.0937561329368,-293.47023015784293,179.99999999999997,0.19017706537818532,1.0,0.0010565392521010295,-0.0001761865075600715,-2.885495661851862e-17,60.0,100.0,0.14268333783066808,0.8333333333333334,0.0011890278148836534,0.0,-0.00020657103776766599,0.999603657251708,0.9996036572507432,60.0,79.0,-1.685890141541009e-10,0.79,-2.5273159318676863e-12,0.9996174309883621,-45.0,0.0,-0.5625,0.0,-0.00019235935360494718,-6.3789034816115736e-18,45.650000000000006,60.0,0.0,0.0,0.0,0.0,0.9995820991078721
0.44,,2,True,0.9995820991078633,0.9997968166735959,0.09375613265907805,-0.3109094405367632,-501.0937561329368,-293.47023015784293,179.99999999999997,0.19017706537818532,1.0,0.0010565392521010295,-0.00017618650755982522,-1.6931985327695518e-17,60.00000000000001,100.0,0.1426833378418283,0.8333333333333334,0.0011890278150696104,0.0,-0.00020657103776766599,0.9996036572514708,0.9996036572507432,60.0,79.0,-1.4610899863618792e-10,0.79,-2.190745615737015e-12,0.9996174309883621,-45.0,0.0,-0.5625,0.0,-0.000192359353604871,-3.2526065172496187e-18,45.650000000000006,60.0,0.0,0.0,0.0,0.0,0.9995820991078721
0.46,,2,True,0.9995820991078633,0.9997968166735959,0.09375613265907805,-0.3109094405367632,-501.0937561329368,-293.47023015784293,179.99999999999997,0.19017706537818532,1.0,0.0010565392521010295,-0.00017618650755968062,-9.934544506474066e-18,60.0,100.0,0.14268333785019846,0.8333333333333334,0.0011890278152090897,0.0,-0.00020657103776766599,0.9996036572512914,0.9996036572507432,60.0,79.0,-1.2662631852066334e-10,0.79,-1.8988833639869606e-12,0.9996174309883621,-45.0,0.0,-0.5625,0.0,-0.0001923593536048316,-1.6501557063160417e-18,45.650000000000006,60.0,0.0,0.0,0.0,0.0,0.9995820991078721
0.48,,2,True,0.9995820991078633,0.9997968166735959,0.09375613265907805,-0.3109094405367632,-501.0937561329368,-293.47023015784293,179.99999999999997,0.19017706537818532,1.0,0.0010565392521010295,-0.0001761865075595958,-5.8292129803577105e-18,60.0,100.0,0.14268333785647608,0.8333333333333334,0.001189027815313705,0.0,-0.00020657103776766599,0.9996036572511559,0.9996036572507432,60.0,79.0,-1.0974132908720876e-10,0.79,-1.64583529247483e-12,0.9996174309883621,-45.0,0.0,-0.5625,0.0,-0.00019235935360481152,-8.353777736931867e-19,45.650000000000006,60.0,0.0,0.0,0.0,0.0,0.9995820991078721
0.5,,2,True,0.9995820991078633,0.9997968166735959,0.09375613265907805,-0.3109094405367632,-501.0937561329368,-293.47023015784293,179.99999999999997,0.19017706537818532,1.0,0.0010565392521010295,-0.000176186507559546,-3.4201157530949174e-18,60.0,100.0,0.14268333786118428,0.8333333333333334,0.0011890278153921696,0.0,-0.00020657103776766599,0.9996036572510536,0.9996036572507432,60.0,79.0,-9.510767157821473e-11,0.79,-1.4264664918337328e-12,0.9996174309883621,-45.0,0.0,-0.5625,0.0,-0.0001923593536048013,-4.2229674597620917e-19,45.650000000000006,60.0,0.0,0.0,0.0,0.0,0.9995820991078721
0.52,,2,True,0.9995820991078633,0.9997968166735959,0.09375613265907805,-0.3109094405367632,-501.0937561329368,-293.47023015784293,179.99999999999997,0.19017706537818532,1.0,0.0010565392521010295,-0.00017618650755951682,-2.0068582212600612e-18,60.0,100.0,0.14268333786471546,0.8333333333333334,0.0011890278154510195,0.0,-0.00020657103776766599,0.9996036572509766,0.9996036572507432,60.0,79.0,-8.242516840375326e-11,0.79,-1.2363105814130985e-12,0.9996174309883621,-45.0,0.0,-0.5625,0.0,-0.00019235935360479615,-2.135878277727494e-19,45.650000000000006,60.0,0.0,0.0,0.0,0.0,0.9995820991078721
0.54,,2,True,0.9995820991078633,0.9997968166735959,0.09375613265907805,-0.3109094405367632,-501.0937561329368,-293.47023015784293,179.99999999999997,0.19017706537818532,1.0,0.0010565392521010295,-0.0001761865075594997,-1.1774435593086497e-18,60.0,100.0,0.14268333786736384,0.8333333333333334,0.0011890278154951576,0.0,-0.00020657103776766599,0.9996036572509186,0.9996036572507432,60.0,79.0,-7.143366565255332e-11,0.79,-1.071487022462872e-12,0.9996174309883621,-45.0,0.0,-0.5625,0.0,-0.00019235935360479352,-1.0787811595541262e-19,45.650000000000006,60.0,0.0,0.0,0.0,0.0,0.9995820991078721
0.56,,2,True,0.9995820991078633,0.9997968166735959,0.09375613265907805,-0.3109094405367632,-501.0937561329368,-293.47023015784293,179.99999999999997,0.19017706537818532,1.0,0.0010565392521010295,-0.0001761865075594896,-6.906367838626578e-19,60.0,100.0,0.1426833378693501,0.8333333333333334,0.0011890278155282615,0.0,-0.00020657103776766599,0.999603657250875,0.9996036572507432,60.0,79.0,-6.190769660151337e-11,0.79,-9.286268760879364e-13,0.9996174309883621,-45.0,0.0,-0.5625,0.0,-0.00019235935360479222,-5.475220950362286e-20,45.650000000000006,60.0,0.0,0.0,0.0,0.0,0.9995820991078721
0.58,,2,True,0.9995820991078633,0.9997968166735959,0.09375613265907805,-0.3109094405367632,-501.0937561329368,-293.47023015784293,179.99999999999997,0.19017706537818532,1.0,0.0010565392521010295,-0.00017618650755948372,-4.054916124989715e-19,60.0,100.0,0.1426833378708398,0.8333333333333334,0.0011890278155530895,0.0,-0.00020657103776766599,0.9996036572508421,0.9996036572507432,60.0,79.0,-5.3651856757278786e-11,0.79,-8.04806912058816e-13,0.9996174309883621,-45.0,0.0,-0.5625,0.0,-0.00019235935360479154,-2.764715519148537e-20,45.650000000000006,60.0,0.0,0.0,0.0,0.0,0.9995820991078721
0.6,,2,True,0.9995820991078633,0.9997968166735959,0.09375613265907805,-0.3109094405367632,-501.0937561329368,-293.47023015784293,179.99999999999997,0.19017706537818532,1.0,0.0010565392521010295,-0.00017618650755948025,-2.379823768499609e-19,60.0,100.0,0.1426833378719571,0.8333333333333334,0.0011890278155717107,0.0,-0.00020657103776766599,0.9996036572508175,0.9996036572507432,60.0,79.0,-4.649679555894211e-11,0.79,-6.974915742644047e-13,0.9996174309883621,-45.0,0.0,-0.5625,0.0,-0.00019235935360479122,-1.4094628035416554e-20,45.650000000000006,60.0,0.0,0.0,0.0,0.0,0.9995820991078721
0.62,,2,True,0.9995820991078633,0.9997968166735959,0.09375613265907805,-0.3109094405367632,-501.0937561329368,-293.47023015784293,179.99999999999997,0.19017706537818532,1.0,0.0010565392521010295,-0.00017618650755947825,-1.3986208024002268e-19,60.0,100.0,0.14268333787279508,0.8333333333333334,0.0011890278155856767,0.0,-0.00020657103776766599,0.999603657250799,0.9996036572507432,60.0,79.0,-4.0295742520383656e-11,0.79,-6.044821267944112e-13,0.9996174309883621,-45.0,0.0,-0.5625,0.0,-0.00019235935360479103,-7.047313914260769e-21,45.650000000000006,60.0,0.0,0.0,0.0,0.0,0.9995820991078721
0.64,,2,True,0.9995820991078633,0.9997968166735959,0.09375613265907805,-0.3109094405367632,-501.0937561329368,-293.47023015784293,179.99999999999997,0.19017706537818532,1.0,0.0010565392521010295,-0.00017618650755947703,-8.185726401204814e-20,60.0,100.0,0.14268333787342358,0.8333333333333334,0.0011890278155961512,0.0,-0.00020657103776766599,0.9996036572507851,0.9996036572507432,60.0,79.0,-3.4921496553633e-11,0.79,-5.238722461581813e-13,0.9996174309883621,-45.0,0.0,-0.5625,0.0,-0.00019235935360479095,-3.7947073968042525e-21,45.650000000000006,60.0,0.0,0.0,0.0,0.0,0.9995820991078721
0.66,,2,True,0.9995820991078633,0.9997968166735959,0.09375613265907805,-0.3109094405367632,-501.0937561329368,-293.47023015784293,179.99999999999997,0.19017706537818532,1.0,0.0010565392521010295,-0.00017618650755947635,-4.8246996664997474e-20,60.0,100.0,0.1426833378738949,0.8333333333333334,0.0011890278156040071,0.0,-0.00020657103776766599,0.9996036572507747,0.9996036572507432,60.0,79.0,-3.026381671578243e-11,0.79,-4.540093339094407e-13,0.9996174309883621,-45.0,0.0,-0.5625,0.0,-0.00019235935360479092,-2.1684041380759944e-21,45.650000000000006,60.0,0.0,0.0,0.0,0.0,0.9995820991078721
0.68,,2,True,0.9995820991078633,0.9997968166735959,0.09375613265907805,-0.3109094405367632,-501.0937561329368,-293.47023015784293,179.99999999999997,0.19017706537818532,1.0,0.0010565392521010295,-0.00017618650755947592,-2.8189256474015624e-20,60.0,100.0,0.14268333787424842,0.8333333333333334,0.0011890278156098991,0.0,-0.00020657103776766599,0.9996036572507668,0.9996036572507432,60.0,79.0,-2.6227160856311938e-11,0.79,-3.934608672087941e-13,0.9996174309883621,-45.0,0.0,-0.5625,0.0,-0.0001923593536047909,-1.084201965590489e-21,45.650000000000006,60.0,0.0,0.0,0.0,0.0,0.9995820991078721
0.7000000000000001,,2,True,0.9995820991078633,0.9997968166735959,0.09375613265907805,-0.3109094405367632,-501.0937561329368,-293.47023015784293,179.99999999999997,0.19017706537818532,1.0,0.0010565392521010295,-0.0001761865075594757,-1.6805133662917817e-20,60.0,100.0,0.14268333787451354,0.8333333333333334,0.001189027815614318,0.0,-0.00020657103776766599,0.999603657250761,0.9996036572507432,60.0,79.0,-2.2728725778104177e-11,0.79,-3.409851637505242e-13,0.9996174309883621,-45.0,0.0,-0.5625,0.0,-0.00019235935360479087,-5.421008793477363e-22,45.650000000000006,60.0,0.0,0.0,0.0,0.0,0.9995820991078721
0.72,,2,True,0.9995820991078633,0.9997968166735959,0.09375613265907805,-0.3109094405367632,-501.0937561329368,-293.47023015784293,179.99999999999997,0.19017706537818532,1.0,0.0010565392521010295,-0.00017618650755947554,-9.757819541762071e-21,60.0,100.0,0.1426833378747124,0.8333333333333334,0.001189027815617632,0.0,-0.00020657103776766599,0.9996036572507565,0.9996036572507432,60.0,79.0,-1.9696748710324133e-11,0.79,-2.955060013627314e-13,0.9996174309883621,-45.0,0.0,-0.5625,0.0,-0.00019235935360479087,-5.421008793477363e-22,45.650000000000006,60.0,0.0,0.0,0.0,0.0,0.9995820991078721
0.74,,2,True,0.9995820991078633,0.9997968166735959,0.09375613265907805,-0.3109094405367632,-501.0937561329368,-293.47023015784293,179.99999999999997,0.19017706537818532,1.0,0.0010565392521010295,-0.00017618650755947548,-5.963111938062802e-21,60.0,100.0,0.14268333787486157,0.8333333333333334,0.0011890278156201177,0.0,-0.00020657103776766599,0.9996036572507532,0.9996036572507432,60.0,79.0,-1.7069035251581414e-11,0.79,-2.5609059565893536e-13,0.9996174309883621,-45.0,0.0,-0.5625,0.0,-0.00019235935360479087,-5.421008793477363e-22,45.650000000000006,60.0,0.0,0.0,0.0,0.0,0.9995820991078721
0.76,,2,True,0.9995820991078633,0.9997968166735959,0.09375613265907805,-0.3109094405367632,-501.0937561329368,-293.47023015784293,179.99999999999997,0.19017706537818532,1.0,0.0010565392521010295,-0.0001761865075594754,-3.2526065068490387e-21,60.0,100.0,0.14268333787497342,0.8333333333333334,0.0011890278156219821,0.0,-0.00020657103776766599,0.9996036572507507,0.9996036572507432,60.0,79.0,-1.4791683587337723e-11,0.79,-2.2193049840168683e-13,0.9996174309883621,-45.0,0.0,-0.5625,0.0,-0.00019235935360479087,-5.421008793477363e-22,45.650000000000006,60.0,0.0,0.0,0.0,0.0,0.9995820991078721
0.78,,2,True,0.9995820991078633,0.9997968166735959,0.09375613265907805,-0.3109094405367632,-501.0937561329368,-293.47023015784293,179.99999999999997,0.19017706537818532,1.0,0.0010565392521010295,-0.0001761865075594754,-2.1684043343635333e-21,60.0,100.0,0.1426833378750573,0.8333333333333334,0.0011890278156233803,0.0,-0.00020657103776766599,0.9996036572507488,0.9996036572507432,60.0,79.0,-1.2817978811659858e-11,0.79,-1.9232503339036296e-13,0.9996174309883621,-45.0,0.0,-0.5625,0.0,-0.00019235935360479087,-5.421008793477363e-22,45.650000000000006,60.0,0.0,0.0,0.0,0.0,0.9995820991078721
0.8,,2,True,0.9995820991078633,0.9997968166735959,0.09375613265907805,-0.3109094405367632,-501.0937561329368,-293.47023015784293,179.99999999999997,0.19017706537818532,1.0,0.0010565392521010295,-0.00017618650755947538,-1.084202161878028e-21,60.0,100.0,0.14268333787512022,0.8333333333333334,0.001189027815624429,0.0,-0.00020657103776766599,0.9996036572507475,0.9996036572507432,60.0,79.0,-1.110743467273904e-11,0.79,-1.666669352808572e-13,0.9996174309883621,-45.0,0.0,-0.5625,0.0,-0.00019235935360479087,-5.421008793477363e-22,45.650000000000006,60.0,0.0,0.0,0.0,0.0,0.9995820991078721
0.8200000000000001,,2,True,0.9995820991078633,0.9997968166735959,0.09375613265907805,-0.3109094405367632,-501.0937561329368,-293.47023015784293,179.99999999999997,0.19017706537818532,1.0,0.0010565392521010295,-0.00017618650755947535,-5.421010756352752e-22,60.0,100.0,0.1426833378751674,0.8333333333333334,0.0011890278156252154,0.0,-0.00020657103776766599,0.9996036572507464,0.9996036572507432,60.0,79.0,-9.624963085674332e-12,0.79,-1.4442989985947046e-13,0.9996174309883621,-45.0,0.0,-0.5625,0.0,-0.00019235935360479087,-5.421008793477363e-22,45.650000000000006,60.0,0.0,0.0,0.0,0.0,0.9995820991078721
0.84,,2,True,0.9995820991078633,0.9997968166735959,0.09375613265907805,-0.3109094405367632,-501.0937561329368,-293.47023015784293,179.99999999999997,0.19017706537818532,1.0,0.0010565392521010295,-0.00017618650755947535,-5.421010756352752e-22,60.0,100.0,0.1426833378752028,0.8333333333333334,0.0011890278156258052,0.0,-0.00020657103776766599,0.9996036572507456,0.9996036572507432,60.0,79.0,-8.340154376884928e-12,0.79,-1.251577922583797e-13,0.9996174309883621,-45.0,0.0,-0.5625,0.0,-0.00019235935360479087,-5.421008793477363e-22,45.650000000000006,60.0,0.0,0.0,0.0,0.0,0.9995820991078721
0.86,,2,True,0.9995820991078633,0.9997968166735959,0.09375613265907805,-0.3109094405367632,-501.0937561329368,-293.47023015784293,179.99999999999997,0.19017706537818532,1.0,0.0010565392521010295,-0.00017618650755947535,-5.421010756352752e-22,60.0,100.0,0.14268333787522933,0.8333333333333334,0.0011890278156262476,0.0,-0.00020657103776766599,0.9996036572507451,0.9996036572507432,60.0,79.0,-7.226653495934103e-12,0.79,-1.0845529286256751e-13,0.9996174309883621,-45.0,0.0,-0.5625,0.0,-0.00019235935360479087,-5.421008793477363e-22,45.650000000000006,60.0,0.0,0.0,0.0,0.0,0.9995820991078721
0.88,,2,True,0.9995820991078633,0.9997968166735959,0.09375613265907805,-0.3109094405367632,-501.0937561329368,-293.47023015784293,179.99999999999997,0.19017706537818532,1.0,0.0010565392521010295,-0.00017618650755947535,-5.421010756352752e-22,60.0,100.0,0.14268333787524923,0.8333333333333334,0.0011890278156265793,0.0,-0.00020657103776766599,0.9996036572507446,0.9996036572507432,60.0,79.0,-6.2616193991100544e-12,0.79,-9.39797897012769e-14,0.9996174309883621,-45.0,0.0,-0.5625,0.0,-0.00019235935360479087,-5.421008793477363e-22,45.650000000000006,60.0,0.0,0.0,0.0,0.0,0.9995820991078721
0.9,,2,True,0.9995820991078633,0.9997968166735959,0.09375613265907805,-0.3109094405367632,-501.0937561329368,-293.47023015784293,179.99999999999997,0.19017706537818532,1.0,0.0010565392521010295,-0.00017618650755947535,-5.421010756352752e-22,60.0,100.0,0.1426833378752642,0.8333333333333334,0.0011890278156268283,0.0,-0.00020657103776766599,0.9996036572507443,0.9996036572507432,60.0,79.0,-5.425256515195879e-12,0.79,-8.143435141720635e-14,0.9996174309883621,-45.0,0.0,-0.5625,0.0,-0.00019235935360479087,-5.421008793477363e-22,45.650000000000006,60.0,0.0,0.0,0.0,0.0,0.9995820991078721
0.92,,2,True,0.9995820991078633,0.9997968166735959,0.09375613265907805,-0.3109094405367632,-501.0937561329368,-293.47023015784293,179.99999999999997,0.19017706537818532,1.0,0.0010565392521010295,-0.00017618650755947535,-5.421010756352752e-22,60.0,100.0,0.14268333787527537,0.8333333333333334,0.001189027815627015,0.0,-0.00020657103776766599,0.9996036572507441,0.9996036572507432,60.0,79.0,-4.7004086824702615e-12,0.79,-7.056163691110732e-14,0.9996174309883621,-45.0,0.0,-0.5625,0.0,-0.00019235935360479087,-5.421008793477363e-22,45.650000000000006,60.0,0.0,0.0,0.0,0.0,0.9995820991078721
0.9400000000000001,,2,True,0.9995820991078633,0.9997968166735959,0.09375613265907805,-0.3109094405367632,-501.0937561329368,-293.47023015784293,179.99999999999997,0.19017706537818532,1.0,0.0010565392521010295,-0.00017618650755947535,-5.421010756352752e-22,60.0,100.0,0.14268333787528376,0.8333333333333334,0.0011890278156271548,0.0,-0.00020657103776766599,0.9996036572507438,0.9996036572507432,60.0,79.0,-4.0722072274413926e-12,0.79,-6.113861687654543e-14,0.9996174309883621,-45.0,0.0,-0.5625,0.0,-0.00019235935360479087,-5.421008793477363e-22,45.650000000000006,60.0,0.0,0.0,0.0,0.0,0.9995820991078721
0.96,,2,True,0.9995820991078633,0.9997968166735959,0.09375613265907805,-0.3109094405367632,-501.0937561329368,-293.47023015784293,179.99999999999997,0.19017706537818532,1.0,0.0010565392521010295,-0.00017618650755947535,-5.421010756352752e-22,60.0,100.0,0.14268333787529006,0.8333333333333334,0.0011890278156272598,0.0,-0.00020657103776766599,0.9996036572507437,0.9996036572507432,60.0,79.0,-3.5277659664163756e-12,0.79,-5.297199903569287e-14,0.9996174309883621,-45.0,0.0,-0.5625,0.0,-0.00019235935360479087,-5.421008793477363e-22,45.650000000000006,60.0,0.0,0.0,0.0,0.0,0.9995820991078721
0.98,,2,True,0.9995820991078633,0.9997968166735959,0.09375613265907805,-0.3109094405367632,-501.0937561329368,-293.47023015784293,179.99999999999997,0.19017706537818532,1.0,0.0010565392521010295,-0.00017618650755947535,-5.421010756352752e-22,60.0,100.0,0.1426833378752948,0.8333333333333334,0.0011890278156273385,0.0,-0.00020657103776766599,0.9996036572507436,0.9996036572507432,60.0,79.0,-3.0559168735280252e-12,0.79,-4.5894263287081216e-14,0.9996174309883621,-45.0,0.0,-0.5625,0.0,-0.00019235935360479087,-5.421008793477363e-22,45.650000000000006,60.0,0.0,0.0,0.0,0.0,0.9995820991078721
1.0,load_scale:Load12,2,True,0.9995760663680174,0.9997950483644369,0.09612588986476567,-0.3095527211143635,-507.0361227431197,-295.6274849818139,179.9994488540363,0.19017648307084106,1.0,0.0010565392521010295,-0.00017618650755947535,-5.421010756352752e-22,59.999965863771834,100.0,0.14268333787529835,0.8333333333333334,0.0011890278156273977,0.0,-0.00020657103776766599,0.9996036572507435,0.9996036572507432,60.0,79.0,-2.646980993024788e-12,0.79,-3.9760225466360825e-14,0.9996174309883621,-44.99986220448905,0.0,-0.5625,0.0,-0.00019235935360479087,-5.421008793477363e-22,45.650000000000006,59.99997155215362,0.0,0.0,0.0,0.0,0.9995820991078721
1.02,,2,True,0.999576066621382,0.9997950485302304,0.09612580223979057,-0.3095527690108056,-507.0359420924408,-295.6271885150665,180.0001837714929,0.19017725953998096,1.0,0.0010565392521010295,-0.00018047619250470198,-5.689371361164254e-08,60.00000709979204,100.0,0.14294064585579005,0.8333333333333334,0.001189027815627442,0.0,-0.00020657103776766599,0.9996036572507435,0.9996036572507432,60.0,79.0,4.0812485391639156e-05,0.79,-3.444405925191564e-14,0.9996174309883621,-45.000000011960914,0.0,-0.5625,0.0,-0.00019593421541265764,-5.6895692759243e-08,45.650000000000006,59.999998766629304,0.0,0.0,0.0,0.0,0.9995820991078721
1.04,,2,True,0.9995760667005443,0.9997950486111536,0.09612581363467007,-0.3095527626021494,-507.03618707218885,-295.6269604488416,179.99993873520037,0.19017700064951973,1.0,0.0010565392521010295,-0.00017958400632424592,-2.799261279666144e-08,60.000001592408346,100.0,0.1431336096427295,0.8333333333333334,0.0011900999322128462,0.0,-0.00020657103776766599,0.9996036572507435,0.9996036572507432,60.0,79.0,7.617972367478225e-05,0.79,1.6324992090012122e-07,0.9996174309883621,-45.000000001211845,0.0,-0.5625,0.0,-0.00019608920534472084,-4.229372631320342e-08,45.650000000000006,60.000002504357354,0.0,0.0,0.0,0.0,0.9995820991078721
1.06,,2,True,0.999576066842576,0.999795048706229,0.09612576342861348,-0.3095527909278544,-507.03610534605525,-295.6267849669511,180.00002045149756,0.19017708698599523,1.0,0.0010565392521010295,-0.00017938389839016798,-1.6940815052628847e-08,60.00000118056096,100.0,0.14327832624372494,0.8333333333333334,0.0011914400062844627,0.0,-0.00020657103776766599,0.9996034428274264,0.9996036572507432,60.0,79.0,0.000106830934858625,0.79,4.02668847239202e-07,0.9996174309883621,-45.000000006601546,0.0,-0.5625,0.0,-0.00019577449851825536,-2.459689371356784e-08,45.650000000000006,60.00000201174469,0.0,0.0,0.0,0.0,0.9995820991078721
1.08,,2,True,0.9995760669244391,0.9997950487684657,0.096125750676385,-0.3095527991089102,-507.03613256726555,-295.62664989655656,179.99999319398435,0.1901770581873626,1.0,0.0010565392521010295,-0.00017923554472505245,-9.890968942762171e-09,60.000000668476346,100.0,0.14338685405558182,0.8333333333333334,0.001192713029157752,0.0,-0.00020657103776766599,0.9996030461586217,0.9996036572507432,60.0,79.0,0.000133393331078347,0.79,6.689250477780213e-07,0.9996174309883621,-45.00000000322387,0.0,-0.5625,0.0,-0.00019552169522497347,-1.3194336223925147e-08,45.650000000000006,60.000001193419266,0.0,0.0,0.0,0.0,0.9995820991078721
1.1,,2,True,0.9995760669965763,0.9997950488202451,0.09612572764777587,-0.3095528124071725,-507.0361234643627,-295.6265454651221,180.0000022813192,0.19017706778848864,1.0,0.0010565392521010295,-0.0001791515415092878,-5.809551007887049e-09,60.000000394761635,100.0,0.14346824416492698,0.8333333333333334,0.001193801739810467,0.0,-0.00020657103776766599,0.9996025535527643,0.9996036572507432,60.0,79.0,0.00015641309228554907,0.79,9.34928352980201e-07,0.9996174309883621,-45.00000000314212,0.0,-0.5625,0.0,-0.0001953717257370628,-6.849196825353196e-09,45.650000000000006,60.000000645169926,0.0,0.0,0.0,0.0,0.9995820991078721
1.12,,2,True,0.9995760670492847,0.9997950488591806,0.09612571642325701,-0.3095528200565377,-507.0361264763152,-295.62646447324835,179.99999924807236,0.19017706458374423,1.0,0.0010565392521010295,-0.00017910193429899267,-3.408749644565265e-09,60.000000231257395,100.0,0.1435292817903074,0.8333333333333334,0.0011946852205924293,0.0,-0.00020657103776766599,0.9996020402471193,0.9996036572507432,60.0,79.0,0.00017636259766702885,0.79,1.1866093809303172e-06,0.9996174309883621,-45.000000002243645,0.0,-0.5625,0.0,-0.00019529065129290528,-3.5040979231374975e-09,45.650000000000006,60.000000335862815,0.0,0.0,0.0,0.0,0.9995820991078721
1.1400000000000001,,2,True,0.9995760670911686,0.9997950488899072,0.09612570626126898,-0.3095528263202614,-507.03612545504035,-295.62640140394876,180.00000025774534,0.19017706565050335,1.0,0.0010565392521010295,-0.00017907287363782735,-2.000695761697211e-09,60.00000013572762,100.0,0.143575056375756,0.8333333333333334,0.0011953812844224957,0.0,-0.00020657103776766599,0.9996015555675759,0.9996036572507432,60.0,79.0,0.00019365148394118864,0.79,1.417416019226306e-06,0.9996174309883621,-45.0000000018316,0.0,-0.5625,0.0,-0.00019524844552714317,-1.7811429213945476e-09,45.650000000000006,60.00000017201076,0.0,0.0,0.0,0.0,0.9995820991078721
1.16,,2,True,0.9995760671234387,0.9997950489137979,0.09612569551613297,-0.3095528312523638,-507.03612578458507,-295.626352087067,179.99999991951444,0.19017706529314915,1.0,0.0010565392521010295,-0.00017905581760265806,-1.1742743409595086e-09,60.000000079600206,100.0,0.1436093844483287,0.8333333333333334,0.0011959200437768977,0.0,-0.00020657103776766599,0.9996011255470839,0.9996036572507432,60.0,79.0,0.00020863462509216173,0.79,1.625055547300536e-06,0.9996174309883621,-45.00000000142059,0.0,-0.5625,0.0,-0.0001952268300176039,-9.02778525913373e-10,45.650000000000006,60.000000087412204,0.0,0.0,0.0,0.0,0.9995820991078721
1.18,,2,True,0.9995760671487782,0.9997950489326088,0.09612569069014762,-0.3095528328412047,-507.03612566722444,-295.6263133522222,180.00000003116307,0.1901770654111103,1.0,0.0010565392521010295,-0.0001790458147459396,-6.893250310230445e-10,60.0000000466926,100.0,0.14363512830162561,0.8333333333333334,0.0011963324570898185,0.0,-0.00020657103776766599,0.9996007597829178,0.9996036572507432,60.0,79.0,0.00022161957792153324,0.79,1.8095718287489686e-06,0.9996174309883621,-45.000000001133486,0.0,-0.5625,0.0,-0.0001952158454760849,-4.5712056010484026e-10,45.650000000000006,60.00000004425859,0.0,0.0,0.0,0.0,0.9995820991078721
1.2,,2,True,0.9995760671686379,0.9997950489474347,0.09612568162743446,-0.3095528401046404,-507.03612569471545,-295.6262827917845,179.99999999303265,0.19017706537082402,1.0,0.0010565392521010295,-0.00017903994718090576,-4.0470652346198645e-10,60.00000002738043,100.0,0.1436544344724668,0.8333333333333334,0.0011966459298016828,0.0,-0.00020657103776766599,0.9996004578417556,0.9996036572507432,60.0,79.0,0.00023287285462474398,0.79,1.972221408935514e-06,0.9996174309883621,-45.0000000008999,0.0,-0.5625,0.0,-0.000195210283777832,-2.3146721518027272e-10,45.650000000000006,60.00000002236184,0.0,0.0,0.0,0.0,0.9995820991078721
1.22,,2,True,0.9995760671843142,0.9997950489591957,0.09612568057903217,-0.3095528414461551,-507.0361256818785,-295.62625855960886,180.00000000505347,0.19017706538352452,1.0,0.0010565392521010295,-0.00017903650645477234,-2.376605187601748e-10,60.000000016053505,100.0,0.14366891276009003,0.8333333333333334,0.00119688310853612,0.0,-0.00020657103776766599,0.9996002139825159,0.9996036572507432,60.0,79.0,0.00024262541631592412,0.79,2.1148242638602844e-06,0.9996174309883621,-45.000000000721066,0.0,-0.5625,0.0,-0.00019520747370683602,-1.1730338168125324e-10,45.650000000000006,60.000000011282005,0.0,0.0,0.0,0.0,0.9995820991078721
1.24,,2,True,0.9995760671967371,0.999795048968567,0.09612567654938767,-0.3095528417450523,-507.0361256832307,-295.62623924728837,180.00000000050164,0.19017706537871532,1.0,0.0010565392521010295,-0.0001790344891119091,-1.3960652241575294e-10,60.00000000940879,100.0,0.14367977042358246,0.8333333333333334,0.0011970620241017684,0.0,-0.00020657103776766599,0.9996000202312251,0.9996036572507432,60.0,79.0,0.0002510774128449222,0.79,2.2393962235798674e-06,0.9996174309883621,-45.00000000057991,0.0,-0.5625,0.0,-0.00019520605596845861,-5.954836009950936e-11,45.650000000000006,60.000000005683006,0.0,0.0,0.0,0.0,0.9995820991078721
1.26,,2,True,0.9995760672066358,0.9997950489760743,0.09612567456363785,-0.3095528406266267,-507.0361256757776,-295.62622377762506,180.00000000159412,0.19017706537986956,1.0,0.0010565392521010295,-0.00017903330676857952,-8.204325024658108e-11,60.000000005511914,100.0,0.14368791284205168,0.8333333333333334,0.0011971967221491445,0.0,-0.00020657103776766599,0.9995998681973375,0.9996036572507432,60.0,79.0,0.00025840229604625644,0.79,2.347947385527609e-06,0.9996174309883621,-45.0000000004692,0.0,-0.5625,0.0,-0.00019520534182114019,-3.0317844487354054e-11,45.650000000000006,60.00000000285643,0.0,0.0,0.0,0.0,0.9995820991078721
1.28,,2,True,0.9995760672145572,0.9997950489821168,0.09612567095004124,-0.30955284369466246,-507.03612567516126,-295.62621132368946,180.00000000089364,0.1901770653791295,1.0,0.0010565392521010295,-0.0001790326141209837,-4.8243751114449433e-11,60.00000000322667,100.0,0.14369401899912232,0.8333333333333334,0.0011972979979164543,0.0,-0.00020657103776766599,0.9995997500373954,0.9996036572507432,60.0,79.0,0.00026475038164608855,0.79,2.4423776155015912e-06,0.9996174309883621,-45.000000000381284,0.0,-0.5625,0.0,-0.0001952049828705868,-1.550961565149596e-11,45.650000000000006,60.00000000143062,0.0,0.0,0.0,0.0,0.9995820991078721
1.3,,2,True,0.999576067220939,0.9997950489870104,0.09612566965469205,-0.30955284510846376,-507.03612567260905,-295.62620124129734,180.00000000086195,0.19017706537909604,1.0,0.0010565392521010295,-0.00017903220864625737,-2.8392850197366217e-11,60.000000001886974,100.0,0.14369859809438995,0.8333333333333334,0.0011973740781212369,0.0,-0.00020657103776766599,0.9995996588862768,0.9996036572507432,60.0,79.0,0.00027025193637261226,0.79,2.524428095885309e-06,0.9996174309883621,-45.00000000031165,0.0,-0.5625,0.0,-0.0001952048030933989,-7.99548814497572e-12,45.650000000000006,60.00000000071225,0.0,0.0,0.0,0.0,0.9995820991078721
1.32,,2,True,0.9995760672260989,0.99979504899099,0.09612567025359613,-0.3095528434119105,-507.03612567308755,-295.6261930388629,180.00000000066095,0.19017706537888354,1.0,0.0010565392521010295,-0.00017903197152183072,-1.6730034752519187e-11,60.00000000110184,100.0,0.14370203199768847,0.8333333333333334,0.0011974311977872433,0.0,-0.00020657103776766599,0.9995995889795647,0.9996036572507432,60.0,79.0,0.0002750198524984122,0.79,2.5956646030216345e-06,0.9996174309883621,-45.00000000025587,0.0,-0.5625,0.0,-0.00019520471358954106,-4.17234356140055e-12,45.650000000000006,60.00000000035092,0.0,0.0,0.0,0.0,0.9995820991078721
1.34,,2,True,0.9995760672302955,0.9997950489942444,0.09612566974113224,-0.30955284590894916,-507.03612567131404,-295.6261863321533,180.00000000055908,0.19017706537877602,1.0,0.0010565392521010295,-0.0001790318330600874,-9.874618420255323e-12,60.00000000064199,100.0,0.14370460708899796,0.8333333333333334,0.001197474065550657,0.0,-0.00020657103776766599,0.9995995356116042,0.9996036572507432,60.0,79.0,0.00027915196578161576,0.79,2.6574781718066296e-06,0.9996174309883621,-45.00000000021113,0.0,-0.5625,0.0,-0.00019520466949088077,-2.218788515805275e-12,45.650000000000006,60.000000000169734,0.0,0.0,0.0,0.0,0.9995820991078721
1.36,,2,True,0.9995760672337307,0.9997950489969204,0.09612566685382762,-0.3095528451047112,-507.036125669345,-295.626180819332,180.00000000045745,0.19017706537866855,1.0,0.0010565392521010295,-0.0001790317523851533,-5.842248348725307e-12,60.00000000037283,100.0,0.14370653813573742,0.8333333333333334,0.0011975062289794867,0.0,-0.00020657103776766599,0.9995994950172752,0.9996036572507432,60.0,79.0,0.0002827330638419629,0.79,2.7110947662104407e-06,0.9996174309883621,-45.00000000017507,0.0,-0.5625,0.0,-0.00019520464816106942,-1.2136774698714379e-12,45.650000000000006,60.00000000007932,0.0,0.0,0.0,0.0,0.9995820991078721
1.3800000000000001,,2,True,0.9995760672365508,0.9997950489991301,0.0961256666240647,-0.3095528460792666,-507.03612566822443,-295.6261762659579,180.00000000038165,0.1901770653785885,1.0,0.0010565392521010295,-0.0001790317055341732,-3.4681934214704207e-12,60.000000000215444,100.0,0.14370798619994204,0.8333333333333334,0.0011975303567219827,0.0,-0.00020657103776766599,0.9995994642279921,0.9996036572507432,60.0,79.0,0.0002858366266246141,0.79,2.757589115094116e-06,0.9996174309883621,-45.00000000014577,0.0,-0.5625,0.0,-0.00019520463819387815,-6.909414530725182e-13,45.650000000000006,60.00000000003455,0.0,0.0,0.0,0.0,0.9995820991078721
1.4000000000000001,,2,True,0.9995760672388767,0.9997950490009625,0.09612566816085519,-0.30955284918092274,-507.0361256698114,-295.62617248878394,180.00000000031767,0.19017706537852094,1.0,0.0010565392521010295,-0.0001790316784605727,-2.0686606162858806e-12,60.00000000012357,100.0,0.14370907206766648,0.8333333333333334,0.0011975484541940833,0.0,-0.00020657103776766599,0.9995994409288737,0.9996036572507432,60.0,79.0,0.0002885263346688908,0.79,2.797899975554926e-06,0.9996174309883621,-45.00000000012183,0.0,-0.5625,0.0,-0.0001952046338529437,-4.1457089956839543e-13,45.650000000000006,60.00000000001272,0.0,0.0,0.0,0.0,0.9995820991078721
1.42,,2,True,0.9995760672408079,0.9997950490024886,0.09612566432007133,-0.3095528489682756,-507.03612566813814,-295.62616934254345,180.00000000026634,0.19017706537846674,1.0,0.0010565392521010295,-0.00017903166293221936,-1.2421112485993524e-12,60.0000000000701,100.0,0.14370988632045154,0.8333333333333334,0.0011975620273789853,0.0,-0.00020657103776766599,0.9995994233299083,0.9996036572507432,60.0,79.0,0.00029085737611908526,0.79,2.8328453240085185e-06,0.9996174309883621,-45.00000000010223,0.0,-0.5625,0.0,-0.000195204632254783,-2.647641120422184e-13,45.650000000000006,60.00000000000239,0.0,0.0,0.0,0.0,0.9995820991078721
1.44,,2,True,0.9995760672424115,0.9997950490037635,0.09612566123895476,-0.3095528519641275,-507.0361256674263,-295.62616671371796,180.0000000002234,0.1901770653784213,1.0,0.0010565392521010295,-0.00017903165412274074,-7.526385349366488e-13,60.000000000039066,100.0,0.14371049688784474,0.8333333333333334,0.0011975722066913741,0.0,-0.00020657103776766599,0.9995994100558919,0.9996036572507432,60.0,79.0,0.0002928775793665031,0.79,2.8631366988814522e-06,0.9996174309883621,-45.00000000008599,0.0,-0.5625,0.0,-0.0001952046319552068,-1.8056697493260881e-13,45.650000000000006,59.99999999999773,0.0,0.0,0.0,0.0,0.9995820991078721
1.46,,2,True,0.9995760672437624,0.9997950490048383,0.09612566591158793,-0.30955285024954626,-507.0361256641475,-295.6261645041329,180.000000000189,0.19017706537838502,1.0,0.0010565392521010295,-0.00017903164921408282,-4.617438768572453e-13,60.000000000021146,100.0,0.14371095471231715,0.8333333333333334,0.0011975798403783735,0.0,-0.00020657103776766599,0.9995994000556198,0.9996036572507432,60.0,79.0,0.0002946283946311176,0.79,2.8893923367948836e-06,0.9996174309883621,-45.00000000007277,0.0,-0.5625,0.0,-0.00019520463224000702,-1.3092961907505185e-13,45.650000000000006,59.999999999995865,0.0,0.0,0.0,0.0,0.9995820991078721
1.48,,2,True,0.9995760672448859,0.9997950490057393,0.09612566284479726,-0.30955284850550285,-507.0361256658892,-295.6261626426502,180.00000000015936,0.1901770653783537,1.0,0.0010565392521010295,-0.0001790316465570317,-2.8798047898106824e-13,60.00000000001084,100.0,0.14371129799641222,0.8333333333333334,0.0011975855648238417,0.0,-0.00020657103776766599,0.999599392528719,0.9996036572507432,60.0,79.0,0.00029614574450283806,0.79,2.912148980601401e-06,0.9996174309883621,-45.0000000000616,0.0,-0.5625,0.0,-0.0001952046327592717,-9.991508731194324e-14,45.650000000000006,59.9999999999953,0.0,0.0,0.0,0.0,0.9995820991078721
1.5,,2,True,0.9995760672458346,0.9997950490065014,0.09612566058601214,-0.30955285206767347,-507.03612566705107,-295.626161072499,180.00000000013497,0.19017706537832801,1.0,0.0010565392521010295,-0.0001790316451948039,-1.8351922813375287e-13,60.00000000000505,100.0,0.14371155538917973,0.8333333333333334,0.0011975898573969718,0.0,-0.00020657103776766599,0.9995993868676895,0.9996036572507432,60.0,79.0,0.0002974607612593518,0.79,2.931872366372193e-06,0.9996174309883621,-45.00000000005222,0.0,-0.5625,0.0,-0.00019520463334968694,-7.933731171733306e-14,45.650000000000006,59.99999999999541,0.0,0.0,0.0,0.0,0.9995820991078721
1.52,,2,True,0.9995760672466437,0.999795049007151,0.09612566138653438,-0.3095528497671976,-507.0361256659502,-295.62615973812854,180.00000000011548,0.19017706537830728,1.0,0.0010565392521010295,-0.00017903164456028138,-1.2004784341016404e-13,60.000000000001826,100.0,0.1437117483748558,0.8333333333333334,0.0011975930761534016,0.0,-0.00020657103776766599,0.9995993826125571,0.9996036572507432,60.0,79.0,0.0002986004256277115,0.79,2.948966464860723e-06,0.9996174309883621,-45.000000000044594,0.0,-0.5625,0.0,-0.00019520463392623527,-6.471216979949718e-14,45.650000000000006,59.999999999995765,0.0,0.0,0.0,0.0,0.9995820991078721
1.54,,2,True,0.9995760672473243,0.999795049007701,0.09612566249179282,-0.3095528504080439,-507.0361256654991,-295.62615860391105,180.0000000000982,0.19017706537828902,1.0,0.0010565392521010295,-0.00017903164433121549,-8.099540970579524e-14,60.00000000000008,100.0,0.14371189306435936,0.8333333333333334,0.0011975954896386001,0.0,-0.00020657103776766599,0.9995993794157264,0.9996036572507432,60.0,79.0,0.0002995881203658676,0.79,2.9637815814272797e-06,0.9996174309883621,-45.00000000003808,0.0,-0.5625,0.0,-0.00019520463445881484,-5.377478598835899e-14,45.650000000000006,59.9999999999962,0.0,0.0,0.0,0.0,0.9995820991078721
1.56,,2,True,0.9995760672479006,0.9997950490081673,0.09612566296133719,-0.30955284884142203,-507.03612566430087,-295.62615764181214,180.00000000008353,0.1901770653782736,1.0,0.0010565392521010295,-0.00017903164432088442,-5.655976685202873e-14,59.999999999999226,100.0,0.14371200153945396,0.8333333333333334,0.0011975972992541307,0.0,-0.00020657103776766599,0.999599377014931,0.9996036572507432,60.0,79.0,0.0003004441101783999,0.79,2.976621430319838e-06,0.9996174309883621,-45.00000000003246,0.0,-0.5625,0.0,-0.00019520463493661724,-4.5246811654709273e-14,45.650000000000006,59.99999999999667,0.0,0.0,0.0,0.0,0.9995820991078721
1.58,,2,True,0.9995760672483912,0.9997950490085664,0.09612566099411152,-0.30955284959531854,-507.03612566557615,-295.6261568178493,180.0000000000717,0.19017706537826107,1.0,0.0010565392521010295,-0.00017903164441834197,-4.088440762090499e-14,59.99999999999878,100.0,0.14371208286031661,0.8333333333333334,0.0011975986560414569,0.0,-0.00020657103776766599,0.9995993752125306,0.9996036572507432,60.0,79.0,0.0003011859575250605,0.79,2.9877492989055025e-06,0.9996174309883621,-45.000000000027796,0.0,-0.5625,0.0,-0.00019520463535591202,-3.834605185171378e-14,45.650000000000006,59.99999999999706,0.0,0.0,0.0,0.0,0.9995820991078721
1.6,,2,True,0.9995760672488135,0.9997950490089097,0.09612566218045868,-0.30955285014144557,-507.0361256679413,-295.6261561127305,180.00000000006136,0.19017706537825013,1.0,0.0010565392521010295,-0.00017903164457126468,-3.064728559842631e-14,59.99999999999864,100.0,0.14371214382082104,0.8333333333333334,0.0011975996732720476,0.0,-0.00020657103776766599,0.999599373859733,0.9996036572507432,60.0,79.0,0.00030182888289787956,0.79,2.9973934094435437e-06,0.9996174309883621,-45.000000000023846,0.0,-0.5625,0.0,-0.00019520463572483994,-3.2713906710822945e-14,45.650000000000006,59.99999999999742,0.0,0.0,0.0,0.0,0.9995820991078721
1.62,,2,True,0.9995760672491746,0.999795049009203,0.09612566458404444,-0.3095528492185713,-507.0361256626254,-295.6261555097887,180.000000000053,0.19017706537824133,1.0,0.0010565392521010295,-0.0001790316447422339,-2.3720649684281194e-14,59.99999999999871,100.0,0.14371218951551326,0.8333333333333334,0.0011976004358894448,0.0,-0.00020657103776766599,0.9995993728446082,0.9996036572507432,60.0,79.0,0.0003023860771590235,0.79,3.0057515772576442e-06,0.9996174309883621,-45.00000000002057,0.0,-0.5625,0.0,-0.00019520463604850766,-2.8051066501390634e-14,45.650000000000006,59.99999999999782,0.0,0.0,0.0,0.0,0.9995820991078721
1.6400000000000001,,2,True,0.9995760672494791,0.999795049009452,0.09612566201435857,-0.3095528495229701,-507.03612566519774,-295.6261549938569,180.00000000004485,0.19017706537823262,1.0,0.0010565392521010295,-0.00017903164490432318,-1.8754230698148598e-14,59.99999999999873,100.0,0.14371222376452336,0.8333333333333334,0.0011976010075926944,0.0,-0.00020657103776766599,0.9995993720830099,0.9996036572507432,60.0,79.0,0.0003028689721862359,0.79,3.0129952549906806e-06,0.9996174309883621,-45.000000000017515,0.0,-0.5625,0.0,-0.00019520463632244093,-2.3995530212652182e-14,45.650000000000006,59.99999999999807,0.0,0.0,0.0,0.0,0.9995820991078721
1.6600000000000001,,2,True,0.9995760672497431,0.9997950490096681,0.09612566449504084,-0.30955284774529535,-507.03612566527846,-295.62615454868285,180.00000000003925,0.19017706537822676,1.0,0.0010565392521010295,-0.00017903164506411016,-1.5247202046290115e-14,59.99999999999885,100.0,0.14371224943266914,0.8333333333333334,0.0011976014361485278,0.0,-0.00020657103776766599,0.9995993715117102,0.9996036572507432,60.0,79.0,0.00030328747552695837,0.79,3.0192730417393517e-06,0.9996174309883621,-45.00000000001519,0.0,-0.5625,0.0,-0.0001952046365644783,-2.0649015524025835e-14,45.650000000000006,59.99999999999834,0.0,0.0,0.0,0.0,0.9995820991078721
1.68,,2,True,0.9995760672499671,0.9997950490098516,0.09612566275278323,-0.30955284727959953,-507.0361256645729,-295.62615416986506,180.00000000003322,0.19017706537822043,1.0,0.0010565392521010295,-0.00017903164520871446,-1.2590915397318036e-14,59.999999999999,100.0,0.143712268667718,0.8333333333333334,0.0011976017573770519,0.0,-0.00020657103776766599,0.9995993710832193,0.9996036572507432,60.0,79.0,0.0003036501734869398,0.79,3.0247137271514444e-06,0.9996174309883621,-45.000000000012996,0.0,-0.5625,0.0,-0.00019520463677373033,-1.7784660178233152e-14,45.650000000000006,59.99999999999858,0.0,0.0,0.0,0.0,0.9995820991078721
1.7,,2,True,0.999576067250165,0.9997950490100134,0.09612565928739332,-0.3095528508626785,-507.0361256639824,-295.626153836819,180.0000000000294,0.19017706537821635,1.0,0.0010565392521010295,-0.00017903164533485564,-1.0486639984546285e-14,59.99999999999906,100.0,0.14371228308036224,0.8333333333333334,0.001197601998137351,0.0,-0.00020657103776766599,0.999599370761879,0.9996036572507432,60.0,79.0,0.0003039645075000762,0.79,3.0294289302386256e-06,0.9996174309883621,-45.0000000000114,0.0,-0.5625,0.0,-0.0001952046369522773,-1.529092579257745e-14,45.650000000000006,59.99999999999874,0.0,0.0,0.0,0.0,0.9995820991078721
1.72,,2,True,0.9995760672503319,0.9997950490101501,0.09612566197037405,-0.3095528497519781,-507.03612566688366,-295.6261535549012,180.00000000002447,0.19017706537821116,1.0,0.0010565392521010295,-0.0001790316454519657,-8.893868388507573e-15,59.9999999999992,100.0,0.14371229387787499,0.8333333333333334,0.0011976021785701848,0.0,-0.00020657103776766599,0.9995993705209227,0.9996036572507432,60.0,79.0,0.0003042369266181191,0.79,3.03351538814348e-06,0.9996174309883621,-45.00000000000959,0.0,-0.5625,0.0,-0.00019520463711030428,-1.321872541687651e-14,45.650000000000006,59.99999999999891,0.0,0.0,0.0,0.0,0.9995820991078721
1.74,,2,True,0.9995760672504744,0.9997950490102678,0.09612566090881182,-0.30955285086743606,-507.03612566622195,-295.6261533106215,180.00000000002174,0.1901770653782083,1.0,0.0010565392521010295,-0.00017903164555327692,-7.56938966736452e-15,59.99999999999931,100.0,0.14371230196599755,0.8333333333333334,0.0011976023137762382,0.0,-0.00020657103776766599,0.9995993703402625,0.9996036572507432,60.0,79.0,0.0003044730200607016,0.79,3.037056939358564e-06,0.9996174309883621,-45.00000000000842,0.0,-0.5625,0.0,-0.00019520463724690556,-1.1427184868151685e-14,45.650000000000006,59.99999999999907,0.0,0.0,0.0,0.0,0.9995820991078721
1.76,,2,True,0.9995760672506037,0.9997950490103719,0.09612566022279224,-0.3095528520775424,-507.0361256619444,-295.62615310024,180.00000000001867,0.1901770653782051,1.0,0.0010565392521010295,-0.00017903164564005028,-6.449440265049996e-15,59.999999999999424,100.0,0.14371230802332316,0.8333333333333334,0.0011976024150797755,0.0,-0.00020657103776766599,0.999599370204825,0.9996036572507432,60.0,79.0,0.0003046776316464578,0.79,3.0401262438579448e-06,0.9996174309883621,-45.00000000000729,0.0,-0.5625,0.0,-0.00019520463736398915,-9.862472424336897e-15,45.650000000000006,59.999999999999226,0.0,0.0,0.0,0.0,0.9995820991078721
1.78,,2,True,0.9995760672507058,0.999795049010457,0.0961256621100174,-0.3095528522206878,-507.036125664432,-295.6261529217655,180.00000000001538,0.1901770653782016,1.0,0.0010565392521010295,-0.00017903164571239185,-5.47406813823424e-15,59.99999999999946,100.0,0.1437123125586968,0.8333333333333334,0.001197602490970401,0.0,-0.00020657103776766599,0.9995993701033019,0.9996036572507432,60.0,79.0,0.0003048549593130495,0.79,3.042786272900598e-06,0.9996174309883621,-45.000000000006125,0.0,-0.5625,0.0,-0.0001952046374615679,-8.456744676589952e-15,45.650000000000006,59.9999999999993,0.0,0.0,0.0,0.0,0.9995820991078721
1.8,,2,True,0.9995760672507997,0.999795049010535,0.09612566320809629,-0.30955285026818274,-507.03612566380997,-295.62615276122386,180.00000000001458,0.1901770653782007,1.0,0.0010565392521010295,-0.00017903164578031934,-4.732763876335295e-15,59.99999999999953,100.0,0.1437123159539387,0.8333333333333334,0.0011976025478131038,0.0,-0.00020657103776766599,0.9995993700272099,0.9996036572507432,60.0,79.0,0.0003050086412953215,0.79,3.045091600992557e-06,0.9996174309883621,-45.00000000000553,0.0,-0.5625,0.0,-0.00019520463754987407,-7.325157990257053e-15,45.650000000000006,59.99999999999938,0.0,0.0,0.0,0.0,0.9995820991078721
1.82,,2,True,0.9995760672508809,0.999795049010601,0.09612565975909683,-0.3095528504486811,-507.0361256671371,-295.62615262507853,180.00000000001154,0.19017706537819762,1.0,0.0010565392521010295,-0.00017903164583952014,-4.0981098716383165e-15,59.99999999999958,100.0,0.1437123184946414,0.8333333333333334,0.0011976025903812967,0.0,-0.00020657103776766599,0.9995993699701862,0.9996036572507432,60.0,79.0,0.00030514183055398375,0.79,3.0470895257768203e-06,0.9996174309883621,-45.000000000004626,0.0,-0.5625,0.0,-0.00019520463762757358,-6.3642366520972704e-15,45.650000000000006,59.99999999999945,0.0,0.0,0.0,0.0,0.9995820991078721
1.84,,2,True,0.9995760672509497,0.9997950490106579,0.09612566187358425,-0.3095528504777867,-507.0361256670234,-295.6261525079864,180.00000000001043,0.1901770653781963,1.0,0.0010565392521010295,-0.0001790316458922821,-3.568454342133525e-15,59.99999999999966,100.0,0.1437123203954122,0.8333333333333334,0.0011976026222516542,0.0,-0.00020657103776766599,0.9995993699274582,0.9996036572507432,60.0,79.0,0.0003052572597364014,0.79,3.0488210376820274e-06,0.9996174309883621,-45.00000000000404,0.0,-0.5625,0.0,-0.00019520463769644742,-5.551126764516782e-15,45.650000000000006,59.999999999999545,0.0,0.0,0.0,0.0,0.9995820991078721
1.86,,2,True,0.9995760672510084,0.9997950490107066,0.09612566316808989,-0.3095528502693733,-507.03612566665174,-295.6261524073114,180.00000000000887,0.19017706537819468,1.0,0.0010565392521010295,-0.00017903164593522123,-3.067415786870402e-15,59.99999999999971,100.0,0.14371232181684698,0.8333333333333334,0.0011976026461067114,0.0,-0.00020657103776766599,0.9995993698954474,0.9996036572507432,60.0,79.0,0.0003053572970436987,0.79,3.050321661554822e-06,0.9996174309883621,-45.00000000000348,0.0,-0.5625,0.0,-0.00019520463775386668,-4.799644554723629e-15,45.650000000000006,59.999999999999616,0.0,0.0,0.0,0.0,0.9995820991078721
1.8800000000000001,,2,True,0.9995760672510619,0.99979504901075,0.09612566140765876,-0.3095528536090551,-507.0361256672236,-295.6261523189087,180.0000000000079,0.19017706537819368,1.0,0.0010565392521010295,-0.00017903164597167878,-2.6307240884432074e-15,59.99999999999973,100.0,0.14371232287934593,0.8333333333333334,0.0011976026639568848,0.0,-0.00020657103776766599,0.9995993698714699,0.9996036572507432,60.0,79.0,0.0003054439949094485,0.79,3.051622185107688e-06,0.9996174309883621,-45.00000000000305,0.0,-0.5625,0.0,-0.00019520463780206836,-4.12690469611158e-15,45.650000000000006,59.99999999999966,0.0,0.0,0.0,0.0,0.9995820991078721
1.9000000000000001,,2,True,0.9995760672511028,0.9997950490107846,0.09612566159852577,-0.3095528506557048,-507.03612566722137,-295.6261522441571,180.0000000000064,0.190177065378192,1.0,0.0010565392521010295,-0.0001790316460050942,-2.2846928335781645e-15,59.99999999999978,100.0,0.14371232367308265,0.8333333333333334,0.0011976026773090505,0.0,-0.00020657103776766599,0.9995993698535134,0.9996036572507432,60.0,79.0,0.00030551913206648554,0.79,3.052749290702407e-06,0.9996174309883621,-45.00000000000257,0.0,-0.5625,0.0,-0.00019520463784541346,-3.578691962222527e-15,45.650000000000006,59.99999999999971,0.0,0.0,0.0,0.0,0.9995820991078721
1.92,,2,True,0.9995760672511422,0.9997950490108176,0.09612566172947164,-0.30955284946816575,-507.03612566633325,-295.6261521772501,180.0000000000061,0.1901770653781918,1.0,0.0010565392521010295,-0.00017903164603265826,-1.964864576817755e-15,59.99999999999981,100.0,0.1437123242657606,0.8333333333333334,0.0011976026872923696,0.0,-0.00020657103776766599,0.999599369840069,0.9996036572507432,60.0,79.0,0.0003055842501010299,0.79,3.0537261026873864e-06,0.9996174309883621,-45.0000000000023,0.0,-0.5625,0.0,-0.00019520463788192448,-3.0861752360351453e-15,45.650000000000006,59.99999999999975,0.0,0.0,0.0,0.0,0.9995820991078721
1.94,,2,True,0.9995760672511768,0.9997950490108454,0.09612566646823598,-0.3095528471969837,-507.03612566612054,-295.62615212001174,180.00000000000503,0.19017706537819065,1.0,0.0010565392521010295,-0.00017903164605670996,-1.6944005870716933e-15,59.99999999999983,100.0,0.143712324707851,0.8333333333333334,0.0011976026947535206,0.0,-0.00020657103776766599,0.9995993698300057,0.9996036572507432,60.0,79.0,0.00030564068497749696,0.79,3.0545726620165515e-06,0.9996174309883621,-45.00000000000202,0.0,-0.5625,0.0,-0.00019520463791354147,-2.663522871539466e-15,45.650000000000006,59.99999999999978,0.0,0.0,0.0,0.0,0.9995820991078721
1.96,,2,True,0.9995760672512028,0.9997950490108676,0.09612565849542307,-0.3095528504103258,-507.03612566764747,-295.6261520734659,180.00000000000392,0.1901770653781894,1.0,0.0010565392521010295,-0.000179031646078217,-1.4713265321838869e-15,59.99999999999986,100.0,0.1437123250373871,0.8333333333333334,0.0011976027003261396,0.0,-0.00020657103776766599,0.9995993698224755,0.9996036572507432,60.0,79.0,0.000305689594549477,0.79,3.055306337119919e-06,0.9996174309883621,-45.00000000000158,0.0,-0.5625,0.0,-0.00019520463794123677,-2.3052504320459755e-15,45.650000000000006,59.99999999999981,0.0,0.0,0.0,0.0,0.9995820991078721
1.98,,2,True,0.9995760672512319,0.9997950490108904,0.09612566046225583,-0.3095528484925062,-507.0361256656667,-295.6261520291361,180.00000000000423,0.19017706537818985,1.0,0.0010565392521010295,-0.0001790316460961336,-1.2675550706739262e-15,59.99999999999988,100.0,0.14371232528294708,0.8333333333333334,0.001197602704485516,0.0,-0.00020657103776766599,0.9995993698168429,0.9996036572507432,60.0,79.0,0.00030573198233004956,0.79,3.0559421804698593e-06,0.9996174309883621,-45.000000000001556,0.0,-0.5625,0.0,-0.00019520463796506973,-1.9929888222473388e-15,45.650000000000006,59.99999999999984,0.0,0.0,0.0,0.0,0.9995820991078721
2.0,,2,True,0.9995760672512506,0.9997950490109069,0.09612566232042036,-0.30955284876700806,-507.0361256668,-295.62615199314433,180.00000000000287,0.19017706537818832,1.0,0.0010565392521010295,-0.00017903164611139295,-1.089671646537488e-15,59.99999999999988,100.0,0.14371232546551174,0.8333333333333334,0.001197602707588371,0.0,-0.00020657103776766599,0.9995993698126315,0.9996036572507432,60.0,79.0,0.0003057687178988038,0.79,3.0564932376021136e-06,0.9996174309883621,-45.00000000000121,0.0,-0.5625,0.0,-0.00019520463798604484,-1.7289216253189416e-15,45.650000000000006,59.99999999999986,0.0,0.0,0.0,0.0,0.9995820991078721
