hour,pv_kw,pv_kvar,controller_type,q_limit_kvar,v_ref_pu,droop_kvar_per_pu
0,0.0,0.0,volt_var,30.0,1.0,360
1,0.0,0.0,volt_var,30.0,1.0,360
2,0.0,0.0,volt_var,30.0,1.0,360
3,0.0,0.0,volt_var,30.0,1.0,360
4,0.0,0.0,volt_var,30.0,1.0,360
5,0.0,0.0,volt_var,30.0,1.0,360
6,0.0,0.0,volt_var,30.0,1.0,360
7,0.0,0.0,volt_var,30.0,1.0,360
8,19.999999999999996,0.0,volt_var,30.0,1.0,360
9,40.00000000000001,0.0,volt_var,30.0,1.0,360
10,60.0,0.0,volt_var,30.0,1.0,360
11,80.00000000000001,0.0,volt_var,30.0,1.0,360
12,100.0,0.0,volt_var,30.0,1.0,360
13,120.0,0.0,volt_var,30.0,1.0,360
14,100.0,0.0,volt_var,30.0,1.0,360
15,80.00000000000001,0.0,volt_var,30.0,1.0,360
16,60.0,0.0,volt_var,30.0,1.0,360
17,40.00000000000001,0.0,volt_var,30.0,1.0,360
18,19.999999999999996,0.0,volt_var,30.0,1.0,360
19,0.0,0.0,volt_var,30.0,1.0,360
20,0.0,0.0,volt_var,30.0,1.0,360
21,0.0,0.0,volt_var,30.0,1.0,360
22,0.0,0.0,volt_var,30.0,1.0,360
23,0.0,0.0,volt_var,30.0,1.0,360
