timestamp,bus,node,v_pu,angle_deg
2026-01-01 00:00:00,sourcebus,1,1.0000472387846595,29.9961291630813
2026-01-01 00:00:00,sourcebus,2,1.0000649255479732,-90.00493457868133
2026-01-01 00:00:00,sourcebus,3,1.0000400028879095,149.9947196931217
2026-01-01 00:00:00,650,1,1.0000196575670905,-0.006175938931906429
2026-01-01 00:00:00,650,2,1.0000539633255117,-120.00541378644445
2026-01-01 00:00:00,650,3,1.000040763725355,119.9926655473513
2026-01-01 00:00:00,rg60,1,1.0437124677173157,-0.007515858025888846
2026-01-01 00:00:00,rg60,2,1.0312697411564562,-120.00675596890048
2026-01-01 00:00:00,rg60,3,1.037487650105985,119.99098379596781
2026-01-01 00:00:00,633,1,1.022286977779546,-1.4113588594517932
2026-01-01 00:00:00,633,2,1.0296312902811968,-120.9751650262655
2026-01-01 00:00:00,633,3,1.0157475301106775,118.75484918215383
2026-01-01 00:00:00,634,1,1.0089208886011027,-1.7640114609700024
2026-01-01 00:00:00,634,2,1.0191290290697386,-121.21728454559216
2026-01-01 00:00:00,634,3,1.0050984040326916,118.50599414411234
2026-01-01 00:00:00,671,1,1.009752300979374,-2.8840408663323744
2026-01-01 00:00:00,671,2,1.0409163205611645,-121.26183029132373
2026-01-01 00:00:00,671,3,1.0034931058026628,117.80671377328055
2026-01-01 00:00:00,645,2,1.0256553608923602,-121.05254337666781
2026-01-01 00:00:00,645,3,1.0161372758820308,118.77031792501441
2026-01-01 00:00:00,646,2,1.0247039481867017,-121.09446869963425
2026-01-01 00:00:00,646,3,1.0150059870999384,118.79501659726279
2026-01-01 00:00:00,692,1,1.0097522956089415,-2.884040882840925
2026-01-01 00:00:00,692,2,1.0409163199629146,-121.26183046165244
2026-01-01 00:00:00,692,3,1.0034931017382571,117.80671370897119
2026-01-01 00:00:00,675,1,1.006536387581151,-3.062840507632245
2026-01-01 00:00:00,675,2,1.0428382086903083,-121.40298329506439
2026-01-01 00:00:00,675,3,1.0032308263737046,117.77892063677078
2026-01-01 00:00:00,611,3,1.002520427253028,117.60491539905065
2026-01-01 00:00:00,652,1,1.0054764615948402,-2.8432926020350107
2026-01-01 00:00:00,670,1,1.0194003179506257,-1.8752028400300844
2026-01-01 00:00:00,670,2,1.0336729937070253,-121.05638759743073
2026-01-01 00:00:00,670,3,1.0119036164246011,118.39800661031954
2026-01-01 00:00:00,632,1,1.02395667502366,-1.3778588789254547
2026-01-01 00:00:00,632,2,1.030727647562303,-120.95161019905166
2026-01-01 00:00:00,632,3,1.0172113600742572,118.75585237827968
2026-01-01 00:00:00,680,1,1.0101713975709288,-2.8377049026695844
2026-01-01 00:00:00,680,2,1.041037301648133,-121.2086934777881
2026-01-01 00:00:00,680,3,1.003791077862047,117.85816830412983
2026-01-01 00:00:00,684,1,1.0086169476859472,-2.884422602973404
2026-01-01 00:00:00,684,3,1.00299926455297,117.71801470443945
2026-01-01 01:00:00,sourcebus,1,1.0000527942066604,29.99640328259297
2026-01-01 01:00:00,sourcebus,2,1.000069584623828,-90.00458525367148
2026-01-01 01:00:00,sourcebus,3,1.0000462468492701,149.9950758956968
2026-01-01 01:00:00,650,1,1.0000277964315107,-0.005747109913564702
2026-01-01 01:00:00,650,2,1.0000597911592721,-120.00501767321175
2026-01-01 01:00:00,650,3,1.0000478604394003,119.99317052491016
2026-01-01 01:00:00,rg60,1,1.0374761921234863,-0.0070265701995125465
2026-01-01 01:00:00,rg60,2,1.0312792403343132,-120.0062903828576
2026-01-01 01:00:00,rg60,3,1.0374998777458615,119.99155952709201
2026-01-01 01:00:00,633,1,1.0179366893023318,-1.3312542271857046
2026-01-01 01:00:00,633,2,1.0302251498737796,-120.89900266067045
2026-01-01 01:00:00,633,3,1.0178586979018962,118.83628833473739
2026-01-01 01:00:00,634,1,1.0052306994235485,-1.666597334902043
2026-01-01 01:00:00,634,2,1.0202843585381018,-121.12681605977116
2026-01-01 01:00:00,634,3,1.0077945044720829,118.60284943148528
2026-01-01 01:00:00,671,1,1.0067513138270705,-2.7131230836449896
2026-01-01 01:00:00,671,2,1.0413491318592536,-121.14885226688465
2026-01-01 01:00:00,671,3,1.007211913011809,117.9551186963466
2026-01-01 01:00:00,645,2,1.02646431309327,-120.97224218447967
2026-01-01 01:00:00,645,3,1.0182225936837337,118.85053304335457
2026-01-01 01:00:00,646,2,1.0255637059850378,-121.0119252998349
2026-01-01 01:00:00,646,3,1.0171512565475367,118.87384737355202
2026-01-01 01:00:00,692,1,1.0067513087384778,-2.7131231104464786
2026-01-01 01:00:00,692,2,1.0413491312935002,-121.14885243879971
2026-01-01 01:00:00,692,3,1.0072119091795593,117.95511862527906
2026-01-01 01:00:00,675,1,1.0037710016997148,-2.8885355660414462
2026-01-01 01:00:00,675,2,1.0432411315076315,-121.28746106534659
2026-01-01 01:00:00,675,3,1.0070558007917634,117.925084141311
2026-01-01 01:00:00,611,3,1.0064476899842656,117.75623144933803
2026-01-01 01:00:00,652,1,1.0027175620329145,-2.6729311655726735
2026-01-01 01:00:00,670,1,1.0154419717112844,-1.7669023936673716
2026-01-01 01:00:00,670,2,1.03420162040844,-120.96855840845312
2026-01-01 01:00:00,670,3,1.0145291470841866,118.50380414180583
2026-01-01 01:00:00,632,1,1.0195270328093147,-1.2993464662389864
2026-01-01 01:00:00,632,2,1.0312597433762762,-120.87671887240522
2026-01-01 01:00:00,632,3,1.0192413481555784,118.836842267071
2026-01-01 01:00:00,680,1,1.0072489762044254,-2.657721375080022
2026-01-01 01:00:00,680,2,1.0414993397059975,-121.08519406709554
2026-01-01 01:00:00,680,3,1.0075700049176048,118.01716485759384
2026-01-01 01:00:00,684,1,1.0056785598146776,-2.7118200465448816
2026-01-01 01:00:00,684,3,1.0068225418911452,117.86712884265144
2026-01-01 02:00:00,sourcebus,1,1.0000562447388577,29.996626328789667
2026-01-01 02:00:00,sourcebus,2,1.000072796852063,-90.00432273950145
2026-01-01 02:00:00,sourcebus,3,1.0000501747763384,149.99533050332872
2026-01-01 02:00:00,650,1,1.000032653267533,-0.005424984644295129
2026-01-01 02:00:00,650,2,1.0000636666655163,-120.004703064018
2026-01-01 02:00:00,650,3,1.0000526075797946,119.99353449791683
2026-01-01 02:00:00,rg60,1,1.0374844547387663,-0.0066404673084785116
2026-01-01 02:00:00,rg60,2,1.0312857637492991,-120.00591675791615
2026-01-01 02:00:00,rg60,3,1.0375082574864902,119.99198284497217
2026-01-01 02:00:00,633,1,1.0190657329906492,-1.255463719215858
2026-01-01 02:00:00,633,2,1.0305985013148147,-120.84709098643216
2026-01-01 02:00:00,633,3,1.0194073532024472,118.89999886631026
2026-01-01 02:00:00,634,1,1.0068035403414646,-1.575042531258573
2026-01-01 02:00:00,634,2,1.0209830658340944,-121.06395716698144
2026-01-01 02:00:00,634,3,1.0096841495742714,118.67829838488387
2026-01-01 02:00:00,671,1,1.0086997027340847,-2.5580311725757316
2026-01-01 02:00:00,671,2,1.0416291763582,-121.06995856849623
2026-01-01 02:00:00,671,3,1.009967260496998,118.07195938948466
2026-01-01 02:00:00,645,2,1.026989162146194,-120.91787142217025
2026-01-01 02:00:00,645,3,1.019759136194214,118.91337700540674
2026-01-01 02:00:00,646,2,1.0261225582848281,-120.95606397376876
2026-01-01 02:00:00,646,3,1.0187278687438794,118.93576987673815
2026-01-01 02:00:00,692,1,1.0086996978510485,-2.558031205436327
2026-01-01 02:00:00,692,2,1.0416291758141007,-121.06995874146571
2026-01-01 02:00:00,692,3,1.0099672568191929,118.0719593139082
2026-01-01 02:00:00,675,1,1.0058851902815527,-2.7294955773035237
2026-01-01 02:00:00,675,2,1.0434952906184163,-121.2066950373855
2026-01-01 02:00:00,675,3,1.0098812788474607,118.04012045658172
2026-01-01 02:00:00,611,3,1.009342563849505,117.87510228852715
2026-01-01 02:00:00,652,1,1.0048100074301856,-2.5182831441161184
2026-01-01 02:00:00,670,1,1.0168043781740757,-1.6664091241108479
2026-01-01 02:00:00,670,2,1.0345413989543162,-120.90823037749061
2026-01-01 02:00:00,670,3,1.0164687032743744,118.5865333608333
2026-01-01 02:00:00,632,1,1.0205987391303168,-1.225128798118001
2026-01-01 02:00:00,632,2,1.0316000193808292,-120.82594572140603
2026-01-01 02:00:00,632,3,1.020740849421724,118.90020835207793
2026-01-01 02:00:00,680,1,1.009278149131476,-2.4933438098544913
2026-01-01 02:00:00,680,2,1.0418045435734324,-120.99586063352791
2026-01-01 02:00:00,680,3,1.0103881942895936,118.14445795298379
2026-01-01 02:00:00,684,1,1.007663033146987,-2.555677521974852
2026-01-01 02:00:00,684,3,1.0096477253795624,117.98453164325689
2026-01-01 03:00:00,sourcebus,1,1.0000566417039993,29.996704824577854
2026-01-01 03:00:00,sourcebus,2,1.0000732303414193,-90.00424365723892
2026-01-01 03:00:00,sourcebus,3,1.0000505988632589,149.99540748047087
2026-01-01 03:00:00,650,1,1.0000331353992924,-0.005322025607336751
2026-01-01 03:00:00,650,2,1.0000641553266005,-120.00459721796913
2026-01-01 03:00:00,650,3,1.0000531339626664,119.99363813457991
2026-01-01 03:00:00,rg60,1,1.0374855687371467,-0.006506883981391042
2026-01-01 03:00:00,rg60,2,1.0312868888290267,-120.00577902964659
2026-01-01 03:00:00,rg60,3,1.037509430260028,119.9921167559447
2026-01-01 03:00:00,633,1,1.0192370220600853,-1.2370434022516543
2026-01-01 03:00:00,633,2,1.0306592493337297,-120.82585830502742
2026-01-01 03:00:00,633,3,1.0195536570546306,118.92065683833836
2026-01-01 03:00:00,634,1,1.006972505710591,-1.556378848745345
2026-01-01 03:00:00,634,2,1.0210400206648749,-121.04256692676258
2026-01-01 03:00:00,634,3,1.0098274571756667,118.69915524309982
2026-01-01 03:00:00,671,1,1.0090316494060878,-2.520534570196002
2026-01-01 03:00:00,671,2,1.0417438789725944,-121.02776277781375
2026-01-01 03:00:00,671,3,1.0102481240175964,118.11374488159484
2026-01-01 03:00:00,645,2,1.0270504694429579,-120.89665819872253
2026-01-01 03:00:00,645,3,1.0199053930271698,118.93401481523279
2026-01-01 03:00:00,646,2,1.0261837883138636,-120.93485337674929
2026-01-01 03:00:00,646,3,1.018874006451182,118.95640511929092
2026-01-01 03:00:00,692,1,1.0090316445244938,-2.5205346029847915
2026-01-01 03:00:00,692,2,1.0417438784285522,-121.02776295078885
2026-01-01 03:00:00,692,3,1.0102481203405114,118.11374480605076
2026-01-01 03:00:00,675,1,1.00621752802259,-2.6918503517519254
2026-01-01 03:00:00,675,2,1.0436095671266654,-121.1645077625251
2026-01-01 03:00:00,675,3,1.0101628117604033,118.08191511313967
2026-01-01 03:00:00,611,3,1.009624201665398,117.91690780336855
2026-01-01 03:00:00,652,1,1.0051405106170364,-2.4807832220102943
2026-01-01 03:00:00,670,1,1.0170310773843778,-1.6417595477197113
2026-01-01 03:00:00,670,2,1.0346210709755006,-120.87996903019341
2026-01-01 03:00:00,670,3,1.0166606306247543,118.61417689400348
2026-01-01 03:00:00,632,1,1.0207702023819711,-1.2067406699057475
2026-01-01 03:00:00,632,2,1.0316612667218317,-120.80473153088185
2026-01-01 03:00:00,632,3,1.0208873444915698,118.92084512690809
2026-01-01 03:00:00,680,1,1.0096928388379396,-2.4465850644479765
2026-01-01 03:00:00,680,2,1.0419439304841192,-120.9430831547993
2026-01-01 03:00:00,680,3,1.0107293963488766,118.19659954776874
2026-01-01 03:00:00,684,1,1.0079944747541205,-2.518177599869032
2026-01-01 03:00:00,684,3,1.009928989031155,118.02632763193421
2026-01-01 04:00:00,sourcebus,1,1.0000524664851005,29.99656572001585
2026-01-01 04:00:00,sourcebus,2,1.0000695106140458,-90.0044406349934
2026-01-01 04:00:00,sourcebus,3,1.0000457766418056,149.99521683471616
2026-01-01 04:00:00,650,1,1.0000270673472513,-0.005549108111846819
2026-01-01 04:00:00,650,2,1.0000595790859315,-120.00480534846446
2026-01-01 04:00:00,650,3,1.0000473468096818,119.99334968325428
2026-01-01 04:00:00,rg60,1,1.0374759736761021,-0.006754093431147599
2026-01-01 04:00:00,rg60,2,1.0312799347985075,-120.00599630933017
2026-01-01 04:00:00,rg60,3,1.0374998079629643,119.99181410051335
2026-01-01 04:00:00,633,1,1.0179776534650882,-1.3049145177323305
2026-01-01 04:00:00,633,2,1.0302517762404804,-120.85047261036203
2026-01-01 04:00:00,633,3,1.0175952847792409,118.87626628631197
2026-01-01 04:00:00,634,1,1.005041481543887,-1.6472835378946054
2026-01-01 04:00:00,634,2,1.0201348840480553,-121.08320744844316
2026-01-01 04:00:00,634,3,1.0073497733238364,118.63764616339377
2026-01-01 04:00:00,671,1,1.0069490783528734,-2.6597399133095374
2026-01-01 04:00:00,671,2,1.0416108450040953,-121.04024590520147
2026-01-01 04:00:00,671,3,1.006813297165556,118.04221057542114
2026-01-01 04:00:00,645,2,1.0264171507462827,-120.92500798953316
2026-01-01 04:00:00,645,3,1.0179651221186137,118.8908734285761
2026-01-01 04:00:00,646,2,1.0254992673033632,-120.96544484799236
2026-01-01 04:00:00,646,3,1.0168733367880993,118.91463947975559
2026-01-01 04:00:00,692,1,1.0069490731666146,-2.6597399368289043
2026-01-01 04:00:00,692,2,1.041610844427724,-121.0402460766097
2026-01-01 04:00:00,692,3,1.0068132932585312,118.04221050672747
2026-01-01 04:00:00,675,1,1.0038872942615102,-2.836600295957714
2026-01-01 04:00:00,675,2,1.0435142365221812,-121.17982117337532
2026-01-01 04:00:00,675,3,1.0066243933174162,118.01310963124547
2026-01-01 04:00:00,611,3,1.0059820199159415,117.84237756494805
2026-01-01 04:00:00,652,1,1.0028381810545188,-2.6193140053091137
2026-01-01 04:00:00,670,1,1.0155618524316834,-1.7311552490938034
2026-01-01 04:00:00,670,2,1.0343112175506228,-120.89956805409854
2026-01-01 04:00:00,670,3,1.0142292141893563,118.55860996200454
2026-01-01 04:00:00,632,1,1.0195972961691138,-1.2723342711816263
2026-01-01 04:00:00,632,2,1.031304673027744,-120.82768414109158
2026-01-01 04:00:00,632,3,1.0190032158697384,118.87691772474588
2026-01-01 04:00:00,680,1,1.0076974155808849,-2.576584952425117
2026-01-01 04:00:00,680,2,1.0418345820107842,-120.94466374083106
2026-01-01 04:00:00,680,3,1.0073492300454419,118.135202623484
2026-01-01 04:00:00,684,1,1.0058564987730776,-2.6589500108831294
2026-01-01 04:00:00,684,3,1.0063904129307706,117.95397659888974
2026-01-01 05:00:00,sourcebus,1,1.0000389941931047,29.995993628673524
2026-01-01 05:00:00,sourcebus,2,1.0000573491836242,-90.00519238164395
2026-01-01 05:00:00,sourcebus,3,1.0000302443581215,149.9944898589698
2026-01-01 05:00:00,650,1,1.0000076315987758,-0.0064350567250317115
2026-01-01 05:00:00,650,2,1.0000447226445581,-120.00564136435037
2026-01-01 05:00:00,650,3,1.0000286842391792,119.99227262379931
2026-01-01 05:00:00,rg60,1,1.0374445808975823,-0.007758203160282479
2026-01-01 05:00:00,rg60,2,1.0312566233912035,-120.00692163672886
2026-01-01 05:00:00,rg60,3,1.0374682225219045,119.99063616621542
2026-01-01 05:00:00,633,1,1.0138096865203716,-1.5471480259438464
2026-01-01 05:00:00,633,2,1.0289023363507004,-120.96696210518074
2026-01-01 05:00:00,633,3,1.0113632361399112,118.70052690982259
2026-01-01 05:00:00,634,1,0.9988466014600739,-1.9601459493377231
2026-01-01 05:00:00,634,2,1.0172957326771954,-121.24841344628314
2026-01-01 05:00:00,634,3,0.9995501266054005,118.40911110632334
2026-01-01 05:00:00,671,1,0.9999789818809888,-3.1579591121626764
2026-01-01 05:00:00,671,2,1.0409762910815488,-121.16253672486003
2026-01-01 05:00:00,671,3,0.9958383272675724,117.73988047363837
2026-01-01 05:00:00,645,2,1.024388446297218,-121.05258373027428
2026-01-01 05:00:00,645,3,1.0117921635459748,118.71893503303274
2026-01-01 05:00:00,646,2,1.023317700547524,-121.09970229973511
2026-01-01 05:00:00,646,3,1.0105205218782032,118.74685893581989
2026-01-01 05:00:00,692,1,0.999978975768131,-3.1579591076091447
2026-01-01 05:00:00,692,2,1.0409762904080186,-121.16253689154821
2026-01-01 05:00:00,692,3,0.9958383226615347,117.73988042597573
2026-01-01 05:00:00,675,1,0.9961661053664647,-3.3521511631041614
2026-01-01 05:00:00,675,2,1.0429945155429647,-121.31072703623059
2026-01-01 05:00:00,675,3,0.9953325466957443,117.71910047966831
2026-01-01 05:00:00,611,3,0.9943834369446067,117.53084076573101
2026-01-01 05:00:00,652,1,0.9952198178820842,-3.1155169776576117
2026-01-01 05:00:00,670,1,1.0106484033146326,-2.0513670061843037
2026-01-01 05:00:00,670,2,1.0332165099401696,-121.01511724354674
2026-01-01 05:00:00,670,3,1.0064718978416212,118.3344534715478
2026-01-01 05:00:00,632,1,1.015690598115231,-1.5075722145403463
2026-01-01 05:00:00,632,2,1.030106880785646,-120.93912608609877
2026-01-01 05:00:00,632,3,1.0129959327743292,118.70262448047463
2026-01-01 05:00:00,680,1,1.0008253506623768,-3.065739245470707
2026-01-01 05:00:00,680,2,1.0412214017570867,-121.05525644880686
2026-01-01 05:00:00,680,3,0.9964148443215235,117.84245618724414
2026-01-01 05:00:00,684,1,0.9987239927596782,-3.1618732985414173
2026-01-01 05:00:00,684,3,0.9951035486577657,117.64909934887037
2026-01-01 06:00:00,sourcebus,1,1.0000205420166757,29.994915349928103
2026-01-01 06:00:00,sourcebus,2,1.0000406726177227,-90.00649749812146
2026-01-01 06:00:00,sourcebus,3,1.0000092515489512,149.99321003630124
2026-01-01 06:00:00,650,1,0.9999812116667732,-0.008028672245881517
2026-01-01 06:00:00,650,2,1.000024439782052,-120.00717995111154
2026-01-01 06:00:00,650,3,1.0000037823821386,119.99044383260512
2026-01-01 06:00:00,rg60,1,1.0436495217952264,-0.00963316655330058
2026-01-01 06:00:00,rg60,2,1.0312229144501248,-120.00874268893484
2026-01-01 06:00:00,rg60,3,1.03742480793108,119.98853035684098
2026-01-01 06:00:00,633,1,1.013944310648186,-1.8995334806097433
2026-01-01 06:00:00,633,2,1.0269294439019632,-121.23749279197638
2026-01-01 06:00:00,633,3,1.0035838510021473,118.38611998215919
2026-01-01 06:00:00,634,1,0.9967409108131059,-2.3868023670882117
2026-01-01 06:00:00,634,2,1.0136109249330831,-121.57267075552085
2026-01-01 06:00:00,634,3,0.9899460923632553,118.03494594730184
2026-01-01 06:00:00,671,1,0.9957433210829435,-3.8948363438480698
2026-01-01 06:00:00,671,2,1.0394595047205835,-121.57762214953874
2026-01-01 06:00:00,671,3,0.9820652110425899,117.1554096628134
2026-01-01 06:00:00,645,2,1.0216694631503094,-121.33567175007708
2026-01-01 06:00:00,645,3,1.0040954846503527,118.40892913760698
2026-01-01 06:00:00,646,2,1.0204309169452044,-121.3901402321064
2026-01-01 06:00:00,646,3,1.0026271725182152,118.44154488589498
2026-01-01 06:00:00,692,1,0.9957433139458604,-3.894836306951112
2026-01-01 06:00:00,692,2,1.0394595039384313,-121.57762231090899
2026-01-01 06:00:00,692,3,0.9820652056394994,117.15540963931429
2026-01-01 06:00:00,675,1,0.9910983617140597,-4.10729005337825
2026-01-01 06:00:00,675,2,1.0416016028339807,-121.73516295393561
2026-01-01 06:00:00,675,3,0.9811904744360102,117.14359316160589
2026-01-01 06:00:00,611,3,0.9799130466668061,116.93582849934502
2026-01-01 06:00:00,652,1,0.9902567658777268,-3.850288002092367
2026-01-01 06:00:00,670,1,1.0095134301625837,-2.5226176648722625
2026-01-01 06:00:00,670,2,1.0314150963386015,-121.33115885507033
2026-01-01 06:00:00,670,3,0.996753258164703,117.92391648939099
2026-01-01 06:00:00,632,1,1.016107762314021,-1.8527108331162419
2026-01-01 06:00:00,632,2,1.02831259646339,-121.20436089921228
2026-01-01 06:00:00,632,3,1.0054770589359399,118.39002787574202
2026-01-01 06:00:00,680,1,0.9961761840663232,-3.848696361057643
2026-01-01 06:00:00,680,2,1.0395778844986783,-121.5234601257083
2026-01-01 06:00:00,680,3,0.9823448824640829,117.20615196577309
2026-01-01 06:00:00,684,1,0.9943059812342999,-3.9041033138042667
2026-01-01 06:00:00,684,3,0.9809816321375323,117.0617475945118
2026-01-01 07:00:00,sourcebus,1,1.0000068361714864,29.99438301654295
2026-01-01 07:00:00,sourcebus,2,1.000026248118394,-90.0073596851251
2026-01-01 07:00:00,sourcebus,3,0.9999902008086032,149.99254841541122
2026-01-01 07:00:00,650,1,0.9999595715144646,-0.00875768882903235
2026-01-01 07:00:00,650,2,1.0000085958884586,-120.0081092656473
2026-01-01 07:00:00,650,3,0.9999803750432686,119.9892826481084
2026-01-01 07:00:00,rg60,1,1.0436159597692987,-0.010382918416283513
2026-01-01 07:00:00,rg60,2,1.031197405585855,-120.00976449387728
2026-01-01 07:00:00,rg60,3,1.0436354299903332,119.98727153564106
2026-01-01 07:00:00,633,1,1.0097562234244817,-2.0641527857668143
2026-01-01 07:00:00,633,2,1.0244134689931348,-121.38414737430173
2026-01-01 07:00:00,633,3,1.0032358690300798,118.17278804699664
2026-01-01 07:00:00,634,1,0.9901840444136384,-2.630008289990363
2026-01-01 07:00:00,634,2,1.0093318729588776,-121.77319244191133
2026-01-01 07:00:00,634,3,0.9878248698661535,117.76688109990693
2026-01-01 07:00:00,671,1,0.9887114625504696,-4.287257925522
2026-01-01 07:00:00,671,2,1.0371753459363582,-121.74221890247705
2026-01-01 07:00:00,671,3,0.9766884748999647,116.78252050870415
2026-01-01 07:00:00,645,2,1.0183998301748591,-121.49518778183653
2026-01-01 07:00:00,645,3,1.0038136850247419,118.19879912326176
2026-01-01 07:00:00,646,2,1.0169922079181881,-121.55735111578088
2026-01-01 07:00:00,646,3,1.002143581413571,118.23577859078978
2026-01-01 07:00:00,692,1,0.9887114546594518,-4.287257855935631
2026-01-01 07:00:00,692,2,1.0371753450448156,-121.74221905842697
2026-01-01 07:00:00,692,3,0.9766884687211914,116.7825205106332
2026-01-01 07:00:00,675,1,0.9834303740808227,-4.512335853864628
2026-01-01 07:00:00,675,2,1.0393975637624322,-121.90572356266307
2026-01-01 07:00:00,675,3,0.9754120076908724,116.77742506608286
2026-01-01 07:00:00,611,3,0.973860307993484,116.55263618085753
2026-01-01 07:00:00,652,1,0.982525466674779,-4.240414681467415
2026-01-01 07:00:00,670,1,1.0045946076775525,-2.7550908205346554
2026-01-01 07:00:00,670,2,1.0290089834910987,-121.48040530056261
2026-01-01 07:00:00,670,3,0.9947653025794266,117.65173583523566
2026-01-01 07:00:00,632,1,1.0122274772433242,-2.009773348459425
2026-01-01 07:00:00,632,2,1.0259762129673682,-121.34538089465394
2026-01-01 07:00:00,632,3,1.005379773676437,118.17764834952207
2026-01-01 07:00:00,680,1,0.9892320364425092,-4.231944164610768
2026-01-01 07:00:00,680,2,1.037317181586004,-121.67696308735087
2026-01-01 07:00:00,680,3,0.9770192188598921,116.84327692653844
2026-01-01 07:00:00,684,1,0.9871012086664838,-4.301680549003072
2026-01-01 07:00:00,684,3,0.9752661993131404,116.68593463081703
2026-01-01 08:00:00,sourcebus,1,0.9999957828214677,29.994007408267816
2026-01-01 08:00:00,sourcebus,2,1.000014219499912,-90.00793889542855
2026-01-01 08:00:00,sourcebus,3,0.9999755826269471,149.9921193851405
2026-01-01 08:00:00,650,1,0.9999424516397081,-0.009259078121878291
2026-01-01 08:00:00,650,2,0.999995361055559,-120.00877737362539
2026-01-01 08:00:00,650,3,0.9999618987113716,119.98854126430744
2026-01-01 08:00:00,rg60,1,1.0498382355262854,-0.010855413671472533
2026-01-01 08:00:00,rg60,2,1.0374260531530657,-120.01050645253856
2026-01-01 08:00:00,rg60,3,1.0498551272836976,119.9865322012679
2026-01-01 08:00:00,633,1,1.0119763458720776,-2.151122778943763
2026-01-01 08:00:00,633,2,1.02896720802713,-121.51602346029804
2026-01-01 08:00:00,633,3,1.0049366907234603,118.09153512029647
2026-01-01 08:00:00,634,1,0.9904384183650158,-2.7688890649809883
2026-01-01 08:00:00,634,2,1.0124066666681206,-121.93813620824582
2026-01-01 08:00:00,634,3,0.9879650435125067,117.6486356820842
2026-01-01 08:00:00,671,1,0.988177005917813,-4.523564016716317
2026-01-01 08:00:00,671,2,1.042196505669028,-121.9058309756597
2026-01-01 08:00:00,671,3,0.9749827828483509,116.64286473169231
2026-01-01 08:00:00,645,2,1.0223824755768176,-121.63782559271075
2026-01-01 08:00:00,645,3,1.0055664144424592,118.12005445049368
2026-01-01 08:00:00,646,2,1.0208338829799435,-121.70594609778529
2026-01-01 08:00:00,646,3,1.003730008469179,118.16079878129258
2026-01-01 08:00:00,692,1,0.9881769975131631,-4.5235639203889155
2026-01-01 08:00:00,692,2,1.0421965046958184,-121.90583112784904
2026-01-01 08:00:00,692,3,0.9749827762656066,116.6428647541742
2026-01-01 08:00:00,675,1,0.9824168330012722,-4.751580133118994
2026-01-01 08:00:00,675,2,1.0444492795471343,-122.07593665228035
2026-01-01 08:00:00,675,3,0.9735453885678875,116.64733458045076
2026-01-01 08:00:00,611,3,0.9716216467835899,116.4050441383994
2026-01-01 08:00:00,652,1,0.9814017901378067,-4.474830618639886
2026-01-01 08:00:00,670,1,1.0060196047909167,-2.886697585267283
2026-01-01 08:00:00,670,2,1.0337854084190015,-121.62309043700327
2026-01-01 08:00:00,670,3,0.9954099828084717,117.55325401109444
2026-01-01 08:00:00,632,1,1.0146937013895911,-2.0918378010914185
2026-01-01 08:00:00,632,2,1.030680957349037,-121.47417852179895
2026-01-01 08:00:00,632,3,1.007297493669287,118.09643221901712
2026-01-01 08:00:00,680,1,0.9887906474064286,-4.459282953508968
2026-01-01 08:00:00,680,2,1.0423649750849329,-121.82931543056245
2026-01-01 08:00:00,680,3,0.9753616073069352,116.7136035215558
2026-01-01 08:00:00,684,1,0.9864183126429337,-4.542050867073012
2026-01-01 08:00:00,684,3,0.9732939345308015,116.5441375605732
2026-01-01 09:00:00,sourcebus,1,0.9999897701979701,29.993876637178015
2026-01-01 09:00:00,sourcebus,2,1.0000057353923766,-90.00822854280825
2026-01-01 09:00:00,sourcebus,3,0.9999659330093896,149.99203180587463
2026-01-01 09:00:00,650,1,0.9999324748706357,-0.009334816835456415
2026-01-01 09:00:00,650,2,0.9999869090920791,-120.00912414061814
2026-01-01 09:00:00,650,3,0.9999487953388783,119.98823934722058
2026-01-01 09:00:00,rg60,1,1.04982380121844,-0.010822423520642966
2026-01-01 09:00:00,rg60,2,1.0374125450538931,-120.01086205183266
2026-01-01 09:00:00,rg60,3,1.0498351323299315,119.98628630071568
2026-01-01 09:00:00,633,1,1.0099457288196945,-2.1300173441785817
2026-01-01 09:00:00,633,2,1.0270460550365088,-121.59655059073846
2026-01-01 09:00:00,633,3,1.0022048764833367,118.0318363809185
2026-01-01 09:00:00,634,1,0.9876767352404827,-2.7260971372558034
2026-01-01 09:00:00,634,2,1.010091098941505,-121.98518007687174
2026-01-01 09:00:00,634,3,0.9848134931363912,117.62335141666375
2026-01-01 09:00:00,671,1,0.984457339319188,-4.565631581121544
2026-01-01 09:00:00,671,2,1.0398543162630796,-122.01918571116138
2026-01-01 09:00:00,671,3,0.9698189248465486,116.50941070611734
2026-01-01 09:00:00,645,2,1.019918649748652,-121.73320151026921
2026-01-01 09:00:00,645,3,1.002773191764351,118.0554919864434
2026-01-01 09:00:00,646,2,1.0182718248514289,-121.80584818821539
2026-01-01 09:00:00,646,3,1.000820348407986,118.09899764333024
2026-01-01 09:00:00,692,1,0.9844573305777516,-4.565631464652468
2026-01-01 09:00:00,692,2,1.039854315223208,-122.01918585999138
2026-01-01 09:00:00,692,3,0.9698189179926603,116.50941074425921
2026-01-01 09:00:00,675,1,0.978376174341588,-4.795460819654419
2026-01-01 09:00:00,675,2,1.0421120827192216,-122.1939495732528
2026-01-01 09:00:00,675,3,0.9682644820477385,116.52143029112982
2026-01-01 09:00:00,611,3,0.9660457800580541,116.2650967739077
2026-01-01 09:00:00,652,1,0.9772688653501747,-4.515684571103965
2026-01-01 09:00:00,670,1,1.003450845397862,-2.8867417651782223
2026-01-01 09:00:00,670,2,1.031708528301662,-121.71962551460585
2026-01-01 09:00:00,670,3,0.9918656729539992,117.46766972237333
2026-01-01 09:00:00,632,1,1.0127526658601878,-2.0726896081950112
2026-01-01 09:00:00,632,2,1.028776257751137,-121.55856426686846
2026-01-01 09:00:00,632,3,1.0046070683137773,118.03052177493264
2026-01-01 09:00:00,680,1,0.9851574908703894,-4.492190830568011
2026-01-01 09:00:00,680,2,1.0400462768429881,-121.93168527944384
2026-01-01 09:00:00,680,3,0.9702488386736787,116.59019179581561
2026-01-01 09:00:00,684,1,0.9825973705042151,-4.587367072728023
2026-01-01 09:00:00,684,3,0.96792305086846,116.4088261957285
2026-01-01 10:00:00,sourcebus,1,0.999985948442454,29.993329027223506
2026-01-01 10:00:00,sourcebus,2,0.9999938744577085,-90.0086437461411
2026-01-01 10:00:00,sourcebus,3,0.9999600931675353,149.99194931587584
2026-01-01 10:00:00,650,1,0.9999280387002807,-0.00967165777397252
2026-01-01 10:00:00,650,2,0.9999761520988848,-120.01004110648287
2026-01-01 10:00:00,650,3,0.9999362846404868,119.98806523667626
2026-01-01 10:00:00,rg60,1,1.056064125709224,-0.011115446547469834
2026-01-01 10:00:00,rg60,2,1.0373922644652254,-120.01205901067227
2026-01-01 10:00:00,rg60,3,1.05606754596368,119.98620014153182
2026-01-01 10:00:00,633,1,1.0121266718461666,-2.0014158767360186
2026-01-01 10:00:00,633,2,1.0240880833003312,-121.99324872470264
2026-01-01 10:00:00,633,3,1.009445373346091,118.10380688876897
2026-01-01 10:00:00,634,1,0.9895423830806656,-2.5515280614468336
2026-01-01 10:00:00,634,2,1.0069267514841729,-122.33418270342843
2026-01-01 10:00:00,634,3,0.9920257172656227,117.75273189888901
2026-01-01 10:00:00,671,1,0.9833842140982552,-4.451377047704773
2026-01-01 10:00:00,671,2,1.0360931517986645,-122.65518232132992
2026-01-01 10:00:00,671,3,0.9769789463918629,116.63005951404742
2026-01-01 10:00:00,645,2,1.0158305887582604,-122.18762954727761
2026-01-01 10:00:00,645,3,1.0102042856598437,118.12211075783992
2026-01-01 10:00:00,646,2,1.0141275823420006,-122.26428238766455
2026-01-01 10:00:00,646,3,1.0081733239180237,118.16720020101296
2026-01-01 10:00:00,692,1,0.9833842052465769,-4.451376917670253
2026-01-01 10:00:00,692,2,1.0360931507119613,-122.65518246767411
2026-01-01 10:00:00,692,3,0.9769789394796293,116.63005956203446
2026-01-01 10:00:00,675,1,0.9771692135761423,-4.677077892557042
2026-01-01 10:00:00,675,2,1.0383203150806575,-122.83188328860903
2026-01-01 10:00:00,675,3,0.9754277653799795,116.64715896504994
2026-01-01 10:00:00,611,3,0.9728755806853491,116.38966232365382
2026-01-01 10:00:00,652,1,0.9755207483634069,-4.423662421652436
2026-01-01 10:00:00,670,1,1.0045323454035873,-2.765156006287676
2026-01-01 10:00:00,670,2,1.0284746875788404,-122.2025874380923
2026-01-01 10:00:00,670,3,0.9990450557050566,117.55579559170842
2026-01-01 10:00:00,632,1,1.0149642262347334,-1.948989136401829
2026-01-01 10:00:00,632,2,1.0258252651956763,-121.9608453830725
2026-01-01 10:00:00,632,3,1.0118246732973342,118.09552593043773
2026-01-01 10:00:00,680,1,0.9841454439834062,-4.36948981449844
2026-01-01 10:00:00,680,2,1.0363263208363065,-122.5577900738218
2026-01-01 10:00:00,680,3,0.9774695932257738,116.72238714646464
2026-01-01 10:00:00,684,1,0.9810614003778114,-4.4983180782830585
2026-01-01 10:00:00,684,3,0.9748754920984372,116.53573723087011
2026-01-01 11:00:00,sourcebus,1,0.99998652728913,29.993478854855717
2026-01-01 11:00:00,sourcebus,2,0.9999914224854506,-90.00856125527167
2026-01-01 11:00:00,sourcebus,3,0.9999581388242178,149.992215870091
2026-01-01 11:00:00,650,1,0.9999276358649699,-0.0093165121302307
2026-01-01 11:00:00,650,2,0.999974988740654,-120.00997290646487
2026-01-01 11:00:00,650,3,0.9999324595992666,119.98829197574094
2026-01-01 11:00:00,rg60,1,1.0560653404092997,-0.010596278498514983
2026-01-01 11:00:00,rg60,2,1.0373902874749108,-120.01195292034683
2026-01-01 11:00:00,rg60,3,1.05606336352488,119.98653055555523
2026-01-01 11:00:00,633,1,1.0121438906341063,-1.8639795712585778
2026-01-01 11:00:00,633,2,1.022817934742034,-122.01354758276162
2026-01-01 11:00:00,633,3,1.009702896932545,118.13049366440505
2026-01-01 11:00:00,634,1,0.9897627580659462,-2.3590626410336175
2026-01-01 11:00:00,634,2,1.0059316119738342,-122.29791699354628
2026-01-01 11:00:00,634,3,0.9925892491756703,117.8385583666982
2026-01-01 11:00:00,671,1,0.9830679776469158,-4.246859508033997
2026-01-01 11:00:00,671,2,1.034116245953089,-122.69707115626538
2026-01-01 11:00:00,671,3,0.97707423922524,116.6541853887979
2026-01-01 11:00:00,645,2,1.0143188292319563,-122.21831422688811
2026-01-01 11:00:00,645,3,1.0103664600386704,118.14224896176282
2026-01-01 11:00:00,646,2,1.0125847393418344,-122.29663279287367
2026-01-01 11:00:00,646,3,1.008296879826088,118.18818661124324
2026-01-01 11:00:00,692,1,0.9830679688918385,-4.246859371242633
2026-01-01 11:00:00,692,2,1.0341162448427255,-122.69707130133573
2026-01-01 11:00:00,692,3,0.9770742323695248,116.65418544167088
2026-01-01 11:00:00,675,1,0.9768825314551757,-4.465765739057179
2026-01-01 11:00:00,675,2,1.0362946855593953,-122.87434392387497
2026-01-01 11:00:00,675,3,0.9755584255891395,116.67466958112094
2026-01-01 11:00:00,611,3,0.972835908070085,116.41181942092135
2026-01-01 11:00:00,652,1,0.9750607002413727,-4.218848410134558
2026-01-01 11:00:00,670,1,1.0043858185697911,-2.6096842706286885
2026-01-01 11:00:00,670,2,1.0269464308994174,-122.236496810382
2026-01-01 11:00:00,670,3,0.99922445632656,117.582622511334
2026-01-01 11:00:00,632,1,1.0149505424215808,-1.8167682723713383
2026-01-01 11:00:00,632,2,1.0245039696813523,-121.98739866711733
2026-01-01 11:00:00,632,3,1.012019860709077,118.11541253168926
2026-01-01 11:00:00,680,1,0.9839054897461337,-4.15580962807394
2026-01-01 11:00:00,680,2,1.0343760322695768,-122.58929399155394
2026-01-01 11:00:00,680,3,0.977624499554837,116.75705878746169
2026-01-01 11:00:00,684,1,0.9807095272320175,-4.294990140467946
2026-01-01 11:00:00,684,3,0.9749017320127661,116.55930940347636
2026-01-01 12:00:00,sourcebus,1,0.9999907821813497,29.99349163390346
2026-01-01 12:00:00,sourcebus,2,0.9999923982227091,-90.00853990881151
2026-01-01 12:00:00,sourcebus,3,0.9999608835469344,149.99239565191203
2026-01-01 12:00:00,650,1,0.999933095335739,-0.009106870642691094
2026-01-01 12:00:00,650,2,0.9999779013356519,-120.01004559119596
2026-01-01 12:00:00,650,3,0.999934471056759,119.98845518270657
2026-01-01 12:00:00,rg60,1,1.0560744931057842,-0.010333311339758008
2026-01-01 12:00:00,rg60,2,1.037393105978354,-120.01209571756179
2026-01-01 12:00:00,rg60,3,1.0560675371769954,119.98668141426438
2026-01-01 12:00:00,633,1,1.0132185233221707,-1.7240032627576223
2026-01-01 12:00:00,633,2,1.0219309038314839,-122.0738445236226
2026-01-01 12:00:00,633,3,1.0118235049152733,118.12586461630863
2026-01-01 12:00:00,634,1,0.991977621358221,-2.1333832147891747
2026-01-01 12:00:00,634,2,1.0060151322569855,-122.28012399132223
2026-01-01 12:00:00,634,3,0.9957434158426215,117.91537537984487
2026-01-01 12:00:00,671,1,0.9841717198254871,-4.023729304805075
2026-01-01 12:00:00,671,2,1.0318819951997769,-122.89416991544468
2026-01-01 12:00:00,671,3,0.9804981723568376,116.59152261374554
2026-01-01 12:00:00,645,2,1.0136406264327382,-122.27542884792072
2026-01-01 12:00:00,645,3,1.0123021891175927,118.12937088638311
2026-01-01 12:00:00,646,2,1.0119413217030153,-122.35240497301135
2026-01-01 12:00:00,646,3,1.010271983735871,118.1742968938595
2026-01-01 12:00:00,692,1,0.9841717115847118,-4.023729174834069
2026-01-01 12:00:00,692,2,1.0318819941087152,-122.89417006132585
2026-01-01 12:00:00,692,3,0.9804981658740153,116.59152266089318
2026-01-01 12:00:00,675,1,0.9783588916730274,-4.228491628069343
2026-01-01 12:00:00,675,2,1.0339603624232614,-123.0680253883482
2026-01-01 12:00:00,675,3,0.9791623169545488,116.61123249505007
2026-01-01 12:00:00,611,3,0.9763971361446272,116.35142820381883
2026-01-01 12:00:00,652,1,0.9763031929621996,-3.9962759809981585
2026-01-01 12:00:00,670,1,1.00532149581843,-2.4489567339577363
2026-01-01 12:00:00,670,2,1.0255704920152162,-122.35025080928015
2026-01-01 12:00:00,670,3,1.0017243251183583,117.56291818984694
2026-01-01 12:00:00,632,1,1.015874783061502,-1.684969051149776
2026-01-01 12:00:00,632,2,1.0234944680716613,-122.05613571151757
2026-01-01 12:00:00,632,3,1.0139753107443146,118.1035275741185
2026-01-01 12:00:00,680,1,0.9845829340804219,-3.978194673945869
2026-01-01 12:00:00,680,2,1.032014104707246,-122.840717182333
2026-01-01 12:00:00,680,3,0.9807793355176673,116.64326057621807
2026-01-01 12:00:00,684,1,0.9818482890166201,-4.070931637628785
2026-01-01 12:00:00,684,3,0.9783923670146023,116.49724843388539
2026-01-01 13:00:00,sourcebus,1,0.9999888420207008,29.99398523666543
2026-01-01 13:00:00,sourcebus,2,0.9999969731128611,-90.0081172696527
2026-01-01 13:00:00,sourcebus,3,0.9999611282769998,149.9925304826535
2026-01-01 13:00:00,650,1,0.9999300589508381,-0.008804785087713922
2026-01-01 13:00:00,650,2,0.9999802933820849,-120.00923261407763
2026-01-01 13:00:00,650,3,0.9999382037412947,119.98873413847059
2026-01-01 13:00:00,rg60,1,1.0560712053362808,-0.009974521727198668
2026-01-01 13:00:00,rg60,2,1.0374014297658485,-120.01098511950393
2026-01-01 13:00:00,rg60,3,1.0560727182942555,119.98706758421224
2026-01-01 13:00:00,633,1,1.0142016285665398,-1.8227650660424433
2026-01-01 13:00:00,633,2,1.0243549043794955,-121.77355851352452
2026-01-01 13:00:00,633,3,1.0100023812056989,118.21521321197388
2026-01-01 13:00:00,634,1,0.9933882014669939,-2.1686177178048744
2026-01-01 13:00:00,634,2,1.0089223534250122,-121.91585240146313
2026-01-01 13:00:00,634,3,0.9943434680398596,118.06878132059306
2026-01-01 13:00:00,671,1,0.9858918129296462,-4.171559830816068
2026-01-01 13:00:00,671,2,1.0353677875260852,-122.41997123494929
2026-01-01 13:00:00,671,3,0.977423758096362,116.70707904800801
2026-01-01 13:00:00,645,2,1.0165198504921902,-121.94785953628234
2026-01-01 13:00:00,645,3,1.0101387242787623,118.21104525727795
2026-01-01 13:00:00,646,2,1.0147959206603017,-122.02516002417696
2026-01-01 13:00:00,646,3,1.0080844226849253,118.25650864476691
2026-01-01 13:00:00,692,1,0.9858918042967927,-4.171559697595652
2026-01-01 13:00:00,692,2,1.0353677864274733,-122.41997138065523
2026-01-01 13:00:00,692,3,0.9774237517330654,116.70707909811854
2026-01-01 13:00:00,675,1,0.979750061929147,-4.381795719124616
2026-01-01 13:00:00,675,2,1.0374741328525023,-122.6026665245816
2026-01-01 13:00:00,675,3,0.9762525646264805,116.73658169924049
2026-01-01 13:00:00,611,3,0.9732947982374317,116.46225963075081
2026-01-01 13:00:00,652,1,0.9781290636589434,-4.132057999394008
2026-01-01 13:00:00,670,1,1.0064540341880817,-2.5686679478559493
2026-01-01 13:00:00,670,2,1.0283338252631986,-121.99838419854994
2026-01-01 13:00:00,670,3,0.9994667355841679,117.66247554834978
2026-01-01 13:00:00,632,1,1.0168011160523809,-1.7898770338724177
2026-01-01 13:00:00,632,2,1.0258456062839194,-121.76244340508771
2026-01-01 13:00:00,632,3,1.0120686535832792,118.18564653705101
2026-01-01 13:00:00,680,1,0.9863990378656701,-4.116717919817648
2026-01-01 13:00:00,680,2,1.0355197814302752,-122.35521998942964
2026-01-01 13:00:00,680,3,0.9777555520481312,116.76854030529051
2026-01-01 13:00:00,684,1,0.9837400982725394,-4.207456734847746
2026-01-01 13:00:00,684,3,0.9753270822811645,116.60900991512037
2026-01-01 14:00:00,sourcebus,1,0.9999829904295996,29.993908677994757
2026-01-01 14:00:00,sourcebus,2,0.9999926540859049,-90.0084063182456
2026-01-01 14:00:00,sourcebus,3,0.9999528313591309,149.992271625547
2026-01-01 14:00:00,650,1,0.9999201694984344,-0.00900827794434916
2026-01-01 14:00:00,650,2,0.9999750795641118,-120.00941200985517
2026-01-01 14:00:00,650,3,0.9999293508060209,119.98825148372245
2026-01-01 14:00:00,rg60,1,1.056056477168194,-0.01016653537650517
2026-01-01 14:00:00,rg60,2,1.0373938726760914,-120.01112095479176
2026-01-01 14:00:00,rg60,3,1.0560570382641898,119.98653475875366
2026-01-01 14:00:00,633,1,1.013379881915499,-1.8990213179261386
2026-01-01 14:00:00,633,2,1.0237768986294409,-121.72949828202287
2026-01-01 14:00:00,633,3,1.0066666025614845,118.10066917909549
2026-01-01 14:00:00,634,1,0.9923169375442308,-2.206285141286154
2026-01-01 14:00:00,634,2,1.008309302483616,-121.82600511883398
2026-01-01 14:00:00,634,3,0.990927641312796,118.00080042329309
2026-01-01 14:00:00,671,1,0.9846456624001487,-4.323407829766259
2026-01-01 14:00:00,671,2,1.0345837216919196,-122.33043941389532
2026-01-01 14:00:00,671,3,0.9714761855293413,116.4553994033459
2026-01-01 14:00:00,645,2,1.0155452767784579,-121.9157067776346
2026-01-01 14:00:00,645,3,1.0067266203078449,118.090826792305
2026-01-01 14:00:00,646,2,1.0137528874373631,-121.99582468520994
2026-01-01 14:00:00,646,3,1.004593647967763,118.13810864513609
2026-01-01 14:00:00,692,1,0.9846456530559161,-4.323407682815605
2026-01-01 14:00:00,692,2,1.03458372054931,-122.33043955742751
2026-01-01 14:00:00,692,3,0.9714761786273521,116.45539946414033
2026-01-01 14:00:00,675,1,0.9779618523104796,-4.551326005783981
2026-01-01 14:00:00,675,2,1.0368190248392322,-122.51835302447589
2026-01-01 14:00:00,675,3,0.9700312743208955,116.4882248008507
2026-01-01 14:00:00,611,3,0.9671075347256204,116.20244203592009
2026-01-01 14:00:00,652,1,0.9767939317613539,-4.271601372197952
2026-01-01 14:00:00,670,1,1.0055712180943182,-2.6708670119680717
2026-01-01 14:00:00,670,2,1.0276075374417741,-121.94034401211586
2026-01-01 14:00:00,670,3,0.9951619901619172,117.48850647683179
2026-01-01 14:00:00,632,1,1.0160091038847778,-1.8696919840375177
2026-01-01 14:00:00,632,2,1.025246843676848,-121.72334425666985
2026-01-01 14:00:00,632,3,1.0087247865709497,118.06439358565345
2026-01-01 14:00:00,680,1,0.9852444020995892,-4.259109746053586
2026-01-01 14:00:00,680,2,1.0347537691859312,-122.25461672644836
2026-01-01 14:00:00,680,3,0.971861113520675,116.52661183515467
2026-01-01 14:00:00,684,1,0.9826192783916481,-4.349971583649288
2026-01-01 14:00:00,684,3,0.9692797636223449,116.35248897437974
2026-01-01 15:00:00,sourcebus,1,0.9999719213441604,29.993420320579535
2026-01-01 15:00:00,sourcebus,2,0.9999850540455157,-90.00902193428405
2026-01-01 15:00:00,sourcebus,3,0.9999415736574193,149.99154748830827
2026-01-01 15:00:00,650,1,0.9999046650009176,-0.009891450108374321
2026-01-01 15:00:00,650,2,0.9999646405469718,-120.01003518884328
2026-01-01 15:00:00,650,3,0.9999170267316385,119.9872777154472
2026-01-01 15:00:00,rg60,1,1.0560299412815697,-0.011242715898603631
2026-01-01 15:00:00,rg60,2,1.0436272988175315,-120.0118143856332
2026-01-01 15:00:00,rg60,3,1.0622828897192982,119.98543648367323
2026-01-01 15:00:00,633,1,1.0100075006301894,-2.2068457457647774
2026-01-01 15:00:00,633,2,1.0306119990689664,-121.76145898679896
2026-01-01 15:00:00,633,3,1.0077321731957178,117.99450670676435
2026-01-01 15:00:00,634,1,0.98695294602225,-2.6203176941045148
2026-01-01 15:00:00,634,2,1.0136543183072844,-121.94604076603157
2026-01-01 15:00:00,634,3,0.9903756486368807,117.80129700738517
2026-01-01 15:00:00,671,1,0.9795493530743639,-4.889121392148203
2026-01-01 15:00:00,671,2,1.0429523980435522,-122.31796565477151
2026-01-01 15:00:00,671,3,0.9691084994547966,116.29215500214234
2026-01-01 15:00:00,645,2,1.0221138097892546,-121.94548637294163
2026-01-01 15:00:00,645,3,1.0079173421857943,117.99355649344156
2026-01-01 15:00:00,646,2,1.0202253265349772,-122.02900048258991
2026-01-01 15:00:00,646,3,1.005674572809137,118.0433582111463
2026-01-01 15:00:00,692,1,0.9795493428726407,-4.8891212277552984
2026-01-01 15:00:00,692,2,1.042952396856335,-122.31796579661082
2026-01-01 15:00:00,692,3,0.9691084919543594,116.29215507680325
2026-01-01 15:00:00,675,1,0.9722052133173347,-5.138196660474014
2026-01-01 15:00:00,675,2,1.0453382972818166,-122.51292705980204
2026-01-01 15:00:00,675,3,0.9673975082916296,116.32967286553918
2026-01-01 15:00:00,611,3,0.9644081500704927,116.03379709288328
2026-01-01 15:00:00,652,1,0.9713762201681875,-4.835830273513578
2026-01-01 15:00:00,670,1,1.0018295044847934,-3.0542727248507298
2026-01-01 15:00:00,670,2,1.035002698500411,-121.94859164812237
2026-01-01 15:00:00,670,3,0.9951328901304757,117.35832929230814
2026-01-01 15:00:00,632,1,1.0128996105092152,-2.16731039065217
2026-01-01 15:00:00,632,2,1.03224980175152,-121.74558157395859
2026-01-01 15:00:00,632,3,1.010034013816288,117.96490979133436
2026-01-01 15:00:00,680,1,0.980249762172506,-4.816234751519282
2026-01-01 15:00:00,680,2,1.043153325483456,-122.23014243897175
2026-01-01 15:00:00,680,3,0.9695298487988848,116.3731156335966
2026-01-01 15:00:00,684,1,0.9774451854756883,-4.917912942595996
2026-01-01 15:00:00,684,3,0.9667486220099271,116.18761226477766
2026-01-01 16:00:00,sourcebus,1,0.9999546065415748,29.992758411537174
2026-01-01 16:00:00,sourcebus,2,0.9999727992325043,-90.00990910480992
2026-01-01 16:00:00,sourcebus,3,0.9999233847084817,149.99052183865618
2026-01-01 16:00:00,650,1,0.9998797657308347,-0.01110779125780787
2026-01-01 16:00:00,650,2,0.9999480696145826,-120.01091924312352
2026-01-01 16:00:00,650,3,0.9998971956349558,119.98587256127202
2026-01-01 16:00:00,rg60,1,1.0622366543383974,-0.01266678601764862
2026-01-01 16:00:00,rg60,2,1.0436020010750822,-120.01278565218439
2026-01-01 16:00:00,rg60,3,1.06849554043709,119.9838735077471
2026-01-01 16:00:00,633,1,1.0110629710660126,-2.5617441134544685
2026-01-01 16:00:00,633,2,1.0303214186602798,-121.86591656569583
2026-01-01 16:00:00,633,3,1.006789278752359,117.82201088995029
2026-01-01 16:00:00,634,1,0.985441130341779,-3.102019064439892
2026-01-01 16:00:00,634,2,1.0112653495415498,-122.15673608737276
2026-01-01 16:00:00,634,3,0.9872693891443964,117.51716007326284
2026-01-01 16:00:00,671,1,0.977642637215152,-5.569911063874578
2026-01-01 16:00:00,671,2,1.0442329826087662,-122.40163473800892
2026-01-01 16:00:00,671,3,0.9631562365281936,116.00674188443868
2026-01-01 16:00:00,645,2,1.0213234664900999,-122.05300117900546
2026-01-01 16:00:00,645,3,1.0071435807614268,117.83073934781326
2026-01-01 16:00:00,646,2,1.0192983108100413,-122.14255103116461
2026-01-01 16:00:00,646,3,1.0047389578713835,117.8841130176444
2026-01-01 16:00:00,692,1,0.977642625869202,-5.569910871834544
2026-01-01 16:00:00,692,2,1.0442329813373992,-122.40163487585701
2026-01-01 16:00:00,692,3,0.9631562281757966,116.00674198139185
2026-01-01 16:00:00,675,1,0.9694116920075618,-5.843936917969836
2026-01-01 16:00:00,675,2,1.0467831141615471,-122.60631471021199
2026-01-01 16:00:00,675,3,0.9610486793808622,116.05108455613627
2026-01-01 16:00:00,611,3,0.957916519504258,115.73970143669534
2026-01-01 16:00:00,652,1,0.9689038110138414,-5.514544387242203
2026-01-01 16:00:00,670,1,1.0021439754774955,-3.504178752950532
2026-01-01 16:00:00,670,2,1.0352982124441645,-122.03667463150296
2026-01-01 16:00:00,670,3,0.9925848509904365,117.14206542210842
2026-01-01 16:00:00,632,1,1.0142864379963905,-2.5103658930498107
2026-01-01 16:00:00,632,2,1.032200979191727,-121.83874505128253
2026-01-01 16:00:00,632,3,1.009410173206181,117.80010716294504
2026-01-01 16:00:00,680,1,0.9784491802919656,-5.487855986860867
2026-01-01 16:00:00,680,2,1.0444531075123793,-122.30180404132976
2026-01-01 16:00:00,680,3,0.9636164272512775,116.09697453293131
2026-01-01 16:00:00,684,1,0.9753976996260157,-5.602562630733291
2026-01-01 16:00:00,684,3,0.9605290774399285,115.89977823843277
2026-01-01 17:00:00,sourcebus,1,0.9999387059373709,29.99215746964983
2026-01-01 17:00:00,sourcebus,2,0.9999618467331219,-90.01069124350069
2026-01-01 17:00:00,sourcebus,3,0.9999072200841584,149.9895847336573
2026-01-01 17:00:00,650,1,0.9998570797320308,-0.012227589047212734
2026-01-01 17:00:00,650,2,0.9999329351667994,-120.0117068956708
2026-01-01 17:00:00,650,3,0.9998798009354194,119.98462103896637
2026-01-01 17:00:00,rg60,1,1.0684464035690038,-0.013972098702992439
2026-01-01 17:00:00,rg60,2,1.0498279106589468,-120.0136579256271
2026-01-01 17:00:00,rg60,3,1.0684639931828068,119.98248374114044
2026-01-01 17:00:00,633,1,1.0126609767222894,-2.891762112125425
2026-01-01 17:00:00,633,2,1.0366589132241715,-121.93211298535833
2026-01-01 17:00:00,633,3,1.000049680450474,117.65001448137183
2026-01-01 17:00:00,634,1,0.9847006377291314,-3.5505003362096024
2026-01-01 17:00:00,634,2,1.015797780290284,-122.31920768654791
2026-01-01 17:00:00,634,3,0.9783890494959336,117.23340633158101
2026-01-01 17:00:00,671,1,0.9766676822174922,-6.195176440833263
2026-01-01 17:00:00,671,2,1.0521069452133274,-122.43859010340864
2026-01-01 17:00:00,671,3,0.9518835867534878,115.71686804603213
2026-01-01 17:00:00,645,2,1.0272518929854757,-122.11932139324125
2026-01-01 17:00:00,645,3,1.0005897247847853,117.66952009304357
2026-01-01 17:00:00,646,2,1.0250992378914303,-122.21312104850648
2026-01-01 17:00:00,646,3,0.9980451666485151,117.72683928404184
2026-01-01 17:00:00,692,1,0.9766676698297927,-6.195176224608613
2026-01-01 17:00:00,692,2,1.0521069438628832,-122.43859023792633
2026-01-01 17:00:00,692,3,0.9518835775797693,115.71686816408203
2026-01-01 17:00:00,675,1,0.9676361958293433,-6.492604956740863
2026-01-01 17:00:00,675,2,1.0548162731460462,-122.65108791794661
2026-01-01 17:00:00,675,3,0.9493798787124696,115.76687240665056
2026-01-01 17:00:00,611,3,0.9461847973836481,115.44199953612343
2026-01-01 17:00:00,652,1,0.9674261734143639,-6.138072953229392
2026-01-01 17:00:00,670,1,1.0031063103227442,-3.919092201860817
2026-01-01 17:00:00,670,2,1.0421930255050185,-122.08415656417874
2026-01-01 17:00:00,670,3,0.9844209903932847,116.92418667290258
2026-01-01 17:00:00,632,1,1.0161800590249634,-2.8287548577042636
2026-01-01 17:00:00,632,2,1.0387407902182766,-121.89509721095288
2026-01-01 17:00:00,632,3,1.0029954989181233,117.635671399789
2026-01-01 17:00:00,680,1,0.9775992929196984,-6.104104406905633
2026-01-01 17:00:00,680,2,1.0523455140545326,-122.32589729130451
2026-01-01 17:00:00,680,3,0.9523684079508736,115.81559203561645
2026-01-01 17:00:00,684,1,0.9742949034947228,-6.231280429502018
2026-01-01 17:00:00,684,3,0.949029239640882,115.60788435062769
2026-01-01 18:00:00,sourcebus,1,0.9999242434588334,29.99152790229321
2026-01-01 18:00:00,sourcebus,2,0.9999533103178447,-90.01215396914357
2026-01-01 18:00:00,sourcebus,3,0.9998831286291995,149.98824446595097
2026-01-01 18:00:00,650,1,0.9998296978650473,-0.01340174251991942
2026-01-01 18:00:00,650,2,0.9999233240644868,-120.01284747596851
2026-01-01 18:00:00,650,3,0.9998569578435107,119.98229910538272
2026-01-01 18:00:00,rg60,1,1.0746514335135469,-0.015349436776775697
2026-01-01 18:00:00,rg60,2,1.0498106729694519,-120.01492240370011
2026-01-01 18:00:00,rg60,3,1.0746655935124079,119.97960890073158
2026-01-01 18:00:00,633,1,1.0180120111171376,-3.1681529801977195
2026-01-01 18:00:00,633,2,1.0347219744332858,-121.90396078381657
2026-01-01 18:00:00,633,3,0.9972802817798667,117.04175726377686
2026-01-01 18:00:00,634,1,0.9883153696973532,-3.925027795425977
2026-01-01 18:00:00,634,2,1.0122507132355512,-122.3835130879209
2026-01-01 18:00:00,634,3,0.9739217050310228,116.52461823491784
2026-01-01 18:00:00,671,1,0.9822006406701531,-6.653472857216931
2026-01-01 18:00:00,671,2,1.0487100103631797,-122.40451009486371
2026-01-01 18:00:00,671,3,0.9434050608210908,114.47454710777967
2026-01-01 18:00:00,645,2,1.0256653542668275,-122.05341612719367
2026-01-01 18:00:00,645,3,0.9977453375200426,117.06870725284483
2026-01-01 18:00:00,646,2,1.023413735964429,-122.1504593740437
2026-01-01 18:00:00,646,3,0.995090609999046,117.12771202293453
2026-01-01 18:00:00,692,1,0.9822006275475719,-6.653472624628927
2026-01-01 18:00:00,692,2,1.0487100081359824,-122.4045102265085
2026-01-01 18:00:00,692,3,0.943405051115388,114.47454723371322
2026-01-01 18:00:00,675,1,0.9726671761923796,-6.951235754237076
2026-01-01 18:00:00,675,2,1.0509067572107595,-122.64206676883344
2026-01-01 18:00:00,675,3,0.9408055173800038,114.51709983446563
2026-01-01 18:00:00,611,3,0.936410561417556,114.1227786472055
2026-01-01 18:00:00,652,1,0.9730630953124705,-6.574589704381787
2026-01-01 18:00:00,670,1,1.0086968086424721,-4.247651827829441
2026-01-01 18:00:00,670,2,1.0398282675071469,-122.04527793921262
2026-01-01 18:00:00,670,3,0.9797378320516874,116.10798690861563
2026-01-01 18:00:00,632,1,1.021755579221242,-3.095625872553325
2026-01-01 18:00:00,632,2,1.036994195935499,-121.8572997708468
2026-01-01 18:00:00,632,3,1.0004906148961277,117.03517267412998
2026-01-01 18:00:00,680,1,0.9826759997276996,-6.606792514405857
2026-01-01 18:00:00,680,2,1.048809765962253,-122.3481417776267
2026-01-01 18:00:00,680,3,0.9436573765708859,114.52290267091128
2026-01-01 18:00:00,684,1,0.98024827165806,-6.671501266952242
2026-01-01 18:00:00,684,3,0.9399307147380014,114.32569864109017
2026-01-01 19:00:00,sourcebus,1,0.9999267201473538,29.99161961223218
2026-01-01 19:00:00,sourcebus,2,0.9999567591142149,-90.01209720000335
2026-01-01 19:00:00,sourcebus,3,0.9998855631192491,149.98827046672162
2026-01-01 19:00:00,650,1,0.9998327325495721,-0.01331548054906037
2026-01-01 19:00:00,650,2,0.9999272273753376,-120.01270928028268
2026-01-01 19:00:00,650,3,0.9998609378309267,119.98232362787678
2026-01-01 19:00:00,rg60,1,1.074656587941337,-0.015282343850027217
2026-01-01 19:00:00,rg60,2,1.049816825309023,-120.01476510260639
2026-01-01 19:00:00,rg60,3,1.0746711833611358,119.97957883260338
2026-01-01 19:00:00,633,1,1.0192770390954835,-3.1641326348240657
2026-01-01 19:00:00,633,2,1.0351076252814524,-121.8481695257073
2026-01-01 19:00:00,633,3,0.9977341065880732,117.00641880794569
2026-01-01 19:00:00,634,1,0.9893973778636914,-3.9733686881141788
2026-01-01 19:00:00,634,2,1.0123316961213837,-122.38339983889256
2026-01-01 19:00:00,634,3,0.9740596101764712,116.42932058595261
2026-01-01 19:00:00,671,1,0.9846249552197033,-6.603781479088934
2026-01-01 19:00:00,671,2,1.0492972650626964,-122.2874848674936
2026-01-01 19:00:00,671,3,0.9445367523918293,114.45058791739034
2026-01-01 19:00:00,645,2,1.0262879736782005,-121.98801438027718
2026-01-01 19:00:00,645,3,0.998299297238712,117.03985237954002
2026-01-01 19:00:00,646,2,1.0240671474509417,-122.0835071920308
2026-01-01 19:00:00,646,3,0.9956816960427289,117.09785351212207
2026-01-01 19:00:00,692,1,0.9846249423317482,-6.603781253761363
2026-01-01 19:00:00,692,2,1.0492972628557842,-122.28748500018575
2026-01-01 19:00:00,692,3,0.9445367426150757,114.45058803828456
2026-01-01 19:00:00,675,1,0.9753045590470681,-6.899985894009315
2026-01-01 19:00:00,675,2,1.0514996757210953,-122.51968612426475
2026-01-01 19:00:00,675,3,0.9418278901509861,114.48563889776962
2026-01-01 19:00:00,611,3,0.9376611678218643,114.10084143159867
2026-01-01 19:00:00,652,1,0.9756088711017213,-6.525563133292812
2026-01-01 19:00:00,670,1,1.010419928792861,-4.225961418161004
2026-01-01 19:00:00,670,2,1.0403086828635673,-121.96265551327848
2026-01-01 19:00:00,670,3,0.980444006268439,116.07513226959345
2026-01-01 19:00:00,632,1,1.0230475742007406,-3.0866104020739353
2026-01-01 19:00:00,632,2,1.037434436791775,-121.79556242051648
2026-01-01 19:00:00,632,3,1.0010113946229764,117.00678349336067
2026-01-01 19:00:00,680,1,0.9851969399573162,-6.5475672393617925
2026-01-01 19:00:00,680,2,1.0494138303786171,-122.21987173799452
2026-01-01 19:00:00,680,3,0.9448421445869003,114.50850007670263
2026-01-01 19:00:00,684,1,0.9827019862524017,-6.620993312059733
2026-01-01 19:00:00,684,3,0.9411213896649493,114.30233333994008
2026-01-01 20:00:00,sourcebus,1,0.9999485080173455,29.992453735389127
2026-01-01 20:00:00,sourcebus,2,0.9999776274921821,-90.0109283406926
2026-01-01 20:00:00,sourcebus,3,0.9999119494634028,149.98931762942973
2026-01-01 20:00:00,650,1,0.9998650773185587,-0.012063456020456867
2026-01-01 20:00:00,650,2,0.9999518060049315,-120.01140479617709
2026-01-01 20:00:00,650,3,0.999893090423742,119.9839478114289
2026-01-01 20:00:00,rg60,1,1.0747098584180064,-0.013937278483801148
2026-01-01 20:00:00,rg60,2,1.0498560734880045,-120.01332474246747
2026-01-01 20:00:00,rg60,3,1.0747260834741978,119.98130299610126
2026-01-01 20:00:00,633,1,1.026151595197225,-2.852780175730899
2026-01-01 20:00:00,633,2,1.0375537884436368,-121.63593455897023
2026-01-01 20:00:00,633,3,1.00688791865355,117.25853648025533
2026-01-01 20:00:00,634,1,0.9986997783508248,-3.62047569101327
2026-01-01 20:00:00,634,2,1.0163273453656865,-122.16456174381258
2026-01-01 20:00:00,634,3,0.9849831244122317,116.69647396290821
2026-01-01 20:00:00,671,1,0.9963203973296776,-5.892881796095213
2026-01-01 20:00:00,671,2,1.0513353232474498,-121.9818173461249
2026-01-01 20:00:00,671,3,0.960666545276126,114.96626891536818
2026-01-01 20:00:00,645,2,1.0298085395705128,-121.7537392758538
2026-01-01 20:00:00,645,3,1.007435367068727,117.29364022807039
2026-01-01 20:00:00,646,2,1.027803066333995,-121.83997872748814
2026-01-01 20:00:00,646,3,1.0050670107420965,117.34539726057913
2026-01-01 20:00:00,692,1,0.9963203858956544,-5.89288161629863
2026-01-01 20:00:00,692,2,1.0513353211760532,-121.9818174855571
2026-01-01 20:00:00,692,3,0.9606665364972563,114.96626900315204
2026-01-01 20:00:00,675,1,0.9881753502329991,-6.161438569937167
2026-01-01 20:00:00,675,2,1.0533895611646278,-122.19884872015011
2026-01-01 20:00:00,675,3,0.9583670770111022,114.98761983355575
2026-01-01 20:00:00,611,3,0.9545731757601859,114.6305286169629
2026-01-01 20:00:00,652,1,0.9881570455570051,-5.818234828248005
2026-01-01 20:00:00,670,1,1.0187168766542323,-3.7924821047359965
2026-01-01 20:00:00,670,2,1.0426572893585118,-121.7190203007589
2026-01-01 20:00:00,670,3,0.9919435723520127,116.42540150450758
2026-01-01 20:00:00,632,1,1.0296121426425968,-2.7795628060408006
2026-01-01 20:00:00,632,2,1.0397516597051286,-121.58368521897125
2026-01-01 20:00:00,632,3,1.009929289730893,117.26397024790265
2026-01-01 20:00:00,680,1,0.9969767970203739,-5.827062768878142
2026-01-01 20:00:00,680,2,1.0514715388337312,-121.90387921671463
2026-01-01 20:00:00,680,3,0.961040976423549,115.03452967583068
2026-01-01 20:00:00,684,1,0.9946115535540265,-5.904027859516301
2026-01-01 20:00:00,684,3,0.9576416843699155,114.8219296341075
2026-01-01 21:00:00,sourcebus,1,0.9999840020913084,29.993867784243417
2026-01-01 21:00:00,sourcebus,2,1.0000101149744989,-90.00890674345506
2026-01-01 21:00:00,sourcebus,3,0.9999551216476197,149.99118471394516
2026-01-01 21:00:00,650,1,0.9999184596444352,-0.00986492478453558
2026-01-01 21:00:00,650,2,0.999990144688795,-120.00921380414998
2026-01-01 21:00:00,650,3,0.9999445103315109,119.9868065657825
2026-01-01 21:00:00,rg60,1,1.0623009040580518,-0.011516612411912182
2026-01-01 21:00:00,rg60,2,1.0436678861058724,-120.01086707451816
2026-01-01 21:00:00,rg60,3,1.0623174401708526,119.9843924007694
2026-01-01 21:00:00,633,1,1.0248793252486164,-2.335061039372096
2026-01-01 21:00:00,633,2,1.03447480565789,-121.30044410872463
2026-01-01 21:00:00,633,3,1.0093020962772201,117.6356629779542
2026-01-01 21:00:00,634,1,1.0021722036209804,-2.9640684848445513
2026-01-01 21:00:00,634,2,1.016835028113556,-121.73454700187126
2026-01-01 21:00:00,634,3,0.9912046258918489,117.17922785611346
2026-01-01 21:00:00,671,1,1.0024082400269556,-4.775737113624691
2026-01-01 21:00:00,671,2,1.0466856582476043,-121.54558632472254
2026-01-01 21:00:00,671,3,0.9740841399702798,115.68504361587499
2026-01-01 21:00:00,645,2,1.0281930106028445,-121.39261260435488
2026-01-01 21:00:00,645,3,1.0097084018481022,117.66363555555546
2026-01-01 21:00:00,646,2,1.0265364650420468,-121.46411058852803
2026-01-01 21:00:00,646,3,1.0077495673789025,117.70618993832758
2026-01-01 21:00:00,692,1,1.0024082306584035,-4.775737000350869
2026-01-01 21:00:00,692,2,1.0466856563968447,-121.54558647443865
2026-01-01 21:00:00,692,3,0.9740841327925924,115.68504364995422
2026-01-01 21:00:00,675,1,0.9959625955835762,-5.0085517904197365
2026-01-01 21:00:00,675,2,1.0484993530596078,-121.74267810467136
2026-01-01 21:00:00,675,3,0.9725208925630421,115.68596840391177
2026-01-01 21:00:00,611,3,0.9693639691289017,115.37258158371499
2026-01-01 21:00:00,652,1,0.9956833334595478,-4.706019678586106
2026-01-01 21:00:00,670,1,1.0195193020795321,-3.0931821513715114
2026-01-01 21:00:00,670,2,1.038978122927765,-121.35570018679748
2026-01-01 21:00:00,670,3,0.9979532705534543,116.92474675341184
2026-01-01 21:00:00,632,1,1.0277382493362541,-2.2748655529883273
2026-01-01 21:00:00,632,2,1.0363032852055418,-121.25755475411528
2026-01-01 21:00:00,632,3,1.0118123052698311,117.63967773852592
2026-01-01 21:00:00,680,1,1.003133188193845,-4.7002860925197805
2026-01-01 21:00:00,680,2,1.0468437852798251,-121.45803867040362
2026-01-01 21:00:00,680,3,0.9745359912088098,115.76422545950656
2026-01-01 21:00:00,684,1,1.0010556778822808,-4.776958681460073
2026-01-01 21:00:00,684,3,0.9717456557892035,115.5475808343007
2026-01-01 22:00:00,sourcebus,1,1.0000178761529428,29.994801909444742
2026-01-01 22:00:00,sourcebus,2,1.0000358444537893,-90.00718339945941
2026-01-01 22:00:00,sourcebus,3,0.9999968515349741,149.99291764400684
2026-01-01 22:00:00,650,1,0.9999712145348564,-0.00805795809656203
2026-01-01 22:00:00,650,2,1.000022363974622,-120.00772408708738
2026-01-01 22:00:00,650,3,0.9999903327609282,119.98953168281722
2026-01-01 22:00:00,rg60,1,1.0498864029261052,-0.009548659880980796
2026-01-01 22:00:00,rg60,2,1.0374667386071854,-120.00936242366635
2026-01-01 22:00:00,rg60,3,1.0498997675034742,119.98738216045192
2026-01-01 22:00:00,633,1,1.0208905361066873,-1.7910076345766446
2026-01-01 22:00:00,633,2,1.0302572023268062,-121.25571431153931
2026-01-01 22:00:00,633,3,1.0131209250265347,118.07868405634024
2026-01-01 22:00:00,634,1,1.0028691669686134,-2.285544636699854
2026-01-01 22:00:00,634,2,1.0162114482732456,-121.59648263586742
2026-01-01 22:00:00,634,3,0.9988301097266581,117.72612145340074
2026-01-01 22:00:00,671,1,1.0039117529010577,-3.6731077342488354
2026-01-01 22:00:00,671,2,1.0405844933520314,-121.58258515422733
2026-01-01 22:00:00,671,3,0.9895891703705947,116.51908424184354
2026-01-01 22:00:00,645,2,1.0247929544596441,-121.35903688265493
2026-01-01 22:00:00,645,3,1.0136375647291698,118.10106703345505
2026-01-01 22:00:00,646,2,1.023492368144158,-121.4159888602571
2026-01-01 22:00:00,646,3,1.0120938695278936,118.13460181375997
2026-01-01 22:00:00,692,1,1.0039117455343984,-3.6731076864473224
2026-01-01 22:00:00,692,2,1.0405844917054106,-121.58258531381907
2026-01-01 22:00:00,692,3,0.9895891647699341,116.51908422526367
2026-01-01 22:00:00,675,1,0.9991365334434321,-3.872891925192078
2026-01-01 22:00:00,675,2,1.042147458186218,-121.75979990799735
2026-01-01 22:00:00,675,3,0.9887542013475563,116.4998031656233
2026-01-01 22:00:00,611,3,0.9861794238217525,116.23525927705141
2026-01-01 22:00:00,652,1,0.9983515224364096,-3.627213422432367
2026-01-01 22:00:00,670,1,1.0169601774310764,-2.3779719129623205
2026-01-01 22:00:00,670,2,1.0340498628572408,-121.34426955213944
2026-01-01 22:00:00,670,3,1.005585370088925,117.50762702951216
2026-01-01 22:00:00,632,1,1.0231549343755981,-1.7436178933261464
2026-01-01 22:00:00,632,2,1.0317153864465127,-121.22223192344413
2026-01-01 22:00:00,632,3,1.0151007908397147,118.0813474210156
2026-01-01 22:00:00,680,1,1.004683143879141,-3.5888251373414786
2026-01-01 22:00:00,680,2,1.0407828966620944,-121.48619376581904
2026-01-01 22:00:00,680,3,0.9901201282747171,116.61041732984351
2026-01-01 22:00:00,684,1,1.0026039751086213,-3.683264785927054
2026-01-01 22:00:00,684,3,0.9878708310523849,116.39410514931319
2026-01-01 23:00:00,sourcebus,1,1.0000339277053074,29.995805168670444
2026-01-01 23:00:00,sourcebus,2,1.00005291733122,-90.00548023586313
2026-01-01 23:00:00,sourcebus,3,1.0000239928644081,149.99422020590603
2026-01-01 23:00:00,650,1,0.9999997600884983,-0.006740588295366725
2026-01-01 23:00:00,650,2,1.000039504267678,-120.00594375242616
2026-01-01 23:00:00,650,3,1.0000214878319325,119.99186068670978
2026-01-01 23:00:00,rg60,1,1.043681545085115,-0.008085468515513635
2026-01-01 23:00:00,rg60,2,1.0374984019981186,-120.00726760612544
2026-01-01 23:00:00,rg60,3,1.043705954749099,119.99019030055105
2026-01-01 23:00:00,633,1,1.018223787718655,-1.6109331992528073
2026-01-01 23:00:00,633,2,1.0348521681839493,-121.01193048287794
2026-01-01 23:00:00,633,3,1.0155648170937446,118.66372083362208
2026-01-01 23:00:00,634,1,1.0024525943272857,-2.0361548373491107
2026-01-01 23:00:00,634,2,1.0226098625397253,-121.29960060576488
2026-01-01 23:00:00,634,3,1.0030836849737041,118.364881060288
2026-01-01 23:00:00,671,1,1.0032030486348762,-3.2950327393350585
2026-01-01 23:00:00,671,2,1.0473190234974652,-121.22167828311404
2026-01-01 23:00:00,671,3,0.9986195100391202,117.67204591607205
2026-01-01 23:00:00,645,2,1.0301413046997632,-121.10202678454553
2026-01-01 23:00:00,645,3,1.0160075437924638,118.68259842880249
2026-01-01 23:00:00,646,2,1.0290131488075553,-121.15136591323508
2026-01-01 23:00:00,646,3,1.0146683168066477,118.71193344787265
2026-01-01 23:00:00,692,1,1.0032030422434315,-3.295032724446023
2026-01-01 23:00:00,692,2,1.0473190227956188,-121.22167844863803
2026-01-01 23:00:00,692,3,0.9986195052196071,117.67204587595991
2026-01-01 23:00:00,675,1,0.9991451607968568,-3.4920988865662266
2026-01-01 23:00:00,675,2,1.049376803478566,-121.37277707783784
2026-01-01 23:00:00,675,3,0.9980271484043649,117.65450235409732
2026-01-01 23:00:00,611,3,0.9969739823294332,117.46043217950275
2026-01-01 23:00:00,652,1,0.9981995891303175,-3.2518233691941676
2026-01-01 23:00:00,670,1,1.0147359967611302,-2.1384858704799217
2026-01-01 23:00:00,670,2,1.0393232041128744,-121.06437321096708
2026-01-01 23:00:00,670,3,1.0102085880187692,118.28544848094153
2026-01-01 23:00:00,632,1,1.0202025775800279,-1.5703287358829532
2026-01-01 23:00:00,632,2,1.0361222645310004,-120.98365632842919
2026-01-01 23:00:00,632,3,1.017285387873164,118.66511021730511
2026-01-01 23:00:00,680,1,1.0040578295077431,-3.202993951717186
2026-01-01 23:00:00,680,2,1.0475669927748663,-121.11407066113537
2026-01-01 23:00:00,680,3,0.9991926478803143,117.77448654849053
2026-01-01 23:00:00,684,1,1.0018843622175728,-3.3004182738389707
2026-01-01 23:00:00,684,3,0.9977894244856613,117.58065163829892
